truck_id,month,trips_completed,total_miles,total_revenue,average_mpg,maintenance_events,maintenance_cost,downtime_hours,utilization_rate
TRK00001,2022-01-01,22,39269,84792.02,6.78,2,4380.98,1970-01-01 00:00:00.000000063,0.71
TRK00001,2022-02-01,27,40787,88809.05,6.23,0,0.0,1970-01-01 00:00:00.000000000,0.964
TRK00001,2022-03-01,34,57422,120453.71,6.49,0,0.0,1970-01-01 00:00:00.000000000,1.097
TRK00001,2022-04-01,20,34428,73531.28,6.5,2,3548.15,1970-01-01 00:00:00.000000071,0.667
TRK00001,2022-05-01,16,20851,40791.53,6.38,1,1969.42,1970-01-01 00:00:00.000000043,0.516
TRK00001,2022-06-01,31,47085,101659.37,6.46,0,0.0,1970-01-01 00:00:00.000000000,1.033
TRK00001,2022-07-01,28,38038,84143.99,6.54,0,0.0,1970-01-01 00:00:00.000000000,0.903
TRK00001,2022-08-01,27,35902,82253.78,6.3,1,382.57,1970-01-01 00:00:00.000000020,0.871
TRK00001,2022-09-01,24,40898,88581.76,6.56,1,3372.41,1970-01-01 00:00:00.000000046,0.8
TRK00001,2022-10-01,37,51364,108130.03,6.42,2,1744.63,1970-01-01 00:00:00.000000058,1.194
TRK00001,2022-11-01,27,40313,79626.57,6.45,1,2103.04,1970-01-01 00:00:00.000000025,0.9
TRK00001,2022-12-01,26,34882,71982.89,6.38,0,0.0,1970-01-01 00:00:00.000000000,0.839
TRK00001,2023-01-01,25,39588,84543.89,6.25,0,0.0,1970-01-01 00:00:00.000000000,0.806
TRK00001,2023-02-01,23,28620,57588.15,6.58,0,0.0,1970-01-01 00:00:00.000000000,0.821
TRK00001,2023-03-01,25,36717,81060.18,6.37,0,0.0,1970-01-01 00:00:00.000000000,0.806
TRK00001,2023-04-01,23,35740,78165.77,6.54,3,6275.59,1970-01-01 00:00:00.000000098,0.767
TRK00001,2023-05-01,28,34020,75571.8,6.46,0,0.0,1970-01-01 00:00:00.000000000,0.903
TRK00001,2023-06-01,31,39469,82425.94,6.56,0,0.0,1970-01-01 00:00:00.000000000,1.033
TRK00001,2023-07-01,23,32251,62874.89,6.22,3,7732.69,1970-01-01 00:00:00.000000108,0.742
TRK00001,2023-08-01,23,31928,63571.27,6.44,1,2777.43,1970-01-01 00:00:00.000000046,0.742
TRK00001,2023-09-01,24,37859,83909.21,6.46,1,3851.64,1970-01-01 00:00:00.000000003,0.8
TRK00001,2023-10-01,36,51677,110826.94,6.39,0,0.0,1970-01-01 00:00:00.000000000,1.161
TRK00001,2023-11-01,29,43564,97542.87,6.51,1,366.3,1970-01-01 00:00:00.000000027,0.967
TRK00001,2023-12-01,25,30017,63035.89,6.48,0,0.0,1970-01-01 00:00:00.000000000,0.806
TRK00001,2024-01-01,26,35600,73755.28,6.53,1,2770.74,1970-01-01 00:00:00.000000006,0.839
TRK00001,2024-02-01,19,31485,70451.49,6.45,0,0.0,1970-01-01 00:00:00.000000000,0.655
TRK00001,2024-03-01,34,47000,99668.63,6.4,0,0.0,1970-01-01 00:00:00.000000000,1.097
TRK00001,2024-04-01,27,28199,60914.8,6.79,0,0.0,1970-01-01 00:00:00.000000000,0.9
TRK00001,2024-05-01,31,47893,107913.09,6.64,0,0.0,1970-01-01 00:00:00.000000000,1.0
TRK00001,2024-06-01,21,26084,59538.47,6.62,0,0.0,1970-01-01 00:00:00.000000000,0.7
TRK00001,2024-07-01,27,29263,56683.34,6.53,0,0.0,1970-01-01 00:00:00.000000000,0.871
TRK00001,2024-08-01,26,35006,74743.74,6.49,1,434.75,1970-01-01 00:00:00.000000031,0.839
TRK00001,2024-09-01,25,35545,82185.36,6.69,1,4072.16,1970-01-01 00:00:00.000000013,0.833
TRK00001,2024-10-01,37,51146,106657.86,6.6,1,2643.09,1970-01-01 00:00:00.000000036,1.194
TRK00001,2024-11-01,20,33025,69796.7,6.59,0,0.0,1970-01-01 00:00:00.000000000,0.667
TRK00001,2024-12-01,24,33462,68156.63,6.51,1,3350.4,1970-01-01 00:00:00.000000012,0.774
TRK00002,2022-01-01,42,61156,130767.57,6.65,0,0.0,1970-01-01 00:00:00.000000000,1.355
TRK00002,2022-02-01,23,30647,69273.33,6.42,1,1613.25,1970-01-01 00:00:00.000000010,0.821
TRK00002,2022-03-01,22,33594,75977.97,6.44,1,2223.95,1970-01-01 00:00:00.000000046,0.71
TRK00002,2022-04-01,26,33536,66089.72,6.48,1,3728.02,1970-01-01 00:00:00.000000008,0.867
TRK00002,2022-05-01,21,32650,71220.61,6.41,3,7622.07,1970-01-01 00:00:00.000000089,0.677
TRK00002,2022-06-01,19,28286,63345.54,6.57,0,0.0,1970-01-01 00:00:00.000000000,0.633
TRK00002,2022-07-01,20,30834,59881.91,6.34,1,2000.87,1970-01-01 00:00:00.000000013,0.645
TRK00002,2022-08-01,36,41510,84492.83,6.57,0,0.0,1970-01-01 00:00:00.000000000,1.161
TRK00002,2022-09-01,22,28038,65368.34,6.54,0,0.0,1970-01-01 00:00:00.000000000,0.733
TRK00002,2022-10-01,27,39770,83855.05,6.6,0,0.0,1970-01-01 00:00:00.000000000,0.871
TRK00002,2022-11-01,24,36504,75385.02,6.47,0,0.0,1970-01-01 00:00:00.000000000,0.8
TRK00002,2022-12-01,22,30830,69982.18,6.57,0,0.0,1970-01-01 00:00:00.000000000,0.71
TRK00002,2023-01-01,34,56129,118397.72,6.46,0,0.0,1970-01-01 00:00:00.000000000,1.097
TRK00002,2023-02-01,25,35364,71911.69,6.53,0,0.0,1970-01-01 00:00:00.000000000,0.893
TRK00002,2023-03-01,21,26654,56009.13,6.63,2,731.97,1970-01-01 00:00:00.000000052,0.677
TRK00002,2023-04-01,32,52262,116550.1,6.46,1,980.82,1970-01-01 00:00:00.000000033,1.067
TRK00002,2023-05-01,17,20344,43464.45,6.31,1,2827.87,1970-01-01 00:00:00.000000014,0.548
TRK00002,2023-06-01,22,30900,62063.12,6.45,0,0.0,1970-01-01 00:00:00.000000000,0.733
TRK00002,2023-07-01,26,36539,72646.32,6.61,2,3702.81,1970-01-01 00:00:00.000000068,0.839
TRK00002,2023-08-01,24,30655,68059.97,6.31,2,6757.19,1970-01-01 00:00:00.000000084,0.774
TRK00002,2023-09-01,24,35441,76262.33,6.49,2,3151.84,1970-01-01 00:00:00.000000068,0.8
TRK00002,2023-10-01,24,28484,59974.85,6.34,1,1700.03,1970-01-01 00:00:00.000000027,0.774
TRK00002,2023-11-01,26,39962,89083.48,6.59,0,0.0,1970-01-01 00:00:00.000000000,0.867
TRK00002,2023-12-01,17,19618,44586.15,6.46,1,1781.39,1970-01-01 00:00:00.000000015,0.548
TRK00002,2024-01-01,24,38067,78469.8,6.37,0,0.0,1970-01-01 00:00:00.000000000,0.774
TRK00002,2024-02-01,23,35659,73738.14,6.37,0,0.0,1970-01-01 00:00:00.000000000,0.793
TRK00002,2024-03-01,24,34957,77231.58,6.48,0,0.0,1970-01-01 00:00:00.000000000,0.774
TRK00002,2024-04-01,28,35800,73440.4,6.68,1,2513.94,1970-01-01 00:00:00.000000015,0.933
TRK00002,2024-05-01,23,36048,75950.57,6.49,0,0.0,1970-01-01 00:00:00.000000000,0.742
TRK00002,2024-06-01,24,33994,73204.73,6.59,2,5552.68,1970-01-01 00:00:00.000000046,0.8
TRK00002,2024-07-01,26,31219,68058.08,6.66,1,1873.34,1970-01-01 00:00:00.000000003,0.839
TRK00002,2024-08-01,27,37770,78359.28,6.43,1,1203.86,1970-01-01 00:00:00.000000026,0.871
TRK00002,2024-09-01,21,33552,68864.64,6.49,1,857.26,1970-01-01 00:00:00.000000031,0.7
TRK00002,2024-10-01,27,43121,92349.64,6.62,1,651.78,1970-01-01 00:00:00.000000005,0.871
TRK00002,2024-11-01,26,40747,89458.61,6.3,0,0.0,1970-01-01 00:00:00.000000000,0.867
TRK00002,2024-12-01,18,29931,68587.01,6.55,1,3394.1,1970-01-01 00:00:00.000000005,0.581
TRK00004,2022-01-01,28,37927,83370.5,6.48,1,3343.56,1970-01-01 00:00:00.000000026,0.903
TRK00004,2022-02-01,22,33460,68948.67,6.47,0,0.0,1970-01-01 00:00:00.000000000,0.786
TRK00004,2022-03-01,25,36185,73593.26,6.52,0,0.0,1970-01-01 00:00:00.000000000,0.806
TRK00004,2022-04-01,26,41107,85010.17,6.53,2,1334.9,1970-01-01 00:00:00.000000037,0.867
TRK00004,2022-05-01,33,49633,112198.71,6.56,0,0.0,1970-01-01 00:00:00.000000000,1.065
TRK00004,2022-06-01,27,41404,89945.6,6.69,0,0.0,1970-01-01 00:00:00.000000000,0.9
TRK00004,2022-07-01,17,26110,55064.82,6.51,1,572.32,1970-01-01 00:00:00.000000021,0.548
TRK00004,2022-08-01,31,32082,69905.4,6.49,2,6535.65,1970-01-01 00:00:00.000000025,1.0
TRK00004,2022-09-01,30,47748,101681.36,6.35,1,2480.51,1970-01-01 00:00:00.000000027,1.0
TRK00004,2022-10-01,28,40297,90604.82,6.63,0,0.0,1970-01-01 00:00:00.000000000,0.903
TRK00004,2022-11-01,25,40466,92500.96,6.48,2,3289.81,1970-01-01 00:00:00.000000039,0.833
TRK00004,2022-12-01,33,46900,96975.93,6.5,1,1650.3,1970-01-01 00:00:00.000000043,1.065
TRK00004,2023-01-01,28,34858,73531.53,6.36,0,0.0,1970-01-01 00:00:00.000000000,0.903
TRK00004,2023-02-01,21,31283,74902.06,6.45,0,0.0,1970-01-01 00:00:00.000000000,0.75
TRK00004,2023-03-01,26,39411,81925.77,6.63,1,428.91,1970-01-01 00:00:00.000000046,0.839
TRK00004,2023-04-01,25,25716,53697.34,6.62,1,2456.24,1970-01-01 00:00:00.000000024,0.833
TRK00004,2023-05-01,32,57422,119488.44,6.6,0,0.0,1970-01-01 00:00:00.000000000,1.032
TRK00004,2023-06-01,21,27965,60210.6,6.66,1,2416.12,1970-01-01 00:00:00.000000003,0.7
TRK00004,2023-07-01,18,31344,66184.76,6.45,0,0.0,1970-01-01 00:00:00.000000000,0.581
TRK00004,2023-08-01,24,37373,79622.51,6.42,0,0.0,1970-01-01 00:00:00.000000000,0.774
TRK00004,2023-09-01,29,40920,83425.25,6.4,0,0.0,1970-01-01 00:00:00.000000000,0.967
TRK00004,2023-10-01,21,31620,62674.82,6.37,2,4222.98,1970-01-01 00:00:00.000000047,0.677
TRK00004,2023-11-01,25,41778,90194.95,6.64,0,0.0,1970-01-01 00:00:00.000000000,0.833
TRK00004,2023-12-01,33,35696,74330.29,6.47,0,0.0,1970-01-01 00:00:00.000000000,1.065
TRK00004,2024-01-01,27,38413,86241.35,6.42,1,1665.55,1970-01-01 00:00:00.000000007,0.871
TRK00004,2024-02-01,25,35218,78506.22,6.35,0,0.0,1970-01-01 00:00:00.000000000,0.862
TRK00004,2024-03-01,28,33520,66860.27,6.51,0,0.0,1970-01-01 00:00:00.000000000,0.903
TRK00004,2024-04-01,25,33327,70535.88,6.47,1,716.3,1970-01-01 00:00:00.000000038,0.833
TRK00004,2024-05-01,25,28116,65294.04,6.35,0,0.0,1970-01-01 00:00:00.000000000,0.806
TRK00004,2024-06-01,25,33367,71651.92,6.6,1,3278.64,1970-01-01 00:00:00.000000037,0.833
TRK00004,2024-07-01,25,26675,56318.75,6.37,2,842.36,1970-01-01 00:00:00.000000015,0.806
TRK00004,2024-08-01,37,50168,105034.44,6.56,1,2791.17,1970-01-01 00:00:00.000000019,1.194
TRK00004,2024-09-01,23,35262,78224.24,6.56,0,0.0,1970-01-01 00:00:00.000000000,0.767
TRK00004,2024-10-01,19,30988,63573.36,6.5,1,536.5,1970-01-01 00:00:00.000000022,0.613
TRK00004,2024-11-01,22,31761,72145.31,6.41,0,0.0,1970-01-01 00:00:00.000000000,0.733
TRK00004,2024-12-01,20,24027,49227.83,6.57,0,0.0,1970-01-01 00:00:00.000000000,0.645
TRK00006,2022-01-01,26,32968,69722.75,6.5,4,6221.44,1970-01-01 00:00:00.000000080,0.839
TRK00006,2022-02-01,21,25620,53766.43,6.37,1,4054.27,1970-01-01 00:00:00.000000036,0.75
TRK00006,2022-03-01,15,20953,44381.54,6.44,1,1555.95,1970-01-01 00:00:00.000000006,0.484
TRK00006,2022-04-01,16,23317,53382.61,6.8,0,0.0,1970-01-01 00:00:00.000000000,0.533
TRK00006,2022-05-01,33,49198,108100.61,6.51,0,0.0,1970-01-01 00:00:00.000000000,1.065
TRK00006,2022-06-01,23,35677,82074.57,6.53,1,2078.65,1970-01-01 00:00:00.000000013,0.767
TRK00006,2022-07-01,20,26408,56440.41,6.39,1,1402.01,1970-01-01 00:00:00.000000035,0.645
TRK00006,2022-08-01,28,35358,76355.54,6.49,0,0.0,1970-01-01 00:00:00.000000000,0.903
TRK00006,2022-09-01,27,34740,72173.7,6.45,1,1757.36,1970-01-01 00:00:00.000000015,0.9
TRK00006,2022-10-01,17,28172,66103.77,6.58,1,483.94,1970-01-01 00:00:00.000000031,0.548
TRK00006,2022-11-01,31,38048,84779.36,6.36,0,0.0,1970-01-01 00:00:00.000000000,1.033
TRK00006,2022-12-01,22,34618,80719.68,6.48,3,6105.66,1970-01-01 00:00:00.000000078,0.71
TRK00006,2023-01-01,23,38492,80052.28,6.42,0,0.0,1970-01-01 00:00:00.000000000,0.742
TRK00006,2023-02-01,27,45731,101620.27,6.48,2,2811.62,1970-01-01 00:00:00.000000027,0.964
TRK00006,2023-03-01,22,40334,76866.06,6.49,0,0.0,1970-01-01 00:00:00.000000000,0.71
TRK00006,2023-04-01,30,43599,92722.74,6.42,1,1872.47,1970-01-01 00:00:00.000000012,1.0
TRK00006,2023-05-01,20,32047,71277.54,6.67,0,0.0,1970-01-01 00:00:00.000000000,0.645
TRK00006,2023-06-01,22,34836,71505.88,6.54,1,1264.1,1970-01-01 00:00:00.000000018,0.733
TRK00006,2023-07-01,23,30071,65676.25,6.48,1,3364.26,1970-01-01 00:00:00.000000041,0.742
TRK00006,2023-08-01,21,29882,64928.6,6.51,1,937.85,1970-01-01 00:00:00.000000006,0.677
TRK00006,2023-09-01,27,42816,96708.23,6.27,1,3295.74,1970-01-01 00:00:00.000000008,0.9
TRK00006,2023-10-01,24,36531,72574.13,6.47,1,3946.26,1970-01-01 00:00:00.000000037,0.774
TRK00006,2023-11-01,30,39026,86738.25,6.51,0,0.0,1970-01-01 00:00:00.000000000,1.0
TRK00006,2023-12-01,33,44366,91451.34,6.44,0,0.0,1970-01-01 00:00:00.000000000,1.065
TRK00006,2024-01-01,20,31382,69885.62,6.59,0,0.0,1970-01-01 00:00:00.000000000,0.645
TRK00006,2024-02-01,23,34302,77425.85,6.52,0,0.0,1970-01-01 00:00:00.000000000,0.793
TRK00006,2024-03-01,32,44664,104520.82,6.42,0,0.0,1970-01-01 00:00:00.000000000,1.032
TRK00006,2024-04-01,25,27149,57040.26,6.63,0,0.0,1970-01-01 00:00:00.000000000,0.833
TRK00006,2024-05-01,27,39251,84605.04,6.41,1,1457.33,1970-01-01 00:00:00.000000004,0.871
TRK00006,2024-06-01,25,44357,92983.27,6.3,0,0.0,1970-01-01 00:00:00.000000000,0.833
TRK00006,2024-07-01,21,32438,66606.42,6.54,0,0.0,1970-01-01 00:00:00.000000000,0.677
TRK00006,2024-08-01,23,37379,80775.96,6.61,1,578.57,1970-01-01 00:00:00.000000045,0.742
TRK00006,2024-09-01,29,50000,113772.05,6.57,0,0.0,1970-01-01 00:00:00.000000000,0.967
TRK00006,2024-10-01,30,38755,89536.9,6.41,3,7593.35,1970-01-01 00:00:00.000000087,0.968
TRK00006,2024-11-01,18,21162,43025.32,6.49,0,0.0,1970-01-01 00:00:00.000000000,0.6
TRK00006,2024-12-01,24,34904,78246.5,6.39,0,0.0,1970-01-01 00:00:00.000000000,0.774
TRK00007,2022-01-01,24,31441,72815.99,6.37,0,0.0,1970-01-01 00:00:00.000000000,0.774
TRK00007,2022-02-01,24,32029,67176.42,6.59,0,0.0,1970-01-01 00:00:00.000000000,0.857
TRK00007,2022-03-01,30,44195,100749.6,6.55,0,0.0,1970-01-01 00:00:00.000000000,0.968
TRK00007,2022-04-01,24,32654,80247.14,6.4,0,0.0,1970-01-01 00:00:00.000000000,0.8
TRK00007,2022-05-01,23,26257,59988.68,6.49,0,0.0,1970-01-01 00:00:00.000000000,0.742
TRK00007,2022-06-01,28,34816,76339.3,6.57,0,0.0,1970-01-01 00:00:00.000000000,0.933
TRK00007,2022-07-01,33,42964,90528.79,6.57,1,865.08,1970-01-01 00:00:00.000000017,1.065
TRK00007,2022-08-01,24,37571,85586.75,6.57,0,0.0,1970-01-01 00:00:00.000000000,0.774
TRK00007,2022-09-01,19,24920,47404.44,6.46,1,1664.4,1970-01-01 00:00:00.000000007,0.633
TRK00007,2022-10-01,32,51329,111614.78,6.46,0,0.0,1970-01-01 00:00:00.000000000,1.032
TRK00007,2022-11-01,27,35960,70877.15,6.38,0,0.0,1970-01-01 00:00:00.000000000,0.9
TRK00007,2022-12-01,27,39157,85623.25,6.38,1,4284.14,1970-01-01 00:00:00.000000045,0.871
TRK00007,2023-01-01,31,44541,93264.96,6.54,0,0.0,1970-01-01 00:00:00.000000000,1.0
TRK00007,2023-02-01,30,44673,96624.76,6.29,1,1739.69,1970-01-01 00:00:00.000000008,1.071
TRK00007,2023-03-01,25,39316,86998.11,6.59,0,0.0,1970-01-01 00:00:00.000000000,0.806
TRK00007,2023-04-01,24,35219,68362.44,6.25,1,473.43,1970-01-01 00:00:00.000000014,0.8
TRK00007,2023-05-01,25,32763,69506.33,6.68,1,654.5,1970-01-01 00:00:00.000000013,0.806
TRK00007,2023-06-01,24,38901,80901.03,6.47,1,1217.74,1970-01-01 00:00:00.000000022,0.8
TRK00007,2023-07-01,18,24228,52781.78,6.38,0,0.0,1970-01-01 00:00:00.000000000,0.581
TRK00007,2023-08-01,21,23573,49212.34,6.6,2,1966.49,1970-01-01 00:00:00.000000020,0.677
TRK00007,2023-09-01,32,45673,96105.15,6.7,0,0.0,1970-01-01 00:00:00.000000000,1.067
TRK00007,2023-10-01,29,47774,105125.75,6.38,1,1207.5,1970-01-01 00:00:00.000000017,0.935
TRK00007,2023-11-01,34,48869,102079.99,6.33,1,3245.98,1970-01-01 00:00:00.000000041,1.133
TRK00007,2023-12-01,28,46839,108377.14,6.52,1,1247.42,1970-01-01 00:00:00.000000009,0.903
TRK00007,2024-01-01,31,45151,107665.56,6.65,1,617.21,1970-01-01 00:00:00.000000007,1.0
TRK00007,2024-02-01,19,28773,58749.21,6.42,0,0.0,1970-01-01 00:00:00.000000000,0.655
TRK00007,2024-03-01,27,37631,82424.54,6.58,1,1736.08,1970-01-01 00:00:00.000000041,0.871
TRK00007,2024-04-01,18,28653,63881.21,6.31,1,662.53,1970-01-01 00:00:00.000000020,0.6
TRK00007,2024-05-01,28,43974,96997.47,6.5,1,719.66,1970-01-01 00:00:00.000000013,0.903
TRK00007,2024-06-01,18,31709,62598.43,6.43,1,611.22,1970-01-01 00:00:00.000000021,0.6
TRK00007,2024-07-01,21,29032,63842.15,6.47,0,0.0,1970-01-01 00:00:00.000000000,0.677
TRK00007,2024-08-01,26,43140,88994.97,6.51,2,1727.9,1970-01-01 00:00:00.000000051,0.839
TRK00007,2024-09-01,26,35666,72500.33,6.41,0,0.0,1970-01-01 00:00:00.000000000,0.867
TRK00007,2024-10-01,24,36665,82396.02,6.51,0,0.0,1970-01-01 00:00:00.000000000,0.774
TRK00007,2024-11-01,30,46517,95552.72,6.54,1,1228.0,1970-01-01 00:00:00.000000042,1.0
TRK00007,2024-12-01,18,24163,53853.49,6.64,0,0.0,1970-01-01 00:00:00.000000000,0.581
TRK00008,2022-01-01,33,47016,99447.9,6.55,1,2666.62,1970-01-01 00:00:00.000000028,1.065
TRK00008,2022-02-01,23,29817,69273.48,6.5,0,0.0,1970-01-01 00:00:00.000000000,0.821
TRK00008,2022-03-01,19,24770,52802.05,6.37,0,0.0,1970-01-01 00:00:00.000000000,0.613
TRK00008,2022-04-01,21,35478,75170.64,6.69,0,0.0,1970-01-01 00:00:00.000000000,0.7
TRK00008,2022-05-01,23,35227,76789.0,6.4,0,0.0,1970-01-01 00:00:00.000000000,0.742
TRK00008,2022-06-01,20,31748,66644.55,6.59,0,0.0,1970-01-01 00:00:00.000000000,0.667
TRK00008,2022-07-01,26,32607,70606.55,6.32,2,3309.35,1970-01-01 00:00:00.000000035,0.839
TRK00008,2022-08-01,23,39402,74585.84,6.54,0,0.0,1970-01-01 00:00:00.000000000,0.742
TRK00008,2022-09-01,22,27785,58347.37,6.44,1,1117.13,1970-01-01 00:00:00.000000024,0.733
TRK00008,2022-10-01,25,32656,70477.04,6.45,1,2990.13,1970-01-01 00:00:00.000000032,0.806
TRK00008,2022-11-01,25,39718,83145.86,6.42,0,0.0,1970-01-01 00:00:00.000000000,0.833
TRK00008,2022-12-01,28,41397,90616.23,6.49,1,2855.47,1970-01-01 00:00:00.000000005,0.903
TRK00008,2023-01-01,26,50049,107246.98,6.48,1,2021.39,1970-01-01 00:00:00.000000022,0.839
TRK00008,2023-02-01,16,29056,67901.66,6.63,0,0.0,1970-01-01 00:00:00.000000000,0.571
TRK00008,2023-03-01,23,35417,80533.68,6.68,0,0.0,1970-01-01 00:00:00.000000000,0.742
TRK00008,2023-04-01,24,31654,70642.04,6.4,0,0.0,1970-01-01 00:00:00.000000000,0.8
TRK00008,2023-05-01,27,37121,82377.85,6.46,1,588.15,1970-01-01 00:00:00.000000016,0.871
TRK00008,2023-06-01,27,44623,102440.55,6.46,1,236.59,1970-01-01 00:00:00.000000040,0.9
TRK00008,2023-07-01,38,51102,104974.38,6.39,0,0.0,1970-01-01 00:00:00.000000000,1.226
TRK00008,2023-08-01,18,28765,61436.44,6.62,0,0.0,1970-01-01 00:00:00.000000000,0.581
TRK00008,2023-09-01,27,41321,88348.75,6.42,1,2171.9,1970-01-01 00:00:00.000000005,0.9
TRK00008,2023-10-01,20,25114,50814.91,6.82,1,285.46,1970-01-01 00:00:00.000000015,0.645
TRK00008,2023-11-01,22,29602,65322.04,6.76,0,0.0,1970-01-01 00:00:00.000000000,0.733
TRK00008,2023-12-01,32,47310,102444.34,6.5,1,1869.38,1970-01-01 00:00:00.000000019,1.032
TRK00008,2024-01-01,19,28692,61154.9,6.29,1,2746.93,1970-01-01 00:00:00.000000028,0.613
TRK00008,2024-02-01,28,41234,90584.03,6.49,0,0.0,1970-01-01 00:00:00.000000000,0.966
TRK00008,2024-03-01,23,38593,80547.55,6.6,1,1236.73,1970-01-01 00:00:00.000000045,0.742
TRK00008,2024-04-01,37,55780,123352.33,6.53,0,0.0,1970-01-01 00:00:00.000000000,1.233
TRK00008,2024-05-01,18,25374,60337.94,6.63,1,1130.43,1970-01-01 00:00:00.000000042,0.581
TRK00008,2024-06-01,25,38539,78848.2,6.3,0,0.0,1970-01-01 00:00:00.000000000,0.833
TRK00008,2024-07-01,22,27748,57125.62,6.68,0,0.0,1970-01-01 00:00:00.000000000,0.71
TRK00008,2024-08-01,31,39308,76993.5,6.44,1,2023.23,1970-01-01 00:00:00.000000036,1.0
TRK00008,2024-09-01,25,28417,59820.72,6.64,2,4430.8,1970-01-01 00:00:00.000000053,0.833
TRK00008,2024-10-01,29,40190,83653.84,6.4,1,1345.05,1970-01-01 00:00:00.000000031,0.935
TRK00008,2024-11-01,32,37663,81346.69,6.63,0,0.0,1970-01-01 00:00:00.000000000,1.067
TRK00008,2024-12-01,17,26117,54433.57,6.36,0,0.0,1970-01-01 00:00:00.000000000,0.548
TRK00009,2022-01-01,29,46935,104341.01,6.44,0,0.0,1970-01-01 00:00:00.000000000,0.935
TRK00009,2022-02-01,18,23426,45953.42,6.54,0,0.0,1970-01-01 00:00:00.000000000,0.643
TRK00009,2022-03-01,29,38569,80956.04,6.69,0,0.0,1970-01-01 00:00:00.000000000,0.935
TRK00009,2022-04-01,24,28835,59187.06,6.64,1,2410.51,1970-01-01 00:00:00.000000013,0.8
TRK00009,2022-05-01,19,21942,52122.29,6.26,1,390.52,1970-01-01 00:00:00.000000032,0.613
TRK00009,2022-06-01,30,41563,83155.09,6.61,1,2102.84,1970-01-01 00:00:00.000000042,1.0
TRK00009,2022-07-01,26,35581,70934.75,6.56,0,0.0,1970-01-01 00:00:00.000000000,0.839
TRK00009,2022-08-01,25,33859,74148.11,6.44,0,0.0,1970-01-01 00:00:00.000000000,0.806
TRK00009,2022-09-01,25,38336,84215.92,6.36,1,782.55,1970-01-01 00:00:00.000000044,0.833
TRK00009,2022-10-01,34,44397,98216.78,6.54,0,0.0,1970-01-01 00:00:00.000000000,1.097
TRK00009,2022-11-01,29,47194,103861.25,6.37,1,1239.4,1970-01-01 00:00:00.000000042,0.967
TRK00009,2022-12-01,19,33735,74032.61,6.58,0,0.0,1970-01-01 00:00:00.000000000,0.613
TRK00009,2023-01-01,24,36946,81929.75,6.44,0,0.0,1970-01-01 00:00:00.000000000,0.774
TRK00009,2023-02-01,20,24965,51396.63,6.59,1,552.28,1970-01-01 00:00:00.000000006,0.714
TRK00009,2023-03-01,21,34003,75172.57,6.56,0,0.0,1970-01-01 00:00:00.000000000,0.677
TRK00009,2023-04-01,29,40715,81278.22,6.49,1,3508.87,1970-01-01 00:00:00.000000004,0.967
TRK00009,2023-05-01,18,23980,54154.59,6.4,0,0.0,1970-01-01 00:00:00.000000000,0.581
TRK00009,2023-06-01,24,37075,77900.56,6.72,2,5424.85,1970-01-01 00:00:00.000000056,0.8
TRK00009,2023-07-01,29,43828,97859.66,6.53,0,0.0,1970-01-01 00:00:00.000000000,0.935
TRK00009,2023-08-01,23,34752,72942.07,6.45,1,1254.32,1970-01-01 00:00:00.000000018,0.742
TRK00009,2023-09-01,22,34468,82990.2,6.62,0,0.0,1970-01-01 00:00:00.000000000,0.733
TRK00009,2023-10-01,23,33894,76302.01,6.59,0,0.0,1970-01-01 00:00:00.000000000,0.742
TRK00009,2023-11-01,23,36336,75968.16,6.47,1,2607.49,1970-01-01 00:00:00.000000034,0.767
TRK00009,2023-12-01,17,26748,55412.91,6.17,0,0.0,1970-01-01 00:00:00.000000000,0.548
TRK00009,2024-01-01,28,44827,94896.21,6.51,0,0.0,1970-01-01 00:00:00.000000000,0.903
TRK00009,2024-02-01,27,34427,72854.1,6.46,0,0.0,1970-01-01 00:00:00.000000000,0.931
TRK00009,2024-03-01,30,42740,93901.4,6.65,0,0.0,1970-01-01 00:00:00.000000000,0.968
TRK00009,2024-04-01,29,52724,112642.58,6.27,1,2287.45,1970-01-01 00:00:00.000000019,0.967
TRK00009,2024-05-01,15,26236,52761.99,6.73,1,730.98,1970-01-01 00:00:00.000000016,0.484
TRK00009,2024-06-01,31,42508,92879.03,6.59,1,2615.53,1970-01-01 00:00:00.000000044,1.033
TRK00009,2024-07-01,25,40950,92549.26,6.65,0,0.0,1970-01-01 00:00:00.000000000,0.806
TRK00009,2024-08-01,29,36931,85678.99,6.67,1,2433.33,1970-01-01 00:00:00.000000008,0.935
TRK00009,2024-09-01,19,27512,59716.16,6.2,1,2828.31,1970-01-01 00:00:00.000000042,0.633
TRK00009,2024-10-01,25,38508,83594.7,6.34,2,7384.61,1970-01-01 00:00:00.000000070,0.806
TRK00009,2024-11-01,31,34976,70999.38,6.55,0,0.0,1970-01-01 00:00:00.000000000,1.033
TRK00009,2024-12-01,31,45749,106019.37,6.58,1,1780.0,1970-01-01 00:00:00.000000023,1.0
TRK00010,2022-01-01,31,40150,88320.41,6.55,0,0.0,1970-01-01 00:00:00.000000000,1.0
TRK00010,2022-02-01,18,28270,60011.64,6.37,0,0.0,1970-01-01 00:00:00.000000000,0.643
TRK00010,2022-03-01,19,25029,55816.05,6.7,1,2784.51,1970-01-01 00:00:00.000000010,0.613
TRK00010,2022-04-01,28,36371,77500.67,6.48,0,0.0,1970-01-01 00:00:00.000000000,0.933
TRK00010,2022-05-01,28,37971,77554.57,6.51,1,3344.06,1970-01-01 00:00:00.000000038,0.903
TRK00010,2022-06-01,26,31748,68197.95,6.66,0,0.0,1970-01-01 00:00:00.000000000,0.867
TRK00010,2022-07-01,30,45013,95518.45,6.47,0,0.0,1970-01-01 00:00:00.000000000,0.968
TRK00010,2022-08-01,27,41322,95813.97,6.44,1,408.64,1970-01-01 00:00:00.000000023,0.871
TRK00010,2022-09-01,25,28840,62516.28,6.35,0,0.0,1970-01-01 00:00:00.000000000,0.833
TRK00010,2022-10-01,22,30090,69491.17,6.58,0,0.0,1970-01-01 00:00:00.000000000,0.71
TRK00010,2022-11-01,21,32605,69160.36,6.34,0,0.0,1970-01-01 00:00:00.000000000,0.7
TRK00010,2022-12-01,25,34478,70342.08,6.37,1,515.14,1970-01-01 00:00:00.000000005,0.806
TRK00010,2023-01-01,16,23329,48238.95,6.73,2,3920.66,1970-01-01 00:00:00.000000034,0.516
TRK00010,2023-02-01,16,28667,57622.16,6.58,1,4235.09,1970-01-01 00:00:00.000000039,0.571
TRK00010,2023-03-01,19,30483,66172.76,6.35,0,0.0,1970-01-01 00:00:00.000000000,0.613
TRK00010,2023-04-01,30,44528,96165.35,6.52,2,6656.49,1970-01-01 00:00:00.000000047,1.0
TRK00010,2023-05-01,22,31065,68302.07,6.57,0,0.0,1970-01-01 00:00:00.000000000,0.71
TRK00010,2023-06-01,30,47108,106143.61,6.56,1,799.81,1970-01-01 00:00:00.000000019,1.0
TRK00010,2023-07-01,27,39873,83311.77,6.62,1,2394.73,1970-01-01 00:00:00.000000003,0.871
TRK00010,2023-08-01,40,52185,108238.02,6.72,2,4991.86,1970-01-01 00:00:00.000000049,1.29
TRK00010,2023-09-01,23,30858,65893.41,6.44,0,0.0,1970-01-01 00:00:00.000000000,0.767
TRK00010,2023-10-01,20,26852,60451.25,6.41,0,0.0,1970-01-01 00:00:00.000000000,0.645
TRK00010,2023-11-01,18,23860,56585.3,6.34,2,4359.52,1970-01-01 00:00:00.000000068,0.6
TRK00010,2023-12-01,18,18660,36683.19,6.77,1,3166.37,1970-01-01 00:00:00.000000045,0.581
TRK00010,2024-01-01,27,33106,72483.44,6.42,0,0.0,1970-01-01 00:00:00.000000000,0.871
TRK00010,2024-02-01,24,33955,71306.14,6.43,0,0.0,1970-01-01 00:00:00.000000000,0.828
TRK00010,2024-03-01,24,30742,69844.32,6.72,1,1203.2,1970-01-01 00:00:00.000000039,0.774
TRK00010,2024-04-01,36,50531,107901.61,6.51,0,0.0,1970-01-01 00:00:00.000000000,1.2
TRK00010,2024-05-01,31,47890,102147.08,6.49,1,713.04,1970-01-01 00:00:00.000000031,1.0
TRK00010,2024-06-01,26,38255,90383.92,6.47,0,0.0,1970-01-01 00:00:00.000000000,0.867
TRK00010,2024-07-01,26,31227,64976.46,6.27,1,3369.48,1970-01-01 00:00:00.000000027,0.839
TRK00010,2024-08-01,32,50023,115900.57,6.57,0,0.0,1970-01-01 00:00:00.000000000,1.032
TRK00010,2024-09-01,28,36563,78747.69,6.63,3,5333.21,1970-01-01 00:00:00.000000057,0.933
TRK00010,2024-10-01,29,43212,92083.07,6.52,0,0.0,1970-01-01 00:00:00.000000000,0.935
TRK00010,2024-11-01,19,30687,72444.7,6.47,2,591.7,1970-01-01 00:00:00.000000025,0.633
TRK00010,2024-12-01,24,42592,95677.71,6.53,1,1619.21,1970-01-01 00:00:00.000000038,0.774
TRK00011,2022-01-01,16,19983,45791.98,6.4,0,0.0,1970-01-01 00:00:00.000000000,0.516
TRK00011,2022-02-01,21,26478,61368.66,6.46,2,2252.2,1970-01-01 00:00:00.000000055,0.75
TRK00011,2022-03-01,28,46028,95935.42,6.6,0,0.0,1970-01-01 00:00:00.000000000,0.903
TRK00011,2022-04-01,23,33904,76804.32,6.42,0,0.0,1970-01-01 00:00:00.000000000,0.767
TRK00011,2022-05-01,35,48445,107106.48,6.55,1,1099.5,1970-01-01 00:00:00.000000004,1.129
TRK00011,2022-06-01,30,43599,94478.87,6.65,1,3857.57,1970-01-01 00:00:00.000000023,1.0
TRK00011,2022-07-01,27,39734,90696.26,6.69,0,0.0,1970-01-01 00:00:00.000000000,0.871
TRK00011,2022-08-01,25,37501,81356.67,6.68,2,6111.72,1970-01-01 00:00:00.000000086,0.806
TRK00011,2022-09-01,24,40095,84303.46,6.39,1,2023.53,1970-01-01 00:00:00.000000047,0.8
TRK00011,2022-10-01,26,37603,85753.6,6.42,1,623.09,1970-01-01 00:00:00.000000026,0.839
TRK00011,2022-11-01,26,33734,73100.91,6.58,1,3467.6,1970-01-01 00:00:00.000000024,0.867
TRK00011,2022-12-01,26,35867,78224.17,6.55,0,0.0,1970-01-01 00:00:00.000000000,0.839
TRK00011,2023-01-01,20,28161,59274.62,6.41,0,0.0,1970-01-01 00:00:00.000000000,0.645
TRK00011,2023-02-01,28,35286,73792.04,6.58,1,1329.18,1970-01-01 00:00:00.000000007,1.0
TRK00011,2023-03-01,21,33676,67281.17,6.71,1,3717.32,1970-01-01 00:00:00.000000021,0.677
TRK00011,2023-04-01,28,39828,81054.77,6.4,0,0.0,1970-01-01 00:00:00.000000000,0.933
TRK00011,2023-05-01,36,44599,95871.9,6.47,2,804.01,1970-01-01 00:00:00.000000058,1.161
TRK00011,2023-06-01,21,30928,65627.07,6.65,0,0.0,1970-01-01 00:00:00.000000000,0.7
TRK00011,2023-07-01,29,41373,91502.72,6.55,1,2848.39,1970-01-01 00:00:00.000000015,0.935
TRK00011,2023-08-01,28,42918,90343.43,6.51,1,1633.97,1970-01-01 00:00:00.000000033,0.903
TRK00011,2023-09-01,26,37688,75488.76,6.69,2,3982.54,1970-01-01 00:00:00.000000050,0.867
TRK00011,2023-10-01,22,35091,74919.34,6.36,1,3561.66,1970-01-01 00:00:00.000000024,0.71
TRK00011,2023-11-01,19,30478,66955.81,6.39,3,4622.64,1970-01-01 00:00:00.000000100,0.633
TRK00011,2023-12-01,23,31740,73408.12,6.4,2,4529.71,1970-01-01 00:00:00.000000074,0.742
TRK00011,2024-01-01,23,34440,73296.11,6.49,0,0.0,1970-01-01 00:00:00.000000000,0.742
TRK00011,2024-02-01,29,42502,90490.25,6.42,0,0.0,1970-01-01 00:00:00.000000000,1.0
TRK00011,2024-03-01,28,32800,71050.12,6.57,0,0.0,1970-01-01 00:00:00.000000000,0.903
TRK00011,2024-04-01,21,25289,55601.16,6.44,0,0.0,1970-01-01 00:00:00.000000000,0.7
TRK00011,2024-05-01,21,30817,72600.89,6.42,0,0.0,1970-01-01 00:00:00.000000000,0.677
TRK00011,2024-06-01,27,35876,80517.69,6.34,0,0.0,1970-01-01 00:00:00.000000000,0.9
TRK00011,2024-07-01,26,29775,66742.14,6.7,0,0.0,1970-01-01 00:00:00.000000000,0.839
TRK00011,2024-08-01,24,32524,68668.78,6.41,0,0.0,1970-01-01 00:00:00.000000000,0.774
TRK00011,2024-09-01,30,37316,77848.88,6.41,0,0.0,1970-01-01 00:00:00.000000000,1.0
TRK00011,2024-10-01,29,45738,102143.53,6.68,0,0.0,1970-01-01 00:00:00.000000000,0.935
TRK00011,2024-11-01,33,47211,94242.52,6.65,0,0.0,1970-01-01 00:00:00.000000000,1.1
TRK00011,2024-12-01,28,35158,70401.5,6.55,0,0.0,1970-01-01 00:00:00.000000000,0.903
TRK00012,2022-01-01,23,33277,68541.6,6.53,0,0.0,1970-01-01 00:00:00.000000000,0.742
TRK00012,2022-02-01,31,44925,101164.2,6.55,1,405.68,1970-01-01 00:00:00.000000006,1.107
TRK00012,2022-03-01,30,50455,107225.83,6.48,2,4148.21,1970-01-01 00:00:00.000000033,0.968
TRK00012,2022-04-01,34,44917,100635.17,6.6,1,2172.77,1970-01-01 00:00:00.000000043,1.133
TRK00012,2022-05-01,23,30795,66497.63,6.56,1,3247.28,1970-01-01 00:00:00.000000039,0.742
TRK00012,2022-06-01,25,35335,70503.69,6.45,1,651.0,1970-01-01 00:00:00.000000003,0.833
TRK00012,2022-07-01,25,34653,73484.64,6.63,2,2679.34,1970-01-01 00:00:00.000000043,0.806
TRK00012,2022-08-01,26,39985,90712.2,6.58,0,0.0,1970-01-01 00:00:00.000000000,0.839
TRK00012,2022-09-01,21,29417,56638.39,6.21,0,0.0,1970-01-01 00:00:00.000000000,0.7
TRK00012,2022-10-01,22,29755,63626.97,6.62,1,3945.38,1970-01-01 00:00:00.000000011,0.71
TRK00012,2022-11-01,27,34248,75105.74,6.33,0,0.0,1970-01-01 00:00:00.000000000,0.9
TRK00012,2022-12-01,27,33793,74002.94,6.69,1,1856.59,1970-01-01 00:00:00.000000029,0.871
TRK00012,2023-01-01,35,53966,114319.54,6.56,0,0.0,1970-01-01 00:00:00.000000000,1.129
TRK00012,2023-02-01,17,27229,55737.15,6.48,0,0.0,1970-01-01 00:00:00.000000000,0.607
TRK00012,2023-03-01,29,39702,86652.6,6.67,0,0.0,1970-01-01 00:00:00.000000000,0.935
TRK00012,2023-04-01,24,38421,83554.29,6.51,1,667.57,1970-01-01 00:00:00.000000018,0.8
TRK00012,2023-05-01,26,40589,95421.68,6.6,0,0.0,1970-01-01 00:00:00.000000000,0.839
TRK00012,2023-06-01,32,42007,91409.0,6.62,1,3382.42,1970-01-01 00:00:00.000000009,1.067
TRK00012,2023-07-01,25,41614,91730.82,6.43,1,395.57,1970-01-01 00:00:00.000000030,0.806
TRK00012,2023-08-01,23,32416,70345.75,6.45,1,2296.1,1970-01-01 00:00:00.000000022,0.742
TRK00012,2023-09-01,28,41578,90236.1,6.73,0,0.0,1970-01-01 00:00:00.000000000,0.933
TRK00012,2023-10-01,27,34775,74793.01,6.45,1,1709.64,1970-01-01 00:00:00.000000008,0.871
TRK00012,2023-11-01,18,21824,47437.03,6.59,0,0.0,1970-01-01 00:00:00.000000000,0.6
TRK00012,2023-12-01,22,29059,60076.07,6.58,0,0.0,1970-01-01 00:00:00.000000000,0.71
TRK00012,2024-01-01,24,37558,78128.12,6.63,1,3176.85,1970-01-01 00:00:00.000000018,0.774
TRK00012,2024-02-01,29,45722,97547.79,6.72,0,0.0,1970-01-01 00:00:00.000000000,1.0
TRK00012,2024-03-01,26,39893,84905.0,6.5,0,0.0,1970-01-01 00:00:00.000000000,0.839
TRK00012,2024-04-01,27,39902,82535.36,6.57,0,0.0,1970-01-01 00:00:00.000000000,0.9
TRK00012,2024-05-01,22,38771,87782.65,6.44,1,1328.01,1970-01-01 00:00:00.000000042,0.71
TRK00012,2024-06-01,20,24923,54532.08,6.45,1,3439.71,1970-01-01 00:00:00.000000015,0.667
TRK00012,2024-07-01,31,51946,106817.83,6.55,1,2273.54,1970-01-01 00:00:00.000000020,1.0
TRK00012,2024-08-01,22,33532,70370.86,6.48,0,0.0,1970-01-01 00:00:00.000000000,0.71
TRK00012,2024-09-01,20,29842,68826.75,6.28,1,1446.24,1970-01-01 00:00:00.000000024,0.667
TRK00012,2024-10-01,26,38495,83455.36,6.5,1,1105.48,1970-01-01 00:00:00.000000030,0.839
TRK00012,2024-11-01,31,40776,82740.53,6.52,0,0.0,1970-01-01 00:00:00.000000000,1.033
TRK00012,2024-12-01,22,35120,76671.45,6.52,0,0.0,1970-01-01 00:00:00.000000000,0.71
TRK00013,2022-01-01,25,31008,65924.41,6.66,1,192.13,1970-01-01 00:00:00.000000048,0.806
TRK00013,2022-02-01,19,26023,54406.1,6.66,0,0.0,1970-01-01 00:00:00.000000000,0.679
TRK00013,2022-03-01,35,51938,109472.19,6.5,1,577.08,1970-01-01 00:00:00.000000034,1.129
TRK00013,2022-04-01,20,23606,52949.59,6.55,2,4518.76,1970-01-01 00:00:00.000000021,0.667
TRK00013,2022-05-01,25,31882,68203.33,6.45,2,916.67,1970-01-01 00:00:00.000000040,0.806
TRK00013,2022-06-01,25,39015,82527.23,6.42,1,1781.65,1970-01-01 00:00:00.000000032,0.833
TRK00013,2022-07-01,26,36549,70525.18,6.69,3,3280.76,1970-01-01 00:00:00.000000068,0.839
TRK00013,2022-08-01,24,30519,66643.48,6.52,1,3467.23,1970-01-01 00:00:00.000000019,0.774
TRK00013,2022-09-01,17,25119,50597.47,6.42,0,0.0,1970-01-01 00:00:00.000000000,0.567
TRK00013,2022-10-01,21,29429,64031.45,6.63,0,0.0,1970-01-01 00:00:00.000000000,0.677
TRK00013,2022-11-01,20,28997,62262.92,6.32,0,0.0,1970-01-01 00:00:00.000000000,0.667
TRK00013,2022-12-01,21,30035,65170.92,6.55,2,3020.42,1970-01-01 00:00:00.000000058,0.677
TRK00013,2023-01-01,25,31496,67404.17,6.48,1,1513.33,1970-01-01 00:00:00.000000038,0.806
TRK00013,2023-02-01,18,26723,57734.68,6.58,1,3168.74,1970-01-01 00:00:00.000000011,0.643
TRK00013,2023-03-01,24,35501,70588.64,6.55,0,0.0,1970-01-01 00:00:00.000000000,0.774
TRK00013,2023-04-01,26,37312,77715.74,6.21,0,0.0,1970-01-01 00:00:00.000000000,0.867
TRK00013,2023-05-01,17,25763,60793.34,6.41,3,7673.08,1970-01-01 00:00:00.000000097,0.548
TRK00013,2023-06-01,32,51559,112096.31,6.52,0,0.0,1970-01-01 00:00:00.000000000,1.067
TRK00013,2023-07-01,30,43989,88439.32,6.51,2,1899.67,1970-01-01 00:00:00.000000051,0.968
TRK00013,2023-08-01,22,31957,65772.93,6.51,1,2825.2,1970-01-01 00:00:00.000000038,0.71
TRK00013,2023-09-01,21,24953,53207.86,6.42,0,0.0,1970-01-01 00:00:00.000000000,0.7
TRK00013,2023-10-01,21,35793,74909.38,6.55,1,1983.57,1970-01-01 00:00:00.000000018,0.677
TRK00013,2023-11-01,33,49897,105038.82,6.82,0,0.0,1970-01-01 00:00:00.000000000,1.1
TRK00013,2023-12-01,25,36467,77330.94,6.49,0,0.0,1970-01-01 00:00:00.000000000,0.806
TRK00013,2024-01-01,21,33601,69449.45,6.47,1,970.46,1970-01-01 00:00:00.000000002,0.677
TRK00013,2024-02-01,31,41140,91200.51,6.46,1,582.07,1970-01-01 00:00:00.000000008,1.069
TRK00013,2024-03-01,27,33895,75883.36,6.56,1,940.43,1970-01-01 00:00:00.000000014,0.871
TRK00013,2024-04-01,28,37222,76650.34,6.44,2,7485.27,1970-01-01 00:00:00.000000059,0.933
TRK00013,2024-05-01,31,46512,95004.08,6.52,1,834.24,1970-01-01 00:00:00.000000039,1.0
TRK00013,2024-06-01,24,31708,71409.46,6.52,1,1063.72,1970-01-01 00:00:00.000000021,0.8
TRK00013,2024-07-01,26,43100,87904.11,6.26,3,7445.97,1970-01-01 00:00:00.000000082,0.839
TRK00013,2024-08-01,31,41080,88697.29,6.45,1,1290.31,1970-01-01 00:00:00.000000024,1.0
TRK00013,2024-09-01,20,30555,65476.56,6.47,1,520.4,1970-01-01 00:00:00.000000036,0.667
TRK00013,2024-10-01,25,34413,76791.64,6.41,0,0.0,1970-01-01 00:00:00.000000000,0.806
TRK00013,2024-11-01,27,36813,72210.51,6.62,0,0.0,1970-01-01 00:00:00.000000000,0.9
TRK00013,2024-12-01,22,32939,74370.78,6.55,0,0.0,1970-01-01 00:00:00.000000000,0.71
TRK00014,2022-01-01,25,37778,82318.24,6.53,0,0.0,1970-01-01 00:00:00.000000000,0.806
TRK00014,2022-02-01,23,29461,67819.61,6.53,0,0.0,1970-01-01 00:00:00.000000000,0.821
TRK00014,2022-03-01,31,41299,93601.73,6.47,0,0.0,1970-01-01 00:00:00.000000000,1.0
TRK00014,2022-04-01,19,23817,53051.22,6.32,1,729.57,1970-01-01 00:00:00.000000043,0.633
TRK00014,2022-05-01,30,36229,76864.86,6.51,0,0.0,1970-01-01 00:00:00.000000000,0.968
TRK00014,2022-06-01,20,27139,56542.24,6.47,0,0.0,1970-01-01 00:00:00.000000000,0.667
TRK00014,2022-07-01,25,34403,73021.56,6.75,0,0.0,1970-01-01 00:00:00.000000000,0.806
TRK00014,2022-08-01,30,42638,103040.0,6.47,2,3205.72,1970-01-01 00:00:00.000000049,0.968
TRK00014,2022-09-01,26,39183,85977.07,6.65,1,2018.29,1970-01-01 00:00:00.000000031,0.867
TRK00014,2022-10-01,28,33472,73487.5,6.48,1,1597.53,1970-01-01 00:00:00.000000042,0.903
TRK00014,2022-11-01,23,31633,69915.0,6.35,2,4694.9,1970-01-01 00:00:00.000000025,0.767
TRK00014,2022-12-01,16,26973,60127.0,6.45,1,2536.4,1970-01-01 00:00:00.000000009,0.516
TRK00014,2023-01-01,28,40335,89174.32,6.45,0,0.0,1970-01-01 00:00:00.000000000,0.903
TRK00014,2023-02-01,23,29923,67321.9,6.6,2,6428.99,1970-01-01 00:00:00.000000084,0.821
TRK00014,2023-03-01,29,45196,94188.84,6.53,3,4329.95,1970-01-01 00:00:00.000000085,0.935
TRK00014,2023-04-01,30,47022,103933.85,6.54,0,0.0,1970-01-01 00:00:00.000000000,1.0
TRK00014,2023-05-01,19,26434,57036.24,6.39,2,5369.05,1970-01-01 00:00:00.000000069,0.613
TRK00014,2023-06-01,22,36177,75634.61,6.67,2,7865.86,1970-01-01 00:00:00.000000028,0.733
TRK00014,2023-07-01,13,19149,40218.44,6.54,1,1638.16,1970-01-01 00:00:00.000000030,0.419
TRK00014,2023-08-01,27,42680,90865.57,6.52,1,1483.74,1970-01-01 00:00:00.000000031,0.871
TRK00014,2023-09-01,32,43217,86319.73,6.41,1,1372.86,1970-01-01 00:00:00.000000032,1.067
TRK00014,2023-10-01,21,31244,67771.48,6.32,1,283.44,1970-01-01 00:00:00.000000037,0.677
TRK00014,2023-11-01,18,22446,52872.56,6.52,2,4604.48,1970-01-01 00:00:00.000000055,0.6
TRK00014,2023-12-01,26,36563,79680.03,6.64,2,5083.76,1970-01-01 00:00:00.000000067,0.839
TRK00014,2024-01-01,27,41772,94051.44,6.33,2,3526.07,1970-01-01 00:00:00.000000063,0.871
TRK00014,2024-02-01,26,33261,73236.91,6.6,0,0.0,1970-01-01 00:00:00.000000000,0.897
TRK00014,2024-03-01,19,28739,65608.6,6.65,0,0.0,1970-01-01 00:00:00.000000000,0.613
TRK00014,2024-04-01,28,36257,77230.14,6.71,2,902.77,1970-01-01 00:00:00.000000055,0.933
TRK00014,2024-05-01,28,39123,80811.51,6.32,2,5679.47,1970-01-01 00:00:00.000000017,0.903
TRK00014,2024-06-01,21,22418,45921.28,6.7,1,3024.42,1970-01-01 00:00:00.000000031,0.7
TRK00014,2024-07-01,27,41286,84698.62,6.43,0,0.0,1970-01-01 00:00:00.000000000,0.871
TRK00014,2024-08-01,26,31405,68089.63,6.5,0,0.0,1970-01-01 00:00:00.000000000,0.839
TRK00014,2024-09-01,22,34986,70720.34,6.59,0,0.0,1970-01-01 00:00:00.000000000,0.733
TRK00014,2024-10-01,20,28897,59210.89,6.77,2,5426.39,1970-01-01 00:00:00.000000047,0.645
TRK00014,2024-11-01,30,39637,83536.17,6.59,0,0.0,1970-01-01 00:00:00.000000000,1.0
TRK00014,2024-12-01,28,38106,87675.55,6.41,0,0.0,1970-01-01 00:00:00.000000000,0.903
TRK00015,2022-01-01,31,36887,80094.64,6.58,1,1355.07,1970-01-01 00:00:00.000000006,1.0
TRK00015,2022-02-01,27,37014,81385.55,6.54,1,609.94,1970-01-01 00:00:00.000000003,0.964
TRK00015,2022-03-01,27,41163,85432.98,6.63,0,0.0,1970-01-01 00:00:00.000000000,0.871
TRK00015,2022-04-01,25,36194,71268.45,6.45,0,0.0,1970-01-01 00:00:00.000000000,0.833
TRK00015,2022-05-01,28,35447,74783.32,6.43,0,0.0,1970-01-01 00:00:00.000000000,0.903
TRK00015,2022-06-01,23,36179,72507.32,6.39,1,1652.76,1970-01-01 00:00:00.000000020,0.767
TRK00015,2022-07-01,25,35108,74741.54,6.56,0,0.0,1970-01-01 00:00:00.000000000,0.806
TRK00015,2022-08-01,34,51355,111481.81,6.43,1,2059.84,1970-01-01 00:00:00.000000043,1.097
TRK00015,2022-09-01,26,45897,103511.83,6.54,1,3515.21,1970-01-01 00:00:00.000000033,0.867
TRK00015,2022-10-01,20,25450,55274.86,6.44,0,0.0,1970-01-01 00:00:00.000000000,0.645
TRK00015,2022-11-01,15,21325,44573.01,6.59,0,0.0,1970-01-01 00:00:00.000000000,0.5
TRK00015,2022-12-01,28,42747,92750.94,6.42,0,0.0,1970-01-01 00:00:00.000000000,0.903
TRK00015,2023-01-01,30,45362,90312.33,6.48,2,5475.36,1970-01-01 00:00:00.000000076,0.968
TRK00015,2023-02-01,34,45823,91964.64,6.68,0,0.0,1970-01-01 00:00:00.000000000,1.214
TRK00015,2023-03-01,28,39760,93961.65,6.3,4,6492.54,1970-01-01 00:00:00.000000095,0.903
TRK00015,2023-04-01,22,37157,84188.77,6.4,0,0.0,1970-01-01 00:00:00.000000000,0.733
TRK00015,2023-05-01,33,49389,100608.43,6.43,0,0.0,1970-01-01 00:00:00.000000000,1.065
TRK00015,2023-06-01,30,47856,105157.96,6.46,1,2188.67,1970-01-01 00:00:00.000000026,1.0
TRK00015,2023-07-01,20,23591,50743.6,6.53,0,0.0,1970-01-01 00:00:00.000000000,0.645
TRK00015,2023-08-01,16,17732,39922.21,6.36,0,0.0,1970-01-01 00:00:00.000000000,0.516
TRK00015,2023-09-01,23,28978,59828.49,6.37,0,0.0,1970-01-01 00:00:00.000000000,0.767
TRK00015,2023-10-01,26,36243,71389.14,6.4,0,0.0,1970-01-01 00:00:00.000000000,0.839
TRK00015,2023-11-01,19,29212,61154.75,6.24,0,0.0,1970-01-01 00:00:00.000000000,0.633
TRK00015,2023-12-01,27,42229,91883.09,6.64,1,345.16,1970-01-01 00:00:00.000000030,0.871
TRK00015,2024-01-01,31,42635,95976.26,6.47,2,4079.83,1970-01-01 00:00:00.000000064,1.0
TRK00015,2024-02-01,21,35405,75957.05,6.49,2,3771.01,1970-01-01 00:00:00.000000073,0.724
TRK00015,2024-03-01,33,50559,109588.96,6.63,1,642.36,1970-01-01 00:00:00.000000012,1.065
TRK00015,2024-04-01,30,42419,97339.51,6.63,1,465.35,1970-01-01 00:00:00.000000016,1.0
TRK00015,2024-05-01,35,46910,98260.61,6.63,1,647.17,1970-01-01 00:00:00.000000046,1.129
TRK00015,2024-06-01,25,39544,87458.04,6.44,0,0.0,1970-01-01 00:00:00.000000000,0.833
TRK00015,2024-07-01,23,31406,69619.67,6.73,0,0.0,1970-01-01 00:00:00.000000000,0.742
TRK00015,2024-08-01,30,39524,83043.05,6.6,1,411.68,1970-01-01 00:00:00.000000013,0.968
TRK00015,2024-09-01,37,50058,110011.2,6.49,0,0.0,1970-01-01 00:00:00.000000000,1.233
TRK00015,2024-10-01,27,41652,92670.87,6.45,0,0.0,1970-01-01 00:00:00.000000000,0.871
TRK00015,2024-11-01,25,37688,81855.95,6.61,0,0.0,1970-01-01 00:00:00.000000000,0.833
TRK00015,2024-12-01,27,40706,88675.31,6.44,0,0.0,1970-01-01 00:00:00.000000000,0.871
TRK00016,2022-01-01,27,40156,78639.13,6.6,0,0.0,1970-01-01 00:00:00.000000000,0.871
TRK00016,2022-02-01,23,36227,78827.05,6.73,2,6669.25,1970-01-01 00:00:00.000000036,0.821
TRK00016,2022-03-01,39,52425,109536.94,6.53,1,2157.86,1970-01-01 00:00:00.000000012,1.258
TRK00016,2022-04-01,23,37766,78184.41,6.54,0,0.0,1970-01-01 00:00:00.000000000,0.767
TRK00016,2022-05-01,27,38363,82076.39,6.44,4,7592.61,1970-01-01 00:00:00.000000109,0.871
TRK00016,2022-06-01,22,33697,70200.73,6.49,0,0.0,1970-01-01 00:00:00.000000000,0.733
TRK00016,2022-07-01,22,27812,64512.55,6.33,0,0.0,1970-01-01 00:00:00.000000000,0.71
TRK00016,2022-08-01,25,36212,76134.21,6.37,0,0.0,1970-01-01 00:00:00.000000000,0.806
TRK00016,2022-09-01,24,39089,83288.66,6.33,0,0.0,1970-01-01 00:00:00.000000000,0.8
TRK00016,2022-10-01,35,42364,89023.94,6.5,0,0.0,1970-01-01 00:00:00.000000000,1.129
TRK00016,2022-11-01,17,21634,43523.2,6.61,0,0.0,1970-01-01 00:00:00.000000000,0.567
TRK00016,2022-12-01,27,37333,76454.51,6.58,0,0.0,1970-01-01 00:00:00.000000000,0.871
TRK00016,2023-01-01,22,30692,61642.94,6.38,1,3694.01,1970-01-01 00:00:00.000000004,0.71
TRK00016,2023-02-01,27,31301,71984.92,6.63,1,788.22,1970-01-01 00:00:00.000000037,0.964
TRK00016,2023-03-01,26,45748,103938.08,6.39,1,858.32,1970-01-01 00:00:00.000000035,0.839
TRK00016,2023-04-01,30,38564,83003.87,6.31,0,0.0,1970-01-01 00:00:00.000000000,1.0
TRK00016,2023-05-01,17,23993,54912.47,6.58,0,0.0,1970-01-01 00:00:00.000000000,0.548
TRK00016,2023-06-01,27,45049,100013.4,6.43,2,2039.32,1970-01-01 00:00:00.000000047,0.9
TRK00016,2023-07-01,27,41349,93641.86,6.5,0,0.0,1970-01-01 00:00:00.000000000,0.871
TRK00016,2023-08-01,21,31643,72379.2,6.4,0,0.0,1970-01-01 00:00:00.000000000,0.677
TRK00016,2023-09-01,17,27458,55199.71,6.58,1,222.96,1970-01-01 00:00:00.000000029,0.567
TRK00016,2023-10-01,26,39149,82414.21,6.53,1,3421.25,1970-01-01 00:00:00.000000026,0.839
TRK00016,2023-11-01,34,40743,85917.57,6.63,1,413.66,1970-01-01 00:00:00.000000005,1.133
TRK00016,2023-12-01,27,38385,85367.03,6.53,0,0.0,1970-01-01 00:00:00.000000000,0.871
TRK00016,2024-01-01,31,39888,83546.66,6.74,0,0.0,1970-01-01 00:00:00.000000000,1.0
TRK00016,2024-02-01,25,41547,87142.51,6.59,0,0.0,1970-01-01 00:00:00.000000000,0.862
TRK00016,2024-03-01,24,37891,81934.37,6.74,0,0.0,1970-01-01 00:00:00.000000000,0.774
TRK00016,2024-04-01,25,33060,71480.99,6.4,1,2145.47,1970-01-01 00:00:00.000000027,0.833
TRK00016,2024-05-01,31,43053,97461.08,6.65,0,0.0,1970-01-01 00:00:00.000000000,1.0
TRK00016,2024-06-01,26,36655,83597.27,6.65,0,0.0,1970-01-01 00:00:00.000000000,0.867
TRK00016,2024-07-01,31,45378,101004.24,6.38,0,0.0,1970-01-01 00:00:00.000000000,1.0
TRK00016,2024-08-01,24,45535,96247.35,6.43,0,0.0,1970-01-01 00:00:00.000000000,0.774
TRK00016,2024-09-01,26,46633,99775.34,6.59,2,6445.12,1970-01-01 00:00:00.000000066,0.867
TRK00016,2024-10-01,20,26657,55232.23,6.41,0,0.0,1970-01-01 00:00:00.000000000,0.645
TRK00016,2024-11-01,26,35719,76558.94,6.35,0,0.0,1970-01-01 00:00:00.000000000,0.867
TRK00016,2024-12-01,28,40264,85985.39,6.59,0,0.0,1970-01-01 00:00:00.000000000,0.903
TRK00018,2022-01-01,15,24128,46635.4,6.48,0,0.0,1970-01-01 00:00:00.000000000,0.484
TRK00018,2022-02-01,23,35660,74103.9,6.36,2,2931.65,1970-01-01 00:00:00.000000044,0.821
TRK00018,2022-03-01,19,27099,58069.18,6.27,0,0.0,1970-01-01 00:00:00.000000000,0.613
TRK00018,2022-04-01,18,22373,49857.89,6.75,3,2909.4,1970-01-01 00:00:00.000000065,0.6
TRK00018,2022-05-01,26,39194,93226.14,6.62,0,0.0,1970-01-01 00:00:00.000000000,0.839
TRK00018,2022-06-01,30,41040,83854.83,6.45,1,1835.99,1970-01-01 00:00:00.000000011,1.0
TRK00018,2022-07-01,27,44247,101247.08,6.57,2,4960.81,1970-01-01 00:00:00.000000039,0.871
TRK00018,2022-08-01,25,34673,74133.91,6.71,0,0.0,1970-01-01 00:00:00.000000000,0.806
TRK00018,2022-09-01,22,25767,52889.1,6.48,0,0.0,1970-01-01 00:00:00.000000000,0.733
TRK00018,2022-10-01,24,32236,69589.79,6.57,0,0.0,1970-01-01 00:00:00.000000000,0.774
TRK00018,2022-11-01,20,27030,61887.07,6.6,1,1161.6,1970-01-01 00:00:00.000000030,0.667
TRK00018,2022-12-01,29,37195,79730.64,6.49,1,979.14,1970-01-01 00:00:00.000000046,0.935
TRK00018,2023-01-01,21,29266,60292.87,6.5,1,3869.77,1970-01-01 00:00:00.000000040,0.677
TRK00018,2023-02-01,21,32747,70491.42,6.64,1,1937.25,1970-01-01 00:00:00.000000012,0.75
TRK00018,2023-03-01,27,34268,76368.68,6.65,1,854.84,1970-01-01 00:00:00.000000027,0.871
TRK00018,2023-04-01,18,22208,43529.3,6.51,1,3538.2,1970-01-01 00:00:00.000000041,0.6
TRK00018,2023-05-01,21,31330,70450.31,6.42,0,0.0,1970-01-01 00:00:00.000000000,0.677
TRK00018,2023-06-01,25,37438,83785.95,6.51,1,1795.61,1970-01-01 00:00:00.000000016,0.833
TRK00018,2023-07-01,21,36780,80717.84,6.5,3,3309.34,1970-01-01 00:00:00.000000121,0.677
TRK00018,2023-08-01,27,46442,103230.79,6.41,0,0.0,1970-01-01 00:00:00.000000000,0.871
TRK00018,2023-09-01,29,39677,85264.41,6.54,0,0.0,1970-01-01 00:00:00.000000000,0.967
TRK00018,2023-10-01,28,34744,78122.36,6.53,2,3898.57,1970-01-01 00:00:00.000000053,0.903
TRK00018,2023-11-01,25,33737,72862.37,6.45,0,0.0,1970-01-01 00:00:00.000000000,0.833
TRK00018,2023-12-01,19,31704,76840.57,6.44,0,0.0,1970-01-01 00:00:00.000000000,0.613
TRK00018,2024-01-01,17,19375,38307.23,6.46,0,0.0,1970-01-01 00:00:00.000000000,0.548
TRK00018,2024-02-01,25,29434,65124.81,6.65,0,0.0,1970-01-01 00:00:00.000000000,0.862
TRK00018,2024-03-01,24,32876,74919.22,6.62,2,2043.54,1970-01-01 00:00:00.000000059,0.774
TRK00018,2024-04-01,26,27745,56892.85,6.45,1,2122.47,1970-01-01 00:00:00.000000013,0.867
TRK00018,2024-05-01,27,33871,78280.28,6.5,2,4282.56,1970-01-01 00:00:00.000000040,0.871
TRK00018,2024-06-01,25,30693,66037.19,6.61,0,0.0,1970-01-01 00:00:00.000000000,0.833
TRK00018,2024-07-01,30,45620,90950.03,6.46,0,0.0,1970-01-01 00:00:00.000000000,0.968
TRK00018,2024-08-01,30,36437,83959.4,6.5,0,0.0,1970-01-01 00:00:00.000000000,0.968
TRK00018,2024-09-01,16,26317,63770.22,6.47,0,0.0,1970-01-01 00:00:00.000000000,0.533
TRK00018,2024-10-01,30,39634,84996.81,6.41,0,0.0,1970-01-01 00:00:00.000000000,0.968
TRK00018,2024-11-01,22,26613,58945.74,6.4,0,0.0,1970-01-01 00:00:00.000000000,0.733
TRK00018,2024-12-01,27,44577,93650.11,6.64,0,0.0,1970-01-01 00:00:00.000000000,0.871
TRK00019,2022-01-01,21,29840,62654.92,6.52,1,844.65,1970-01-01 00:00:00.000000018,0.677
TRK00019,2022-02-01,25,34453,76948.72,6.52,1,2301.34,1970-01-01 00:00:00.000000046,0.893
TRK00019,2022-03-01,20,23929,48946.79,6.14,0,0.0,1970-01-01 00:00:00.000000000,0.645
TRK00019,2022-04-01,29,44224,98534.13,6.36,1,3486.82,1970-01-01 00:00:00.000000002,0.967
TRK00019,2022-05-01,32,52062,110890.79,6.42,0,0.0,1970-01-01 00:00:00.000000000,1.032
TRK00019,2022-06-01,28,33913,74473.12,6.41,2,3351.66,1970-01-01 00:00:00.000000021,0.933
TRK00019,2022-07-01,25,42806,96332.31,6.25,0,0.0,1970-01-01 00:00:00.000000000,0.806
TRK00019,2022-08-01,19,24951,53612.48,6.54,0,0.0,1970-01-01 00:00:00.000000000,0.613
TRK00019,2022-09-01,25,34277,79013.88,6.5,1,843.81,1970-01-01 00:00:00.000000046,0.833
TRK00019,2022-10-01,21,31409,73146.35,6.49,1,645.4,1970-01-01 00:00:00.000000007,0.677
TRK00019,2022-11-01,29,44908,97835.95,6.47,2,1355.59,1970-01-01 00:00:00.000000045,0.967
TRK00019,2022-12-01,25,42251,91066.28,6.5,0,0.0,1970-01-01 00:00:00.000000000,0.806
TRK00019,2023-01-01,35,61543,137842.36,6.57,0,0.0,1970-01-01 00:00:00.000000000,1.129
TRK00019,2023-02-01,16,18249,38671.83,6.62,0,0.0,1970-01-01 00:00:00.000000000,0.571
TRK00019,2023-03-01,24,30781,67182.09,6.5,0,0.0,1970-01-01 00:00:00.000000000,0.774
TRK00019,2023-04-01,31,49568,98203.1,6.5,0,0.0,1970-01-01 00:00:00.000000000,1.033
TRK00019,2023-05-01,24,40273,90663.46,6.44,0,0.0,1970-01-01 00:00:00.000000000,0.774
TRK00019,2023-06-01,25,32329,70027.12,6.48,0,0.0,1970-01-01 00:00:00.000000000,0.833
TRK00019,2023-07-01,24,33201,67097.28,6.68,1,3212.61,1970-01-01 00:00:00.000000029,0.774
TRK00019,2023-08-01,23,30143,65771.12,6.57,1,918.8,1970-01-01 00:00:00.000000028,0.742
TRK00019,2023-09-01,26,37418,74397.5,6.5,0,0.0,1970-01-01 00:00:00.000000000,0.867
TRK00019,2023-10-01,24,39552,85799.88,6.46,0,0.0,1970-01-01 00:00:00.000000000,0.774
TRK00019,2023-11-01,27,36775,79875.56,6.47,0,0.0,1970-01-01 00:00:00.000000000,0.9
TRK00019,2023-12-01,27,38847,88582.23,6.46,2,5944.83,1970-01-01 00:00:00.000000035,0.871
TRK00019,2024-01-01,27,37170,74011.37,6.4,0,0.0,1970-01-01 00:00:00.000000000,0.871
TRK00019,2024-02-01,23,30550,66389.66,6.7,0,0.0,1970-01-01 00:00:00.000000000,0.793
TRK00019,2024-03-01,26,33267,72854.91,6.62,1,3232.5,1970-01-01 00:00:00.000000025,0.839
TRK00019,2024-04-01,31,39750,85979.89,6.45,1,497.95,1970-01-01 00:00:00.000000019,1.033
TRK00019,2024-05-01,24,36361,76570.0,6.33,0,0.0,1970-01-01 00:00:00.000000000,0.774
TRK00019,2024-06-01,32,49321,110389.77,6.61,0,0.0,1970-01-01 00:00:00.000000000,1.067
TRK00019,2024-07-01,31,48570,106357.76,6.58,0,0.0,1970-01-01 00:00:00.000000000,1.0
TRK00019,2024-08-01,28,48087,110703.31,6.56,0,0.0,1970-01-01 00:00:00.000000000,0.903
TRK00019,2024-09-01,24,35358,80002.85,6.47,1,2026.19,1970-01-01 00:00:00.000000011,0.8
TRK00019,2024-10-01,18,21928,48596.08,6.62,0,0.0,1970-01-01 00:00:00.000000000,0.581
TRK00019,2024-11-01,26,38294,82110.67,6.58,0,0.0,1970-01-01 00:00:00.000000000,0.867
TRK00019,2024-12-01,27,34371,72484.88,6.55,0,0.0,1970-01-01 00:00:00.000000000,0.871
TRK00020,2022-01-01,28,39951,88479.0,6.57,0,0.0,1970-01-01 00:00:00.000000000,0.903
TRK00020,2022-02-01,23,31546,67165.05,6.58,0,0.0,1970-01-01 00:00:00.000000000,0.821
TRK00020,2022-03-01,18,21798,40016.24,6.2,0,0.0,1970-01-01 00:00:00.000000000,0.581
TRK00020,2022-04-01,30,47812,102074.37,6.56,1,442.05,1970-01-01 00:00:00.000000030,1.0
TRK00020,2022-05-01,18,25446,54424.36,6.58,0,0.0,1970-01-01 00:00:00.000000000,0.581
TRK00020,2022-06-01,36,53852,121819.44,6.62,0,0.0,1970-01-01 00:00:00.000000000,1.2
TRK00020,2022-07-01,20,27114,59703.47,6.37,2,4171.56,1970-01-01 00:00:00.000000060,0.645
TRK00020,2022-08-01,35,44734,93708.43,6.39,0,0.0,1970-01-01 00:00:00.000000000,1.129
TRK00020,2022-09-01,25,29449,60543.41,6.27,3,8100.14,1970-01-01 00:00:00.000000045,0.833
TRK00020,2022-10-01,20,25162,53970.96,6.46,1,911.88,1970-01-01 00:00:00.000000024,0.645
TRK00020,2022-11-01,31,51158,101318.0,6.44,1,2224.3,1970-01-01 00:00:00.000000036,1.033
TRK00020,2022-12-01,30,44990,102197.2,6.44,0,0.0,1970-01-01 00:00:00.000000000,0.968
TRK00020,2023-01-01,32,47358,98739.62,6.54,1,2036.16,1970-01-01 00:00:00.000000023,1.032
TRK00020,2023-02-01,22,27784,57932.25,6.5,1,2373.29,1970-01-01 00:00:00.000000034,0.786
TRK00020,2023-03-01,27,28853,60962.12,6.58,0,0.0,1970-01-01 00:00:00.000000000,0.871
TRK00020,2023-04-01,32,50020,102748.02,6.53,2,6116.9,1970-01-01 00:00:00.000000068,1.067
TRK00020,2023-05-01,22,30030,66452.64,6.63,0,0.0,1970-01-01 00:00:00.000000000,0.71
TRK00020,2023-06-01,31,44348,94194.3,6.53,0,0.0,1970-01-01 00:00:00.000000000,1.033
TRK00020,2023-07-01,30,42044,88187.23,6.6,1,1504.06,1970-01-01 00:00:00.000000037,0.968
TRK00020,2023-08-01,32,40265,85072.5,6.35,2,1584.44,1970-01-01 00:00:00.000000059,1.032
TRK00020,2023-09-01,22,36193,74131.83,6.62,1,1609.84,1970-01-01 00:00:00.000000038,0.733
TRK00020,2023-10-01,24,39177,81122.73,6.34,0,0.0,1970-01-01 00:00:00.000000000,0.774
TRK00020,2023-11-01,24,36965,81285.07,6.34,1,3138.71,1970-01-01 00:00:00.000000002,0.8
TRK00020,2023-12-01,24,32709,74157.66,6.4,0,0.0,1970-01-01 00:00:00.000000000,0.774
TRK00020,2024-01-01,28,39492,80335.0,6.35,0,0.0,1970-01-01 00:00:00.000000000,0.903
TRK00020,2024-02-01,27,44336,96322.03,6.75,1,528.06,1970-01-01 00:00:00.000000029,0.931
TRK00020,2024-03-01,22,37276,81308.11,6.51,0,0.0,1970-01-01 00:00:00.000000000,0.71
TRK00020,2024-04-01,26,41328,90753.87,6.49,1,3273.77,1970-01-01 00:00:00.000000016,0.867
TRK00020,2024-05-01,27,40477,89943.99,6.34,0,0.0,1970-01-01 00:00:00.000000000,0.871
TRK00020,2024-06-01,18,29177,61071.72,6.47,1,3225.74,1970-01-01 00:00:00.000000038,0.6
TRK00020,2024-07-01,24,32057,69417.33,6.46,2,4333.24,1970-01-01 00:00:00.000000044,0.774
TRK00020,2024-08-01,27,35400,75502.04,6.34,1,2698.02,1970-01-01 00:00:00.000000044,0.871
TRK00020,2024-09-01,27,38051,82808.49,6.61,1,837.7,1970-01-01 00:00:00.000000020,0.9
TRK00020,2024-10-01,24,32729,78020.61,6.47,2,4766.54,1970-01-01 00:00:00.000000018,0.774
TRK00020,2024-11-01,32,49388,101361.54,6.41,0,0.0,1970-01-01 00:00:00.000000000,1.067
TRK00020,2024-12-01,27,37802,81863.94,6.76,1,3114.55,1970-01-01 00:00:00.000000037,0.871
TRK00023,2022-01-01,22,31475,64133.52,6.41,0,0.0,1970-01-01 00:00:00.000000000,0.71
TRK00023,2022-02-01,25,37806,82422.02,6.4,0,0.0,1970-01-01 00:00:00.000000000,0.893
TRK00023,2022-03-01,20,23045,50875.09,6.58,2,5762.07,1970-01-01 00:00:00.000000026,0.645
TRK00023,2022-04-01,26,40424,84628.47,6.52,2,2094.89,1970-01-01 00:00:00.000000035,0.867
TRK00023,2022-05-01,20,29941,65537.57,6.4,1,3647.88,1970-01-01 00:00:00.000000029,0.645
TRK00023,2022-06-01,20,23965,48580.87,6.75,0,0.0,1970-01-01 00:00:00.000000000,0.667
TRK00023,2022-07-01,13,15660,29522.46,6.83,0,0.0,1970-01-01 00:00:00.000000000,0.419
TRK00023,2022-08-01,29,42186,89206.89,6.53,0,0.0,1970-01-01 00:00:00.000000000,0.935
TRK00023,2022-09-01,25,30680,65920.65,6.58,0,0.0,1970-01-01 00:00:00.000000000,0.833
TRK00023,2022-10-01,34,51478,111847.22,6.42,0,0.0,1970-01-01 00:00:00.000000000,1.097
TRK00023,2022-11-01,23,39195,83874.49,6.63,0,0.0,1970-01-01 00:00:00.000000000,0.767
TRK00023,2022-12-01,23,39805,88537.87,6.55,2,3744.81,1970-01-01 00:00:00.000000052,0.742
TRK00023,2023-01-01,27,39986,83382.44,6.73,2,4095.82,1970-01-01 00:00:00.000000034,0.871
TRK00023,2023-02-01,22,29722,69756.09,6.42,0,0.0,1970-01-01 00:00:00.000000000,0.786
TRK00023,2023-03-01,21,30511,62570.02,6.34,0,0.0,1970-01-01 00:00:00.000000000,0.677
TRK00023,2023-04-01,17,24554,49248.89,6.59,2,4460.68,1970-01-01 00:00:00.000000095,0.567
TRK00023,2023-05-01,26,40049,86494.68,6.35,0,0.0,1970-01-01 00:00:00.000000000,0.839
TRK00023,2023-06-01,28,45028,97388.67,6.46,1,4295.73,1970-01-01 00:00:00.000000015,0.933
TRK00023,2023-07-01,27,42764,92295.96,6.42,0,0.0,1970-01-01 00:00:00.000000000,0.871
TRK00023,2023-08-01,28,45791,91839.47,6.39,1,415.2,1970-01-01 00:00:00.000000013,0.903
TRK00023,2023-09-01,23,38531,86864.61,6.59,0,0.0,1970-01-01 00:00:00.000000000,0.767
TRK00023,2023-10-01,29,40328,87554.06,6.7,0,0.0,1970-01-01 00:00:00.000000000,0.935
TRK00023,2023-11-01,26,43102,95809.19,6.45,0,0.0,1970-01-01 00:00:00.000000000,0.867
TRK00023,2023-12-01,23,41567,92178.46,6.3,0,0.0,1970-01-01 00:00:00.000000000,0.742
TRK00023,2024-01-01,22,31888,69951.18,6.81,1,1998.09,1970-01-01 00:00:00.000000026,0.71
TRK00023,2024-02-01,34,44245,90396.36,6.5,0,0.0,1970-01-01 00:00:00.000000000,1.172
TRK00023,2024-03-01,30,44315,95207.32,6.64,0,0.0,1970-01-01 00:00:00.000000000,0.968
TRK00023,2024-04-01,24,31783,72555.46,6.55,3,6369.41,1970-01-01 00:00:00.000000058,0.8
TRK00023,2024-05-01,27,35242,76284.57,6.53,1,1355.3,1970-01-01 00:00:00.000000023,0.871
TRK00023,2024-06-01,26,45192,92580.87,6.48,2,2587.49,1970-01-01 00:00:00.000000047,0.867
TRK00023,2024-07-01,37,54102,118930.29,6.52,0,0.0,1970-01-01 00:00:00.000000000,1.194
TRK00023,2024-08-01,21,30149,68928.05,6.23,2,3160.54,1970-01-01 00:00:00.000000037,0.677
TRK00023,2024-09-01,22,32555,74448.45,6.41,1,833.39,1970-01-01 00:00:00.000000043,0.733
TRK00023,2024-10-01,32,39377,82185.39,6.55,2,2752.14,1970-01-01 00:00:00.000000055,1.032
TRK00023,2024-11-01,24,28730,59883.41,6.5,1,1792.43,1970-01-01 00:00:00.000000006,0.8
TRK00023,2024-12-01,28,30362,69614.85,6.41,0,0.0,1970-01-01 00:00:00.000000000,0.903
TRK00024,2022-01-01,29,41220,84188.16,6.47,0,0.0,1970-01-01 00:00:00.000000000,0.935
TRK00024,2022-02-01,26,36322,79022.96,6.74,2,5424.12,1970-01-01 00:00:00.000000046,0.929
TRK00024,2022-03-01,39,54216,109384.94,6.42,1,2654.74,1970-01-01 00:00:00.000000028,1.258
TRK00024,2022-04-01,35,50794,104471.75,6.52,2,4989.43,1970-01-01 00:00:00.000000029,1.167
TRK00024,2022-05-01,32,49476,101318.84,6.44,0,0.0,1970-01-01 00:00:00.000000000,1.032
TRK00024,2022-06-01,24,34427,75025.18,6.52,0,0.0,1970-01-01 00:00:00.000000000,0.8
TRK00024,2022-07-01,21,33887,75975.84,6.5,1,567.48,1970-01-01 00:00:00.000000026,0.677
TRK00024,2022-08-01,27,35683,80734.4,6.46,0,0.0,1970-01-01 00:00:00.000000000,0.871
TRK00024,2022-09-01,27,42215,85580.63,6.47,2,2765.25,1970-01-01 00:00:00.000000080,0.9
TRK00024,2022-10-01,21,31237,71915.38,6.43,1,1147.88,1970-01-01 00:00:00.000000040,0.677
TRK00024,2022-11-01,35,47842,104914.44,6.55,0,0.0,1970-01-01 00:00:00.000000000,1.167
TRK00024,2022-12-01,36,51322,111409.58,6.38,1,2029.61,1970-01-01 00:00:00.000000038,1.161
TRK00024,2023-01-01,28,39160,78945.95,6.41,2,4096.07,1970-01-01 00:00:00.000000089,0.903
TRK00024,2023-02-01,17,27120,53610.86,6.38,0,0.0,1970-01-01 00:00:00.000000000,0.607
TRK00024,2023-03-01,22,29436,64927.43,6.52,0,0.0,1970-01-01 00:00:00.000000000,0.71
TRK00024,2023-04-01,23,34537,73462.75,6.48,2,4204.48,1970-01-01 00:00:00.000000051,0.767
TRK00024,2023-05-01,20,24275,52398.95,6.55,1,241.51,1970-01-01 00:00:00.000000025,0.645
TRK00024,2023-06-01,20,28767,67187.97,6.36,2,2799.08,1970-01-01 00:00:00.000000090,0.667
TRK00024,2023-07-01,35,44365,99345.33,6.64,0,0.0,1970-01-01 00:00:00.000000000,1.129
TRK00024,2023-08-01,28,40158,85597.83,6.48,0,0.0,1970-01-01 00:00:00.000000000,0.903
TRK00024,2023-09-01,25,40483,89411.2,6.42,0,0.0,1970-01-01 00:00:00.000000000,0.833
TRK00024,2023-10-01,35,54057,117010.32,6.55,0,0.0,1970-01-01 00:00:00.000000000,1.129
TRK00024,2023-11-01,29,35728,76948.55,6.62,0,0.0,1970-01-01 00:00:00.000000000,0.967
TRK00024,2023-12-01,22,28366,62914.71,6.46,0,0.0,1970-01-01 00:00:00.000000000,0.71
TRK00024,2024-01-01,20,32927,69203.3,6.51,0,0.0,1970-01-01 00:00:00.000000000,0.645
TRK00024,2024-02-01,23,38116,69351.59,6.5,0,0.0,1970-01-01 00:00:00.000000000,0.793
TRK00024,2024-03-01,24,36880,85591.05,6.34,0,0.0,1970-01-01 00:00:00.000000000,0.774
TRK00024,2024-04-01,26,43198,97031.96,6.3,0,0.0,1970-01-01 00:00:00.000000000,0.867
TRK00024,2024-05-01,20,27506,59287.64,6.45,0,0.0,1970-01-01 00:00:00.000000000,0.645
TRK00024,2024-06-01,23,36780,77308.73,6.48,2,3385.77,1970-01-01 00:00:00.000000079,0.767
TRK00024,2024-07-01,25,37295,78604.56,6.64,0,0.0,1970-01-01 00:00:00.000000000,0.806
TRK00024,2024-08-01,26,36416,83739.08,6.63,0,0.0,1970-01-01 00:00:00.000000000,0.839
TRK00024,2024-09-01,27,39939,92262.41,6.78,2,4531.76,1970-01-01 00:00:00.000000048,0.9
TRK00024,2024-10-01,30,39644,89247.11,6.49,0,0.0,1970-01-01 00:00:00.000000000,0.968
TRK00024,2024-11-01,15,21311,47904.14,6.55,1,3755.05,1970-01-01 00:00:00.000000028,0.5
TRK00024,2024-12-01,26,37228,83439.18,6.31,0,0.0,1970-01-01 00:00:00.000000000,0.839
TRK00025,2022-01-01,38,56399,131302.33,6.55,1,1922.84,1970-01-01 00:00:00.000000023,1.226
TRK00025,2022-02-01,27,40478,84172.44,6.53,0,0.0,1970-01-01 00:00:00.000000000,0.964
TRK00025,2022-03-01,26,35929,77456.97,6.39,0,0.0,1970-01-01 00:00:00.000000000,0.839
TRK00025,2022-04-01,31,43992,98626.52,6.36,1,4024.54,1970-01-01 00:00:00.000000021,1.033
TRK00025,2022-05-01,22,34820,70514.19,6.39,0,0.0,1970-01-01 00:00:00.000000000,0.71
TRK00025,2022-06-01,25,35823,78179.84,6.42,1,2218.18,1970-01-01 00:00:00.000000012,0.833
TRK00025,2022-07-01,18,29360,55228.65,6.44,0,0.0,1970-01-01 00:00:00.000000000,0.581
TRK00025,2022-08-01,27,39071,84069.92,6.66,2,2898.93,1970-01-01 00:00:00.000000063,0.871
TRK00025,2022-09-01,21,34161,72252.2,6.41,0,0.0,1970-01-01 00:00:00.000000000,0.7
TRK00025,2022-10-01,20,26277,55103.45,6.39,2,1082.99,1970-01-01 00:00:00.000000056,0.645
TRK00025,2022-11-01,20,25374,56481.89,6.24,2,2675.16,1970-01-01 00:00:00.000000071,0.667
TRK00025,2022-12-01,29,44200,100076.45,6.52,0,0.0,1970-01-01 00:00:00.000000000,0.935
TRK00025,2023-01-01,27,44674,92501.08,6.47,1,3711.66,1970-01-01 00:00:00.000000030,0.871
TRK00025,2023-02-01,30,47892,103471.24,6.4,0,0.0,1970-01-01 00:00:00.000000000,1.071
TRK00025,2023-03-01,21,33116,73394.47,6.5,1,588.7,1970-01-01 00:00:00.000000005,0.677
TRK00025,2023-04-01,35,50405,110962.19,6.52,0,0.0,1970-01-01 00:00:00.000000000,1.167
TRK00025,2023-05-01,22,26931,51842.24,6.54,1,1372.14,1970-01-01 00:00:00.000000021,0.71
TRK00025,2023-06-01,23,34221,75356.49,6.4,0,0.0,1970-01-01 00:00:00.000000000,0.767
TRK00025,2023-07-01,18,21330,48890.0,6.48,0,0.0,1970-01-01 00:00:00.000000000,0.581
TRK00025,2023-08-01,21,27872,58255.35,6.52,1,2897.37,1970-01-01 00:00:00.000000024,0.677
TRK00025,2023-09-01,27,35797,78343.75,6.59,0,0.0,1970-01-01 00:00:00.000000000,0.9
TRK00025,2023-10-01,34,44292,93158.21,6.46,2,4803.69,1970-01-01 00:00:00.000000059,1.097
TRK00025,2023-11-01,33,43448,92833.25,6.51,0,0.0,1970-01-01 00:00:00.000000000,1.1
TRK00025,2023-12-01,32,49586,111171.92,6.4,0,0.0,1970-01-01 00:00:00.000000000,1.032
TRK00025,2024-01-01,32,41609,90005.07,6.43,0,0.0,1970-01-01 00:00:00.000000000,1.032
TRK00025,2024-02-01,24,33384,73983.5,6.54,1,1092.6,1970-01-01 00:00:00.000000042,0.828
TRK00025,2024-03-01,28,41664,88945.9,6.43,1,974.85,1970-01-01 00:00:00.000000002,0.903
TRK00025,2024-04-01,21,27588,63159.0,6.22,1,2858.79,1970-01-01 00:00:00.000000004,0.7
TRK00025,2024-05-01,27,36694,81486.78,6.64,1,3145.51,1970-01-01 00:00:00.000000020,0.871
TRK00025,2024-06-01,23,28811,63530.16,6.61,1,115.26,1970-01-01 00:00:00.000000024,0.767
TRK00025,2024-07-01,29,41653,87914.79,6.68,2,4027.28,1970-01-01 00:00:00.000000074,0.935
TRK00025,2024-08-01,34,45494,94773.74,6.53,0,0.0,1970-01-01 00:00:00.000000000,1.097
TRK00025,2024-09-01,29,36834,75414.86,6.42,1,3671.63,1970-01-01 00:00:00.000000009,0.967
TRK00025,2024-10-01,40,46455,95902.21,6.63,0,0.0,1970-01-01 00:00:00.000000000,1.29
TRK00025,2024-11-01,33,53041,110801.46,6.5,0,0.0,1970-01-01 00:00:00.000000000,1.1
TRK00025,2024-12-01,16,31622,62962.72,6.73,0,0.0,1970-01-01 00:00:00.000000000,0.516
TRK00026,2022-01-01,35,45730,98187.08,6.42,0,0.0,1970-01-01 00:00:00.000000000,1.129
TRK00026,2022-02-01,21,20174,43973.84,6.71,1,1779.64,1970-01-01 00:00:00.000000012,0.75
TRK00026,2022-03-01,17,24811,62881.59,6.41,0,0.0,1970-01-01 00:00:00.000000000,0.548
TRK00026,2022-04-01,30,35470,79194.39,6.45,1,3676.37,1970-01-01 00:00:00.000000014,1.0
TRK00026,2022-05-01,23,33677,74525.05,6.45,0,0.0,1970-01-01 00:00:00.000000000,0.742
TRK00026,2022-06-01,20,31805,72172.26,6.48,1,1919.67,1970-01-01 00:00:00.000000008,0.667
TRK00026,2022-07-01,27,30523,62715.72,6.71,0,0.0,1970-01-01 00:00:00.000000000,0.871
TRK00026,2022-08-01,24,31284,66534.66,6.52,1,1370.82,1970-01-01 00:00:00.000000018,0.774
TRK00026,2022-09-01,25,31915,69916.57,6.56,1,665.26,1970-01-01 00:00:00.000000027,0.833
TRK00026,2022-10-01,43,57767,125192.08,6.5,1,783.33,1970-01-01 00:00:00.000000039,1.387
TRK00026,2022-11-01,18,27927,63287.96,6.24,0,0.0,1970-01-01 00:00:00.000000000,0.6
TRK00026,2022-12-01,20,28261,63671.5,6.56,1,3177.21,1970-01-01 00:00:00.000000026,0.645
TRK00026,2023-01-01,25,34975,83433.78,6.52,1,3250.74,1970-01-01 00:00:00.000000046,0.806
TRK00026,2023-02-01,16,22011,45957.43,6.3,0,0.0,1970-01-01 00:00:00.000000000,0.571
TRK00026,2023-03-01,25,37984,79155.15,6.73,0,0.0,1970-01-01 00:00:00.000000000,0.806
TRK00026,2023-04-01,29,43810,96866.25,6.4,1,1770.53,1970-01-01 00:00:00.000000014,0.967
TRK00026,2023-05-01,27,45983,102510.72,6.48,3,5350.35,1970-01-01 00:00:00.000000078,0.871
TRK00026,2023-06-01,13,16434,34241.39,6.62,1,3762.75,1970-01-01 00:00:00.000000029,0.433
TRK00026,2023-07-01,28,38803,85638.98,6.47,2,2115.68,1970-01-01 00:00:00.000000073,0.903
TRK00026,2023-08-01,21,30622,69679.39,6.43,0,0.0,1970-01-01 00:00:00.000000000,0.677
TRK00026,2023-09-01,22,30541,62535.18,6.59,2,4435.83,1970-01-01 00:00:00.000000054,0.733
TRK00026,2023-10-01,25,35655,74028.68,6.39,2,3574.67,1970-01-01 00:00:00.000000061,0.806
TRK00026,2023-11-01,23,31137,65594.97,6.48,1,1226.9,1970-01-01 00:00:00.000000005,0.767
TRK00026,2023-12-01,26,34160,72005.57,6.42,1,3172.1,1970-01-01 00:00:00.000000006,0.839
TRK00026,2024-01-01,16,22520,51049.32,6.2,2,3731.68,1970-01-01 00:00:00.000000025,0.516
TRK00026,2024-02-01,28,39858,80955.0,6.41,0,0.0,1970-01-01 00:00:00.000000000,0.966
TRK00026,2024-03-01,31,45949,99110.88,6.45,1,2794.17,1970-01-01 00:00:00.000000034,1.0
TRK00026,2024-04-01,23,31766,71606.57,6.29,0,0.0,1970-01-01 00:00:00.000000000,0.767
TRK00026,2024-05-01,28,42765,89958.79,6.6,0,0.0,1970-01-01 00:00:00.000000000,0.903
TRK00026,2024-06-01,20,26947,61877.64,6.48,3,9523.0,1970-01-01 00:00:00.000000090,0.667
TRK00026,2024-07-01,29,46362,98900.09,6.37,1,2374.79,1970-01-01 00:00:00.000000041,0.935
TRK00026,2024-08-01,30,44114,91035.51,6.57,0,0.0,1970-01-01 00:00:00.000000000,0.968
TRK00026,2024-09-01,28,40297,85507.81,6.34,0,0.0,1970-01-01 00:00:00.000000000,0.933
TRK00026,2024-10-01,27,38432,79266.44,6.53,1,2411.51,1970-01-01 00:00:00.000000029,0.871
TRK00026,2024-11-01,28,35837,75037.17,6.23,1,3629.85,1970-01-01 00:00:00.000000008,0.933
TRK00026,2024-12-01,24,36259,74579.41,6.6,2,4211.63,1970-01-01 00:00:00.000000040,0.774
TRK00029,2022-01-01,27,34828,77901.7,6.57,4,5962.27,1970-01-01 00:00:00.000000072,0.871
TRK00029,2022-02-01,19,26039,52315.0,6.21,1,1123.08,1970-01-01 00:00:00.000000008,0.679
TRK00029,2022-03-01,30,35033,81584.44,6.63,1,505.92,1970-01-01 00:00:00.000000013,0.968
TRK00029,2022-04-01,17,30037,64163.13,6.55,0,0.0,1970-01-01 00:00:00.000000000,0.567
TRK00029,2022-05-01,24,29584,62712.71,6.73,0,0.0,1970-01-01 00:00:00.000000000,0.774
TRK00029,2022-06-01,22,35341,76632.37,6.52,1,2242.57,1970-01-01 00:00:00.000000012,0.733
TRK00029,2022-07-01,26,32033,67507.85,6.57,0,0.0,1970-01-01 00:00:00.000000000,0.839
TRK00029,2022-08-01,26,36485,78854.56,6.14,0,0.0,1970-01-01 00:00:00.000000000,0.839
TRK00029,2022-09-01,26,45247,97667.88,6.51,0,0.0,1970-01-01 00:00:00.000000000,0.867
TRK00029,2022-10-01,28,35444,74495.6,6.5,0,0.0,1970-01-01 00:00:00.000000000,0.903
TRK00029,2022-11-01,36,52770,112365.63,6.43,1,800.78,1970-01-01 00:00:00.000000018,1.2
TRK00029,2022-12-01,23,38114,82988.29,6.47,0,0.0,1970-01-01 00:00:00.000000000,0.742
TRK00029,2023-01-01,22,37038,79649.72,6.43,0,0.0,1970-01-01 00:00:00.000000000,0.71
TRK00029,2023-02-01,28,45142,97627.84,6.24,1,1196.55,1970-01-01 00:00:00.000000039,1.0
TRK00029,2023-03-01,31,47069,103548.24,6.56,2,5159.06,1970-01-01 00:00:00.000000034,1.0
TRK00029,2023-04-01,25,31841,71493.27,6.43,0,0.0,1970-01-01 00:00:00.000000000,0.833
TRK00029,2023-05-01,34,45577,101261.03,6.44,1,811.9,1970-01-01 00:00:00.000000023,1.097
TRK00029,2023-06-01,23,37467,81334.24,6.24,0,0.0,1970-01-01 00:00:00.000000000,0.767
TRK00029,2023-07-01,24,36679,73486.46,6.6,0,0.0,1970-01-01 00:00:00.000000000,0.774
TRK00029,2023-08-01,27,47402,101970.85,6.42,1,2502.4,1970-01-01 00:00:00.000000003,0.871
TRK00029,2023-09-01,20,28973,55725.49,6.55,2,6004.56,1970-01-01 00:00:00.000000056,0.667
TRK00029,2023-10-01,27,39726,86805.8,6.49,1,1840.09,1970-01-01 00:00:00.000000038,0.871
TRK00029,2023-11-01,23,30757,64543.28,6.41,1,1038.18,1970-01-01 00:00:00.000000043,0.767
TRK00029,2023-12-01,14,18916,37979.33,6.49,1,1400.36,1970-01-01 00:00:00.000000042,0.452
TRK00029,2024-01-01,24,37601,77995.2,6.59,0,0.0,1970-01-01 00:00:00.000000000,0.774
TRK00029,2024-02-01,25,34027,74452.65,6.58,0,0.0,1970-01-01 00:00:00.000000000,0.862
TRK00029,2024-03-01,23,30176,59534.33,6.67,1,1265.22,1970-01-01 00:00:00.000000024,0.742
TRK00029,2024-04-01,26,37608,80744.77,6.51,0,0.0,1970-01-01 00:00:00.000000000,0.867
TRK00029,2024-05-01,14,19976,42155.82,6.58,1,162.27,1970-01-01 00:00:00.000000043,0.452
TRK00029,2024-06-01,23,33008,64542.46,6.66,1,3751.12,1970-01-01 00:00:00.000000019,0.767
TRK00029,2024-07-01,19,23268,50132.95,6.48,1,3165.27,1970-01-01 00:00:00.000000039,0.613
TRK00029,2024-08-01,23,36983,78051.23,6.47,0,0.0,1970-01-01 00:00:00.000000000,0.742
TRK00029,2024-09-01,28,35171,77880.03,6.52,0,0.0,1970-01-01 00:00:00.000000000,0.933
TRK00029,2024-10-01,23,37928,83448.21,6.52,1,845.11,1970-01-01 00:00:00.000000006,0.742
TRK00029,2024-11-01,21,31255,70028.07,6.65,0,0.0,1970-01-01 00:00:00.000000000,0.7
TRK00029,2024-12-01,26,38169,75574.82,6.59,0,0.0,1970-01-01 00:00:00.000000000,0.839
TRK00030,2022-01-01,27,41785,94029.15,6.52,0,0.0,1970-01-01 00:00:00.000000000,0.871
TRK00030,2022-02-01,27,31724,66364.57,6.62,0,0.0,1970-01-01 00:00:00.000000000,0.964
TRK00030,2022-03-01,16,26547,58149.55,6.3,0,0.0,1970-01-01 00:00:00.000000000,0.516
TRK00030,2022-04-01,19,25858,55430.74,6.52,1,3681.29,1970-01-01 00:00:00.000000041,0.633
TRK00030,2022-05-01,30,44952,101442.33,6.38,1,2048.98,1970-01-01 00:00:00.000000046,0.968
TRK00030,2022-06-01,19,27166,55631.61,6.31,0,0.0,1970-01-01 00:00:00.000000000,0.633
TRK00030,2022-07-01,24,32547,67193.05,6.61,0,0.0,1970-01-01 00:00:00.000000000,0.774
TRK00030,2022-08-01,22,31233,65096.7,6.2,1,833.15,1970-01-01 00:00:00.000000006,0.71
TRK00030,2022-09-01,20,31683,64560.45,6.47,0,0.0,1970-01-01 00:00:00.000000000,0.667
TRK00030,2022-10-01,28,40485,80057.51,6.58,2,4050.36,1970-01-01 00:00:00.000000047,0.903
TRK00030,2022-11-01,16,24419,52862.39,6.6,0,0.0,1970-01-01 00:00:00.000000000,0.533
TRK00030,2022-12-01,28,32148,70603.38,6.42,1,611.76,1970-01-01 00:00:00.000000034,0.903
TRK00030,2023-01-01,25,39178,83525.83,6.58,0,0.0,1970-01-01 00:00:00.000000000,0.806
TRK00030,2023-02-01,21,24886,47702.56,6.53,1,690.86,1970-01-01 00:00:00.000000004,0.75
TRK00030,2023-03-01,21,32413,67659.48,6.44,2,3154.28,1970-01-01 00:00:00.000000056,0.677
TRK00030,2023-04-01,23,35562,79466.61,6.56,2,4815.77,1970-01-01 00:00:00.000000081,0.767
TRK00030,2023-05-01,30,45002,93729.14,6.4,1,2227.93,1970-01-01 00:00:00.000000004,0.968
TRK00030,2023-06-01,16,23830,49923.24,6.52,1,2108.8,1970-01-01 00:00:00.000000008,0.533
TRK00030,2023-07-01,22,27715,61393.03,6.27,0,0.0,1970-01-01 00:00:00.000000000,0.71
TRK00030,2023-08-01,25,39074,83627.53,6.62,0,0.0,1970-01-01 00:00:00.000000000,0.806
TRK00030,2023-09-01,30,39776,83582.74,6.28,0,0.0,1970-01-01 00:00:00.000000000,1.0
TRK00030,2023-10-01,39,51318,105340.3,6.45,3,5107.39,1970-01-01 00:00:00.000000051,1.258
TRK00030,2023-11-01,26,40651,88055.45,6.44,0,0.0,1970-01-01 00:00:00.000000000,0.867
TRK00030,2023-12-01,32,46065,97297.6,6.49,0,0.0,1970-01-01 00:00:00.000000000,1.032
TRK00030,2024-01-01,26,38702,79769.81,6.63,1,2830.65,1970-01-01 00:00:00.000000028,0.839
TRK00030,2024-02-01,22,33589,72190.45,6.56,2,5603.41,1970-01-01 00:00:00.000000059,0.759
TRK00030,2024-03-01,26,33609,70550.55,6.62,0,0.0,1970-01-01 00:00:00.000000000,0.839
TRK00030,2024-04-01,27,44350,98507.34,6.32,1,2680.99,1970-01-01 00:00:00.000000005,0.9
TRK00030,2024-05-01,26,39047,89282.26,6.45,1,770.21,1970-01-01 00:00:00.000000006,0.839
TRK00030,2024-06-01,25,36660,82395.3,6.51,1,268.84,1970-01-01 00:00:00.000000010,0.833
TRK00030,2024-07-01,18,29651,66773.46,6.5,1,1304.85,1970-01-01 00:00:00.000000013,0.581
TRK00030,2024-08-01,31,36325,75975.4,6.64,1,3600.83,1970-01-01 00:00:00.000000038,1.0
TRK00030,2024-09-01,30,46289,93048.93,6.48,0,0.0,1970-01-01 00:00:00.000000000,1.0
TRK00030,2024-10-01,30,45602,101704.91,6.48,3,4084.2,1970-01-01 00:00:00.000000084,0.968
TRK00030,2024-11-01,21,34551,74357.85,6.55,1,2853.41,1970-01-01 00:00:00.000000047,0.7
TRK00030,2024-12-01,26,42025,100086.59,6.61,0,0.0,1970-01-01 00:00:00.000000000,0.839
TRK00031,2022-01-01,33,48498,104553.87,6.57,0,0.0,1970-01-01 00:00:00.000000000,1.065
TRK00031,2022-02-01,21,24768,52743.42,6.52,1,330.18,1970-01-01 00:00:00.000000021,0.75
TRK00031,2022-03-01,33,48617,104253.88,6.4,1,1591.12,1970-01-01 00:00:00.000000038,1.065
TRK00031,2022-04-01,21,31725,66457.98,6.54,0,0.0,1970-01-01 00:00:00.000000000,0.7
TRK00031,2022-05-01,32,41630,90254.02,6.52,1,346.36,1970-01-01 00:00:00.000000011,1.032
TRK00031,2022-06-01,29,45525,102175.38,6.4,0,0.0,1970-01-01 00:00:00.000000000,0.967
TRK00031,2022-07-01,32,48133,103014.67,6.58,4,10414.66,1970-01-01 00:00:00.000000105,1.032
TRK00031,2022-08-01,34,47238,103250.68,6.6,0,0.0,1970-01-01 00:00:00.000000000,1.097
TRK00031,2022-09-01,20,32782,75123.38,6.35,0,0.0,1970-01-01 00:00:00.000000000,0.667
TRK00031,2022-10-01,19,27585,60336.85,6.46,1,2319.38,1970-01-01 00:00:00.000000046,0.613
TRK00031,2022-11-01,27,45142,100479.12,6.48,0,0.0,1970-01-01 00:00:00.000000000,0.9
TRK00031,2022-12-01,27,36483,78741.28,6.33,0,0.0,1970-01-01 00:00:00.000000000,0.871
TRK00031,2023-01-01,27,41502,84104.3,6.62,0,0.0,1970-01-01 00:00:00.000000000,0.871
TRK00031,2023-02-01,28,37587,89482.47,6.45,1,3173.7,1970-01-01 00:00:00.000000011,1.0
TRK00031,2023-03-01,20,31652,68820.77,6.4,2,4761.63,1970-01-01 00:00:00.000000033,0.645
TRK00031,2023-04-01,23,31047,68501.99,6.44,0,0.0,1970-01-01 00:00:00.000000000,0.767
TRK00031,2023-05-01,17,23686,55798.32,6.57,1,1450.95,1970-01-01 00:00:00.000000039,0.548
TRK00031,2023-06-01,21,35289,80937.18,6.47,1,3363.27,1970-01-01 00:00:00.000000041,0.7
TRK00031,2023-07-01,29,39213,75399.3,6.43,0,0.0,1970-01-01 00:00:00.000000000,0.935
TRK00031,2023-08-01,25,35863,78400.08,6.53,1,1737.62,1970-01-01 00:00:00.000000020,0.806
TRK00031,2023-09-01,30,42533,92642.5,6.37,0,0.0,1970-01-01 00:00:00.000000000,1.0
TRK00031,2023-10-01,24,38337,77587.43,6.41,1,2609.74,1970-01-01 00:00:00.000000029,0.774
TRK00031,2023-11-01,32,49576,110326.74,6.32,2,3296.65,1970-01-01 00:00:00.000000055,1.067
TRK00031,2023-12-01,26,40401,88149.87,6.51,0,0.0,1970-01-01 00:00:00.000000000,0.839
TRK00031,2024-01-01,34,49160,104563.2,6.42,1,3720.19,1970-01-01 00:00:00.000000002,1.097
TRK00031,2024-02-01,24,35793,76706.51,6.34,1,2507.93,1970-01-01 00:00:00.000000007,0.828
TRK00031,2024-03-01,30,34733,77391.83,6.5,0,0.0,1970-01-01 00:00:00.000000000,0.968
TRK00031,2024-04-01,29,38528,89114.67,6.58,0,0.0,1970-01-01 00:00:00.000000000,0.967
TRK00031,2024-05-01,24,25321,52503.06,6.64,0,0.0,1970-01-01 00:00:00.000000000,0.774
TRK00031,2024-06-01,23,32671,74120.36,6.4,0,0.0,1970-01-01 00:00:00.000000000,0.767
TRK00031,2024-07-01,14,19541,43396.37,6.6,0,0.0,1970-01-01 00:00:00.000000000,0.452
TRK00031,2024-08-01,24,26809,58584.3,6.44,0,0.0,1970-01-01 00:00:00.000000000,0.774
TRK00031,2024-09-01,28,34862,75521.19,6.54,0,0.0,1970-01-01 00:00:00.000000000,0.933
TRK00031,2024-10-01,38,50461,114790.95,6.59,1,2297.36,1970-01-01 00:00:00.000000017,1.226
TRK00031,2024-11-01,19,26435,53830.46,6.72,1,2738.25,1970-01-01 00:00:00.000000010,0.633
TRK00031,2024-12-01,24,32126,71568.59,6.52,3,4438.41,1970-01-01 00:00:00.000000085,0.774
TRK00033,2022-01-01,26,34819,74381.53,6.51,0,0.0,1970-01-01 00:00:00.000000000,0.839
TRK00033,2022-02-01,17,20910,46044.57,6.57,0,0.0,1970-01-01 00:00:00.000000000,0.607
TRK00033,2022-03-01,34,50256,109550.05,6.53,4,9055.41,1970-01-01 00:00:00.000000139,1.097
TRK00033,2022-04-01,24,30962,66977.01,6.44,1,3983.59,1970-01-01 00:00:00.000000027,0.8
TRK00033,2022-05-01,30,43287,99231.61,6.51,1,310.52,1970-01-01 00:00:00.000000020,0.968
TRK00033,2022-06-01,32,46166,97416.27,6.5,1,3139.37,1970-01-01 00:00:00.000000009,1.067
TRK00033,2022-07-01,23,31820,64714.65,6.5,1,1029.53,1970-01-01 00:00:00.000000041,0.742
TRK00033,2022-08-01,16,18418,40897.51,6.53,1,666.0,1970-01-01 00:00:00.000000034,0.516
TRK00033,2022-09-01,22,29188,62302.14,6.57,1,3564.46,1970-01-01 00:00:00.000000040,0.733
TRK00033,2022-10-01,35,55757,123182.96,6.46,1,2916.26,1970-01-01 00:00:00.000000036,1.129
TRK00033,2022-11-01,29,34586,69521.43,6.47,1,1676.16,1970-01-01 00:00:00.000000006,0.967
TRK00033,2022-12-01,22,24934,51927.78,6.7,1,1001.31,1970-01-01 00:00:00.000000043,0.71
TRK00033,2023-01-01,26,42570,91331.98,6.41,2,3754.42,1970-01-01 00:00:00.000000045,0.839
TRK00033,2023-02-01,16,25273,49760.53,6.32,0,0.0,1970-01-01 00:00:00.000000000,0.571
TRK00033,2023-03-01,22,31039,70278.69,6.39,0,0.0,1970-01-01 00:00:00.000000000,0.71
TRK00033,2023-04-01,28,35100,77680.99,6.39,1,818.96,1970-01-01 00:00:00.000000035,0.933
TRK00033,2023-05-01,35,54532,118823.73,6.72,1,1033.98,1970-01-01 00:00:00.000000026,1.129
TRK00033,2023-06-01,27,33161,71171.61,6.4,1,1572.78,1970-01-01 00:00:00.000000046,0.9
TRK00033,2023-07-01,29,41660,88293.13,6.63,1,3749.65,1970-01-01 00:00:00.000000020,0.935
TRK00033,2023-08-01,26,44149,90030.8,6.61,2,2489.9,1970-01-01 00:00:00.000000058,0.839
TRK00033,2023-09-01,25,33729,68680.82,6.55,2,6954.26,1970-01-01 00:00:00.000000016,0.833
TRK00033,2023-10-01,23,37141,78583.72,6.6,0,0.0,1970-01-01 00:00:00.000000000,0.742
TRK00033,2023-11-01,18,22501,48451.2,6.65,0,0.0,1970-01-01 00:00:00.000000000,0.6
TRK00033,2023-12-01,18,29523,63772.84,6.44,1,2173.78,1970-01-01 00:00:00.000000027,0.581
TRK00033,2024-01-01,25,37498,80403.61,6.43,0,0.0,1970-01-01 00:00:00.000000000,0.806
TRK00033,2024-02-01,23,32655,71024.23,6.37,2,5095.72,1970-01-01 00:00:00.000000049,0.793
TRK00033,2024-03-01,25,29787,63988.8,6.39,1,3260.25,1970-01-01 00:00:00.000000020,0.806
TRK00033,2024-04-01,18,24455,53881.75,6.51,0,0.0,1970-01-01 00:00:00.000000000,0.6
TRK00033,2024-05-01,21,31006,65581.01,6.48,0,0.0,1970-01-01 00:00:00.000000000,0.677
TRK00033,2024-06-01,30,39383,88932.11,6.52,1,2477.95,1970-01-01 00:00:00.000000033,1.0
TRK00033,2024-07-01,27,38371,78832.63,6.54,1,2995.43,1970-01-01 00:00:00.000000036,0.871
TRK00033,2024-08-01,19,30083,66014.68,6.57,3,3794.74,1970-01-01 00:00:00.000000093,0.613
TRK00033,2024-09-01,29,41688,97401.8,6.56,0,0.0,1970-01-01 00:00:00.000000000,0.967
TRK00033,2024-10-01,31,38990,82303.09,6.38,0,0.0,1970-01-01 00:00:00.000000000,1.0
TRK00033,2024-11-01,28,38674,78856.38,6.49,0,0.0,1970-01-01 00:00:00.000000000,0.933
TRK00033,2024-12-01,29,40356,88037.4,6.47,0,0.0,1970-01-01 00:00:00.000000000,0.935
TRK00035,2022-01-01,17,29302,66750.62,6.69,0,0.0,1970-01-01 00:00:00.000000000,0.548
TRK00035,2022-02-01,24,41587,86153.62,6.41,2,2783.2,1970-01-01 00:00:00.000000054,0.857
TRK00035,2022-03-01,32,47053,109784.51,6.64,2,6100.16,1970-01-01 00:00:00.000000025,1.032
TRK00035,2022-04-01,26,37503,80923.05,6.58,0,0.0,1970-01-01 00:00:00.000000000,0.867
TRK00035,2022-05-01,22,31385,69079.42,6.37,0,0.0,1970-01-01 00:00:00.000000000,0.71
TRK00035,2022-06-01,33,51629,104624.32,6.54,0,0.0,1970-01-01 00:00:00.000000000,1.1
TRK00035,2022-07-01,29,35915,79914.81,6.48,0,0.0,1970-01-01 00:00:00.000000000,0.935
TRK00035,2022-08-01,23,39450,87111.74,6.69,0,0.0,1970-01-01 00:00:00.000000000,0.742
TRK00035,2022-09-01,27,41460,85254.03,6.66,0,0.0,1970-01-01 00:00:00.000000000,0.9
TRK00035,2022-10-01,21,26080,59811.66,6.5,1,209.01,1970-01-01 00:00:00.000000024,0.677
TRK00035,2022-11-01,23,32324,76372.3,6.09,0,0.0,1970-01-01 00:00:00.000000000,0.767
TRK00035,2022-12-01,31,38033,86441.25,6.58,0,0.0,1970-01-01 00:00:00.000000000,1.0
TRK00035,2023-01-01,32,47301,101600.95,6.53,3,6735.27,1970-01-01 00:00:00.000000076,1.032
TRK00035,2023-02-01,20,34661,78588.87,6.59,1,2403.87,1970-01-01 00:00:00.000000047,0.714
TRK00035,2023-03-01,27,31873,67568.36,6.46,0,0.0,1970-01-01 00:00:00.000000000,0.871
TRK00035,2023-04-01,29,44347,101961.65,6.46,0,0.0,1970-01-01 00:00:00.000000000,0.967
TRK00035,2023-05-01,23,38663,82923.77,6.43,0,0.0,1970-01-01 00:00:00.000000000,0.742
TRK00035,2023-06-01,28,45081,102467.68,6.35,1,3872.84,1970-01-01 00:00:00.000000019,0.933
TRK00035,2023-07-01,20,31653,69128.49,6.48,0,0.0,1970-01-01 00:00:00.000000000,0.645
TRK00035,2023-08-01,22,30934,62606.0,6.34,0,0.0,1970-01-01 00:00:00.000000000,0.71
TRK00035,2023-09-01,22,31903,62645.45,6.46,0,0.0,1970-01-01 00:00:00.000000000,0.733
TRK00035,2023-10-01,31,42283,93088.74,6.53,3,4060.23,1970-01-01 00:00:00.000000065,1.0
TRK00035,2023-11-01,28,37496,75283.24,6.52,0,0.0,1970-01-01 00:00:00.000000000,0.933
TRK00035,2023-12-01,25,36984,83521.96,6.41,0,0.0,1970-01-01 00:00:00.000000000,0.806
TRK00035,2024-01-01,22,36534,78853.17,6.46,1,3215.85,1970-01-01 00:00:00.000000011,0.71
TRK00035,2024-02-01,22,24913,50993.31,6.43,0,0.0,1970-01-01 00:00:00.000000000,0.759
TRK00035,2024-03-01,24,36153,85507.13,6.47,2,5366.02,1970-01-01 00:00:00.000000062,0.774
TRK00035,2024-04-01,22,31564,64182.86,6.53,0,0.0,1970-01-01 00:00:00.000000000,0.733
TRK00035,2024-05-01,25,37506,80553.58,6.42,0,0.0,1970-01-01 00:00:00.000000000,0.806
TRK00035,2024-06-01,32,44389,98172.89,6.59,1,480.4,1970-01-01 00:00:00.000000041,1.067
TRK00035,2024-07-01,24,35444,76804.93,6.63,0,0.0,1970-01-01 00:00:00.000000000,0.774
TRK00035,2024-08-01,20,29562,61206.53,6.55,0,0.0,1970-01-01 00:00:00.000000000,0.645
TRK00035,2024-09-01,35,49144,109241.38,6.58,0,0.0,1970-01-01 00:00:00.000000000,1.167
TRK00035,2024-10-01,23,30595,67045.87,6.45,0,0.0,1970-01-01 00:00:00.000000000,0.742
TRK00035,2024-11-01,34,36394,80839.16,6.38,0,0.0,1970-01-01 00:00:00.000000000,1.133
TRK00035,2024-12-01,34,46704,99205.52,6.56,2,5725.45,1970-01-01 00:00:00.000000088,1.097
TRK00036,2022-01-01,29,36775,73114.62,6.61,1,3318.78,1970-01-01 00:00:00.000000022,0.935
TRK00036,2022-02-01,22,25842,56279.89,6.59,0,0.0,1970-01-01 00:00:00.000000000,0.786
TRK00036,2022-03-01,23,35372,72349.19,6.48,0,0.0,1970-01-01 00:00:00.000000000,0.742
TRK00036,2022-04-01,16,21657,45915.27,6.29,0,0.0,1970-01-01 00:00:00.000000000,0.533
TRK00036,2022-05-01,20,25979,62668.28,6.47,0,0.0,1970-01-01 00:00:00.000000000,0.645
TRK00036,2022-06-01,20,27865,59655.8,6.66,0,0.0,1970-01-01 00:00:00.000000000,0.667
TRK00036,2022-07-01,26,41613,92797.28,6.61,0,0.0,1970-01-01 00:00:00.000000000,0.839
TRK00036,2022-08-01,24,30472,64224.38,6.59,3,7276.32,1970-01-01 00:00:00.000000022,0.774
TRK00036,2022-09-01,20,32593,72110.97,6.53,1,294.86,1970-01-01 00:00:00.000000034,0.667
TRK00036,2022-10-01,31,46878,95782.76,6.5,1,1039.47,1970-01-01 00:00:00.000000045,1.0
TRK00036,2022-11-01,27,38449,88491.73,6.57,0,0.0,1970-01-01 00:00:00.000000000,0.9
TRK00036,2022-12-01,25,32090,66620.98,6.53,0,0.0,1970-01-01 00:00:00.000000000,0.806
TRK00036,2023-01-01,33,46709,93631.92,6.33,0,0.0,1970-01-01 00:00:00.000000000,1.065
TRK00036,2023-02-01,21,31835,64103.61,6.6,0,0.0,1970-01-01 00:00:00.000000000,0.75
TRK00036,2023-03-01,24,33801,72967.31,6.62,0,0.0,1970-01-01 00:00:00.000000000,0.774
TRK00036,2023-04-01,29,38245,88355.08,6.57,0,0.0,1970-01-01 00:00:00.000000000,0.967
TRK00036,2023-05-01,20,26854,56054.73,6.35,0,0.0,1970-01-01 00:00:00.000000000,0.645
TRK00036,2023-06-01,21,21788,47039.44,6.6,0,0.0,1970-01-01 00:00:00.000000000,0.7
TRK00036,2023-07-01,23,30241,60577.68,6.54,1,2044.3,1970-01-01 00:00:00.000000014,0.742
TRK00036,2023-08-01,22,31392,71634.77,6.57,0,0.0,1970-01-01 00:00:00.000000000,0.71
TRK00036,2023-09-01,27,42939,91838.03,6.57,0,0.0,1970-01-01 00:00:00.000000000,0.9
TRK00036,2023-10-01,20,26473,57700.79,6.38,0,0.0,1970-01-01 00:00:00.000000000,0.645
TRK00036,2023-11-01,18,29264,58642.01,6.25,0,0.0,1970-01-01 00:00:00.000000000,0.6
TRK00036,2023-12-01,26,34063,72689.18,6.68,1,2377.81,1970-01-01 00:00:00.000000046,0.839
TRK00036,2024-01-01,20,29082,64878.78,6.52,0,0.0,1970-01-01 00:00:00.000000000,0.645
TRK00036,2024-02-01,25,36749,73358.76,6.51,1,1229.81,1970-01-01 00:00:00.000000040,0.862
TRK00036,2024-03-01,21,24039,53726.7,6.43,0,0.0,1970-01-01 00:00:00.000000000,0.677
TRK00036,2024-04-01,22,33507,66548.31,6.67,1,2802.34,1970-01-01 00:00:00.000000021,0.733
TRK00036,2024-05-01,21,31620,69680.6,6.2,0,0.0,1970-01-01 00:00:00.000000000,0.677
TRK00036,2024-06-01,26,36238,76904.42,6.46,0,0.0,1970-01-01 00:00:00.000000000,0.867
TRK00036,2024-07-01,26,34433,76581.72,6.74,0,0.0,1970-01-01 00:00:00.000000000,0.839
TRK00036,2024-08-01,27,32536,71084.99,6.28,0,0.0,1970-01-01 00:00:00.000000000,0.871
TRK00036,2024-09-01,21,32566,69033.65,6.35,1,1768.69,1970-01-01 00:00:00.000000017,0.7
TRK00036,2024-10-01,35,51550,109080.17,6.69,1,3493.65,1970-01-01 00:00:00.000000036,1.129
TRK00036,2024-11-01,29,37325,82614.47,6.57,1,401.2,1970-01-01 00:00:00.000000009,0.967
TRK00036,2024-12-01,27,36995,82551.32,6.48,1,1475.18,1970-01-01 00:00:00.000000013,0.871
TRK00038,2022-01-01,19,31261,67925.51,6.63,1,2269.04,1970-01-01 00:00:00.000000003,0.613
TRK00038,2022-02-01,19,22612,45745.33,6.49,1,602.1,1970-01-01 00:00:00.000000036,0.679
TRK00038,2022-03-01,30,42694,93322.46,6.38,0,0.0,1970-01-01 00:00:00.000000000,0.968
TRK00038,2022-04-01,25,28964,62402.41,6.6,1,2481.09,1970-01-01 00:00:00.000000008,0.833
TRK00038,2022-05-01,39,54409,122121.42,6.4,1,3013.93,1970-01-01 00:00:00.000000024,1.258
TRK00038,2022-06-01,22,28296,62842.35,6.52,1,2861.08,1970-01-01 00:00:00.000000009,0.733
TRK00038,2022-07-01,19,24972,51282.91,6.49,1,3304.99,1970-01-01 00:00:00.000000027,0.613
TRK00038,2022-08-01,26,36496,74406.15,6.38,0,0.0,1970-01-01 00:00:00.000000000,0.839
TRK00038,2022-09-01,36,49645,111523.44,6.42,1,2371.1,1970-01-01 00:00:00.000000043,1.2
TRK00038,2022-10-01,16,21705,47718.45,6.32,1,1619.84,1970-01-01 00:00:00.000000028,0.516
TRK00038,2022-11-01,26,43377,94130.69,6.43,1,3821.13,1970-01-01 00:00:00.000000026,0.867
TRK00038,2022-12-01,22,28664,64069.32,6.43,0,0.0,1970-01-01 00:00:00.000000000,0.71
TRK00038,2023-01-01,26,34754,75444.59,6.6,3,6528.12,1970-01-01 00:00:00.000000071,0.839
TRK00038,2023-02-01,22,27969,65000.71,6.77,1,1333.53,1970-01-01 00:00:00.000000024,0.786
TRK00038,2023-03-01,26,40621,89536.9,6.5,1,2113.12,1970-01-01 00:00:00.000000027,0.839
TRK00038,2023-04-01,30,36213,75604.87,6.58,1,3980.7,1970-01-01 00:00:00.000000021,1.0
TRK00038,2023-05-01,21,26441,57311.93,6.43,0,0.0,1970-01-01 00:00:00.000000000,0.677
TRK00038,2023-06-01,21,35476,76164.01,6.67,0,0.0,1970-01-01 00:00:00.000000000,0.7
TRK00038,2023-07-01,24,32782,72740.16,6.53,2,4265.28,1970-01-01 00:00:00.000000010,0.774
TRK00038,2023-08-01,28,41500,90733.2,6.42,0,0.0,1970-01-01 00:00:00.000000000,0.903
TRK00038,2023-09-01,34,44334,95706.85,6.46,0,0.0,1970-01-01 00:00:00.000000000,1.133
TRK00038,2023-10-01,27,40024,88811.19,6.63,0,0.0,1970-01-01 00:00:00.000000000,0.871
TRK00038,2023-11-01,21,22803,51554.65,6.41,1,401.56,1970-01-01 00:00:00.000000043,0.7
TRK00038,2023-12-01,36,40335,90030.09,6.4,1,3528.8,1970-01-01 00:00:00.000000027,1.161
TRK00038,2024-01-01,20,32870,70317.57,6.46,1,1054.81,1970-01-01 00:00:00.000000004,0.645
TRK00038,2024-02-01,19,24030,52986.79,6.7,0,0.0,1970-01-01 00:00:00.000000000,0.655
TRK00038,2024-03-01,30,53175,112381.05,6.49,0,0.0,1970-01-01 00:00:00.000000000,0.968
TRK00038,2024-04-01,29,43627,87472.91,6.73,1,1277.18,1970-01-01 00:00:00.000000016,0.967
TRK00038,2024-05-01,20,22509,51219.93,6.43,0,0.0,1970-01-01 00:00:00.000000000,0.645
TRK00038,2024-06-01,27,42867,96292.43,6.68,3,5243.85,1970-01-01 00:00:00.000000097,0.9
TRK00038,2024-07-01,17,21937,51953.45,6.28,0,0.0,1970-01-01 00:00:00.000000000,0.548
TRK00038,2024-08-01,21,30366,65045.76,6.47,3,7734.02,1970-01-01 00:00:00.000000102,0.677
TRK00038,2024-09-01,32,55718,126177.84,6.46,2,4177.48,1970-01-01 00:00:00.000000055,1.067
TRK00038,2024-10-01,37,41487,87362.86,6.61,1,2561.96,1970-01-01 00:00:00.000000039,1.194
TRK00038,2024-11-01,15,19078,41261.91,6.72,1,2444.43,1970-01-01 00:00:00.000000045,0.5
TRK00038,2024-12-01,26,38385,82835.65,6.37,0,0.0,1970-01-01 00:00:00.000000000,0.839
TRK00039,2022-01-01,22,32929,70376.82,6.43,0,0.0,1970-01-01 00:00:00.000000000,0.71
TRK00039,2022-02-01,20,25630,52926.5,6.08,0,0.0,1970-01-01 00:00:00.000000000,0.714
TRK00039,2022-03-01,27,46745,104956.14,6.37,1,235.03,1970-01-01 00:00:00.000000016,0.871
TRK00039,2022-04-01,34,41758,88216.03,6.61,1,2303.3,1970-01-01 00:00:00.000000019,1.133
TRK00039,2022-05-01,23,33760,75382.89,6.79,2,3824.98,1970-01-01 00:00:00.000000054,0.742
TRK00039,2022-06-01,22,27438,59033.3,6.35,1,3210.62,1970-01-01 00:00:00.000000038,0.733
TRK00039,2022-07-01,32,49217,105027.97,6.71,0,0.0,1970-01-01 00:00:00.000000000,1.032
TRK00039,2022-08-01,32,45698,100056.67,6.69,0,0.0,1970-01-01 00:00:00.000000000,1.032
TRK00039,2022-09-01,26,36016,76166.68,6.52,1,3219.98,1970-01-01 00:00:00.000000030,0.867
TRK00039,2022-10-01,27,39311,84721.04,6.33,0,0.0,1970-01-01 00:00:00.000000000,0.871
TRK00039,2022-11-01,25,40796,89149.88,6.57,0,0.0,1970-01-01 00:00:00.000000000,0.833
TRK00039,2022-12-01,23,30431,66486.82,6.62,1,473.67,1970-01-01 00:00:00.000000038,0.742
TRK00039,2023-01-01,18,31595,66896.62,6.62,0,0.0,1970-01-01 00:00:00.000000000,0.581
TRK00039,2023-02-01,27,42750,96154.21,6.5,2,1151.14,1970-01-01 00:00:00.000000050,0.964
TRK00039,2023-03-01,27,32866,66487.37,6.63,1,479.39,1970-01-01 00:00:00.000000018,0.871
TRK00039,2023-04-01,21,24736,50556.64,6.42,0,0.0,1970-01-01 00:00:00.000000000,0.7
TRK00039,2023-05-01,26,38331,87508.46,6.47,0,0.0,1970-01-01 00:00:00.000000000,0.839
TRK00039,2023-06-01,23,31265,67245.98,6.32,1,3294.69,1970-01-01 00:00:00.000000014,0.767
TRK00039,2023-07-01,32,38184,83890.89,6.34,2,4792.7,1970-01-01 00:00:00.000000031,1.032
TRK00039,2023-08-01,26,38681,77517.39,6.47,3,7395.94,1970-01-01 00:00:00.000000033,0.839
TRK00039,2023-09-01,25,30536,68113.6,6.57,0,0.0,1970-01-01 00:00:00.000000000,0.833
TRK00039,2023-10-01,28,39971,83627.5,6.42,0,0.0,1970-01-01 00:00:00.000000000,0.903
TRK00039,2023-11-01,33,46593,88405.91,6.37,1,2563.18,1970-01-01 00:00:00.000000016,1.1
TRK00039,2023-12-01,23,28601,59839.44,6.68,1,910.04,1970-01-01 00:00:00.000000028,0.742
TRK00039,2024-01-01,33,53150,112067.68,6.66,0,0.0,1970-01-01 00:00:00.000000000,1.065
TRK00039,2024-02-01,29,38340,74506.35,6.48,2,4234.18,1970-01-01 00:00:00.000000051,1.0
TRK00039,2024-03-01,33,48252,100172.59,6.55,2,4161.05,1970-01-01 00:00:00.000000063,1.065
TRK00039,2024-04-01,37,49877,110776.12,6.39,0,0.0,1970-01-01 00:00:00.000000000,1.233
TRK00039,2024-05-01,24,35876,74927.34,6.51,1,3655.04,1970-01-01 00:00:00.000000008,0.774
TRK00039,2024-06-01,28,35062,69678.23,6.66,0,0.0,1970-01-01 00:00:00.000000000,0.933
TRK00039,2024-07-01,28,41586,90673.92,6.43,0,0.0,1970-01-01 00:00:00.000000000,0.903
TRK00039,2024-08-01,25,32869,64177.56,6.68,0,0.0,1970-01-01 00:00:00.000000000,0.806
TRK00039,2024-09-01,21,32960,70989.3,6.5,0,0.0,1970-01-01 00:00:00.000000000,0.7
TRK00039,2024-10-01,29,37451,77702.47,6.35,0,0.0,1970-01-01 00:00:00.000000000,0.935
TRK00039,2024-11-01,31,49140,109881.33,6.75,1,1676.2,1970-01-01 00:00:00.000000041,1.033
TRK00039,2024-12-01,26,38331,79986.25,6.57,0,0.0,1970-01-01 00:00:00.000000000,0.839
TRK00040,2022-01-01,40,61165,135805.29,6.53,0,0.0,1970-01-01 00:00:00.000000000,1.29
TRK00040,2022-02-01,14,16788,34973.08,6.44,0,0.0,1970-01-01 00:00:00.000000000,0.5
TRK00040,2022-03-01,33,42901,89615.36,6.38,0,0.0,1970-01-01 00:00:00.000000000,1.065
TRK00040,2022-04-01,25,36238,75119.86,6.61,0,0.0,1970-01-01 00:00:00.000000000,0.833
TRK00040,2022-05-01,22,31196,64152.19,6.49,0,0.0,1970-01-01 00:00:00.000000000,0.71
TRK00040,2022-06-01,28,36028,76869.93,6.54,0,0.0,1970-01-01 00:00:00.000000000,0.933
TRK00040,2022-07-01,23,27588,60210.13,6.54,0,0.0,1970-01-01 00:00:00.000000000,0.742
TRK00040,2022-08-01,20,27613,63404.46,6.64,0,0.0,1970-01-01 00:00:00.000000000,0.645
TRK00040,2022-09-01,18,20973,44320.4,6.44,0,0.0,1970-01-01 00:00:00.000000000,0.6
TRK00040,2022-10-01,37,53644,122874.39,6.57,0,0.0,1970-01-01 00:00:00.000000000,1.194
TRK00040,2022-11-01,24,30521,66871.49,6.47,1,268.88,1970-01-01 00:00:00.000000033,0.8
TRK00040,2022-12-01,25,37773,87083.61,6.41,1,1213.72,1970-01-01 00:00:00.000000031,0.806
TRK00040,2023-01-01,26,30207,59007.83,6.55,1,1160.55,1970-01-01 00:00:00.000000046,0.839
TRK00040,2023-02-01,17,23212,51928.11,6.36,3,7326.51,1970-01-01 00:00:00.000000057,0.607
TRK00040,2023-03-01,18,22590,49530.34,6.6,0,0.0,1970-01-01 00:00:00.000000000,0.581
TRK00040,2023-04-01,27,35628,69676.51,6.55,1,2045.58,1970-01-01 00:00:00.000000031,0.9
TRK00040,2023-05-01,16,23127,48419.85,6.29,1,1657.22,1970-01-01 00:00:00.000000037,0.516
TRK00040,2023-06-01,14,18101,44116.57,6.52,2,5735.52,1970-01-01 00:00:00.000000051,0.467
TRK00040,2023-07-01,34,41185,92591.95,6.4,1,3489.39,1970-01-01 00:00:00.000000015,1.097
TRK00040,2023-08-01,23,33171,72082.99,6.67,0,0.0,1970-01-01 00:00:00.000000000,0.742
TRK00040,2023-09-01,33,44967,93090.13,6.49,0,0.0,1970-01-01 00:00:00.000000000,1.1
TRK00040,2023-10-01,26,33449,73813.77,6.49,0,0.0,1970-01-01 00:00:00.000000000,0.839
TRK00040,2023-11-01,25,28409,57866.45,6.46,2,6582.09,1970-01-01 00:00:00.000000035,0.833
TRK00040,2023-12-01,21,35608,78374.89,6.54,1,2576.44,1970-01-01 00:00:00.000000031,0.677
TRK00040,2024-01-01,15,23373,49132.97,6.35,2,5943.57,1970-01-01 00:00:00.000000066,0.484
TRK00040,2024-02-01,24,37071,83061.08,6.67,0,0.0,1970-01-01 00:00:00.000000000,0.828
TRK00040,2024-03-01,32,40745,90035.81,6.55,1,2496.84,1970-01-01 00:00:00.000000017,1.032
TRK00040,2024-04-01,30,38603,82795.36,6.52,1,2023.31,1970-01-01 00:00:00.000000030,1.0
TRK00040,2024-05-01,22,32279,68801.56,6.58,1,3867.84,1970-01-01 00:00:00.000000019,0.71
TRK00040,2024-06-01,17,23722,51115.55,6.49,2,3687.74,1970-01-01 00:00:00.000000013,0.567
TRK00040,2024-07-01,19,29444,63104.89,6.61,1,3343.52,1970-01-01 00:00:00.000000038,0.613
TRK00040,2024-08-01,28,37497,82060.09,6.4,0,0.0,1970-01-01 00:00:00.000000000,0.903
TRK00040,2024-09-01,17,22765,50446.86,6.62,0,0.0,1970-01-01 00:00:00.000000000,0.567
TRK00040,2024-10-01,26,38821,86240.06,6.67,1,3436.02,1970-01-01 00:00:00.000000010,0.839
TRK00040,2024-11-01,22,31938,68171.58,6.44,2,7140.0,1970-01-01 00:00:00.000000083,0.733
TRK00040,2024-12-01,19,30175,67035.29,6.25,1,3563.0,1970-01-01 00:00:00.000000010,0.613
TRK00041,2022-01-01,26,44109,95579.02,6.53,1,3288.07,1970-01-01 00:00:00.000000008,0.839
TRK00041,2022-02-01,27,33241,70334.47,6.48,2,2745.61,1970-01-01 00:00:00.000000069,0.964
TRK00041,2022-03-01,42,58554,126608.49,6.49,0,0.0,1970-01-01 00:00:00.000000000,1.355
TRK00041,2022-04-01,26,41562,85689.32,6.42,2,6426.82,1970-01-01 00:00:00.000000053,0.867
TRK00041,2022-05-01,24,35637,76067.12,6.74,1,2705.88,1970-01-01 00:00:00.000000004,0.774
TRK00041,2022-06-01,27,41658,83455.53,6.47,1,2577.38,1970-01-01 00:00:00.000000021,0.9
TRK00041,2022-07-01,36,52031,112221.86,6.47,0,0.0,1970-01-01 00:00:00.000000000,1.161
TRK00041,2022-08-01,38,55540,125941.51,6.48,1,2843.7,1970-01-01 00:00:00.000000012,1.226
TRK00041,2022-09-01,18,24636,54822.47,6.4,1,3208.55,1970-01-01 00:00:00.000000013,0.6
TRK00041,2022-10-01,27,38535,85078.67,6.46,1,1784.77,1970-01-01 00:00:00.000000016,0.871
TRK00041,2022-11-01,25,38879,78616.34,6.5,1,3621.97,1970-01-01 00:00:00.000000007,0.833
TRK00041,2022-12-01,34,59229,123389.25,6.41,0,0.0,1970-01-01 00:00:00.000000000,1.097
TRK00041,2023-01-01,16,20612,48835.47,6.69,1,3645.73,1970-01-01 00:00:00.000000020,0.516
TRK00041,2023-02-01,21,33157,74066.18,6.62,0,0.0,1970-01-01 00:00:00.000000000,0.75
TRK00041,2023-03-01,32,38353,84776.39,6.44,1,2116.41,1970-01-01 00:00:00.000000040,1.032
TRK00041,2023-04-01,22,39762,85008.85,6.61,0,0.0,1970-01-01 00:00:00.000000000,0.733
TRK00041,2023-05-01,33,45287,94539.43,6.49,0,0.0,1970-01-01 00:00:00.000000000,1.065
TRK00041,2023-06-01,26,39175,81901.5,6.76,0,0.0,1970-01-01 00:00:00.000000000,0.867
TRK00041,2023-07-01,25,33415,72824.23,6.35,1,3218.15,1970-01-01 00:00:00.000000026,0.806
TRK00041,2023-08-01,25,35427,71852.74,6.55,0,0.0,1970-01-01 00:00:00.000000000,0.806
TRK00041,2023-09-01,24,26888,58540.21,6.62,2,4500.47,1970-01-01 00:00:00.000000059,0.8
TRK00041,2023-10-01,30,39831,83869.26,6.43,0,0.0,1970-01-01 00:00:00.000000000,0.968
TRK00041,2023-11-01,25,42031,87748.17,6.32,1,2624.03,1970-01-01 00:00:00.000000017,0.833
TRK00041,2023-12-01,14,22780,47487.78,6.51,1,1229.05,1970-01-01 00:00:00.000000010,0.452
TRK00041,2024-01-01,37,54407,119153.04,6.54,1,401.89,1970-01-01 00:00:00.000000011,1.194
TRK00041,2024-02-01,24,38224,87427.72,6.33,0,0.0,1970-01-01 00:00:00.000000000,0.828
TRK00041,2024-03-01,31,50765,107268.03,6.44,0,0.0,1970-01-01 00:00:00.000000000,1.0
TRK00041,2024-04-01,21,23143,51879.94,6.6,0,0.0,1970-01-01 00:00:00.000000000,0.7
TRK00041,2024-05-01,28,51171,113368.42,6.39,1,545.23,1970-01-01 00:00:00.000000045,0.903
TRK00041,2024-06-01,30,37781,76608.14,6.56,2,2972.28,1970-01-01 00:00:00.000000020,1.0
TRK00041,2024-07-01,18,27932,57937.03,6.6,0,0.0,1970-01-01 00:00:00.000000000,0.581
TRK00041,2024-08-01,30,44294,95122.68,6.42,0,0.0,1970-01-01 00:00:00.000000000,0.968
TRK00041,2024-09-01,27,34616,75830.4,6.71,0,0.0,1970-01-01 00:00:00.000000000,0.9
TRK00041,2024-10-01,28,40055,93436.82,6.54,0,0.0,1970-01-01 00:00:00.000000000,0.903
TRK00041,2024-11-01,23,29445,61782.39,6.38,1,3096.03,1970-01-01 00:00:00.000000042,0.767
TRK00041,2024-12-01,25,31839,68252.12,6.6,2,6133.22,1970-01-01 00:00:00.000000023,0.806
TRK00043,2022-01-01,26,38359,85046.49,6.52,0,0.0,1970-01-01 00:00:00.000000000,0.839
TRK00043,2022-02-01,29,45988,100292.5,6.42,0,0.0,1970-01-01 00:00:00.000000000,1.036
TRK00043,2022-03-01,27,47039,97515.1,6.64,1,744.27,1970-01-01 00:00:00.000000016,0.871
TRK00043,2022-04-01,23,26846,56150.0,6.68,0,0.0,1970-01-01 00:00:00.000000000,0.767
TRK00043,2022-05-01,22,31756,67993.09,6.45,0,0.0,1970-01-01 00:00:00.000000000,0.71
TRK00043,2022-06-01,31,46648,102719.05,6.54,1,3481.84,1970-01-01 00:00:00.000000008,1.033
TRK00043,2022-07-01,26,33046,68363.17,6.39,0,0.0,1970-01-01 00:00:00.000000000,0.839
TRK00043,2022-08-01,28,41138,89718.15,6.6,0,0.0,1970-01-01 00:00:00.000000000,0.903
TRK00043,2022-09-01,22,29895,68542.99,6.63,0,0.0,1970-01-01 00:00:00.000000000,0.733
TRK00043,2022-10-01,36,48886,107325.73,6.57,2,4068.06,1970-01-01 00:00:00.000000082,1.161
TRK00043,2022-11-01,19,28722,65839.24,6.49,1,512.33,1970-01-01 00:00:00.000000026,0.633
TRK00043,2022-12-01,23,38184,76265.66,6.6,2,4542.49,1970-01-01 00:00:00.000000036,0.742
TRK00043,2023-01-01,21,28353,55176.22,6.39,0,0.0,1970-01-01 00:00:00.000000000,0.677
TRK00043,2023-02-01,13,20007,43272.76,6.6,1,163.04,1970-01-01 00:00:00.000000014,0.464
TRK00043,2023-03-01,28,43565,96685.21,6.57,0,0.0,1970-01-01 00:00:00.000000000,0.903
TRK00043,2023-04-01,23,29626,65771.28,6.58,1,3409.52,1970-01-01 00:00:00.000000012,0.767
TRK00043,2023-05-01,26,32927,67292.29,6.54,1,2155.68,1970-01-01 00:00:00.000000028,0.839
TRK00043,2023-06-01,29,46025,101190.81,6.59,2,7603.8,1970-01-01 00:00:00.000000041,0.967
TRK00043,2023-07-01,19,32947,74954.2,6.26,0,0.0,1970-01-01 00:00:00.000000000,0.613
TRK00043,2023-08-01,29,45819,96976.18,6.48,0,0.0,1970-01-01 00:00:00.000000000,0.935
TRK00043,2023-09-01,34,53057,106184.67,6.35,1,2204.04,1970-01-01 00:00:00.000000039,1.133
TRK00043,2023-10-01,31,37614,81156.21,6.51,0,0.0,1970-01-01 00:00:00.000000000,1.0
TRK00043,2023-11-01,22,32071,72881.04,6.64,1,492.32,1970-01-01 00:00:00.000000008,0.733
TRK00043,2023-12-01,27,37256,82600.13,6.51,0,0.0,1970-01-01 00:00:00.000000000,0.871
TRK00043,2024-01-01,38,52127,108138.87,6.48,1,1922.12,1970-01-01 00:00:00.000000041,1.226
TRK00043,2024-02-01,15,18080,37158.31,6.44,1,1291.77,1970-01-01 00:00:00.000000017,0.517
TRK00043,2024-03-01,19,25107,55026.68,6.75,1,3447.7,1970-01-01 00:00:00.000000023,0.613
TRK00043,2024-04-01,22,32982,75058.97,6.67,0,0.0,1970-01-01 00:00:00.000000000,0.733
TRK00043,2024-05-01,28,42240,89262.45,6.28,0,0.0,1970-01-01 00:00:00.000000000,0.903
TRK00043,2024-06-01,33,49065,105054.79,6.56,0,0.0,1970-01-01 00:00:00.000000000,1.1
TRK00043,2024-07-01,28,37517,81086.07,6.54,0,0.0,1970-01-01 00:00:00.000000000,0.903
TRK00043,2024-08-01,26,30348,67516.05,6.33,1,1508.16,1970-01-01 00:00:00.000000046,0.839
TRK00043,2024-09-01,25,35632,84011.29,6.47,0,0.0,1970-01-01 00:00:00.000000000,0.833
TRK00043,2024-10-01,28,48251,98897.45,6.59,0,0.0,1970-01-01 00:00:00.000000000,0.903
TRK00043,2024-11-01,28,35707,73313.38,6.41,1,3320.33,1970-01-01 00:00:00.000000044,0.933
TRK00043,2024-12-01,15,18331,39754.32,6.71,0,0.0,1970-01-01 00:00:00.000000000,0.484
TRK00044,2022-01-01,17,25732,52236.28,6.37,1,1046.43,1970-01-01 00:00:00.000000007,0.548
TRK00044,2022-02-01,26,47496,100179.6,6.37,1,708.34,1970-01-01 00:00:00.000000036,0.929
TRK00044,2022-03-01,26,40947,91300.82,6.61,1,1655.45,1970-01-01 00:00:00.000000038,0.839
TRK00044,2022-04-01,27,38940,86135.07,6.64,1,955.69,1970-01-01 00:00:00.000000038,0.9
TRK00044,2022-05-01,26,37714,85084.18,6.53,0,0.0,1970-01-01 00:00:00.000000000,0.839
TRK00044,2022-06-01,24,36296,77692.81,6.52,0,0.0,1970-01-01 00:00:00.000000000,0.8
TRK00044,2022-07-01,24,36515,77281.01,6.44,1,1089.51,1970-01-01 00:00:00.000000047,0.774
TRK00044,2022-08-01,27,41153,85914.41,6.48,3,5103.1,1970-01-01 00:00:00.000000046,0.871
TRK00044,2022-09-01,33,51773,118034.53,6.66,0,0.0,1970-01-01 00:00:00.000000000,1.1
TRK00044,2022-10-01,26,33639,77990.44,6.25,0,0.0,1970-01-01 00:00:00.000000000,0.839
TRK00044,2022-11-01,33,52680,110013.31,6.4,1,2476.84,1970-01-01 00:00:00.000000037,1.1
TRK00044,2022-12-01,32,44765,95566.74,6.55,1,3951.87,1970-01-01 00:00:00.000000037,1.032
TRK00044,2023-01-01,24,29133,62623.39,6.35,2,6171.99,1970-01-01 00:00:00.000000009,0.774
TRK00044,2023-02-01,11,16462,35177.59,6.52,1,3659.21,1970-01-01 00:00:00.000000045,0.393
TRK00044,2023-03-01,27,41063,91349.81,6.54,0,0.0,1970-01-01 00:00:00.000000000,0.871
TRK00044,2023-04-01,21,26446,55433.64,6.44,2,2149.07,1970-01-01 00:00:00.000000069,0.7
TRK00044,2023-05-01,27,40672,86863.8,6.5,1,865.44,1970-01-01 00:00:00.000000016,0.871
TRK00044,2023-06-01,33,49152,107104.35,6.55,0,0.0,1970-01-01 00:00:00.000000000,1.1
TRK00044,2023-07-01,27,32893,71906.31,6.64,0,0.0,1970-01-01 00:00:00.000000000,0.871
TRK00044,2023-08-01,25,37613,78690.99,6.68,2,3550.73,1970-01-01 00:00:00.000000044,0.806
TRK00044,2023-09-01,24,33658,63879.21,6.37,3,5776.57,1970-01-01 00:00:00.000000106,0.8
TRK00044,2023-10-01,27,41323,92306.45,6.62,2,3316.31,1970-01-01 00:00:00.000000089,0.871
TRK00044,2023-11-01,28,39486,80782.44,6.49,1,527.86,1970-01-01 00:00:00.000000035,0.933
TRK00044,2023-12-01,25,38151,84052.44,6.63,0,0.0,1970-01-01 00:00:00.000000000,0.806
TRK00044,2024-01-01,18,31084,70471.31,6.69,1,2913.47,1970-01-01 00:00:00.000000037,0.581
TRK00044,2024-02-01,26,38227,82707.88,6.35,0,0.0,1970-01-01 00:00:00.000000000,0.897
TRK00044,2024-03-01,31,36813,76730.84,6.5,1,3189.14,1970-01-01 00:00:00.000000030,1.0
TRK00044,2024-04-01,25,34109,74061.35,6.55,2,3791.41,1970-01-01 00:00:00.000000049,0.833
TRK00044,2024-05-01,33,48765,102826.49,6.54,2,4308.1,1970-01-01 00:00:00.000000066,1.065
TRK00044,2024-06-01,32,39174,88029.42,6.55,0,0.0,1970-01-01 00:00:00.000000000,1.067
TRK00044,2024-07-01,31,43378,95919.78,6.57,1,2593.33,1970-01-01 00:00:00.000000002,1.0
TRK00044,2024-08-01,35,45677,93541.6,6.27,1,598.48,1970-01-01 00:00:00.000000005,1.129
TRK00044,2024-09-01,27,36017,75938.67,6.58,3,4898.14,1970-01-01 00:00:00.000000095,0.9
TRK00044,2024-10-01,30,48044,111627.95,6.48,1,2003.03,1970-01-01 00:00:00.000000027,0.968
TRK00044,2024-11-01,28,34103,76487.28,6.48,1,390.08,1970-01-01 00:00:00.000000046,0.933
TRK00044,2024-12-01,35,54829,129765.38,6.32,1,2135.64,1970-01-01 00:00:00.000000012,1.129
TRK00045,2022-01-01,22,30020,66268.51,6.41,0,0.0,1970-01-01 00:00:00.000000000,0.71
TRK00045,2022-02-01,14,20347,39604.5,6.24,1,2577.02,1970-01-01 00:00:00.000000017,0.5
TRK00045,2022-03-01,18,25098,54931.79,6.48,1,1189.0,1970-01-01 00:00:00.000000003,0.581
TRK00045,2022-04-01,21,35780,76925.21,6.61,2,6236.22,1970-01-01 00:00:00.000000056,0.7
TRK00045,2022-05-01,21,30246,67067.76,6.38,0,0.0,1970-01-01 00:00:00.000000000,0.677
TRK00045,2022-06-01,24,37919,79293.22,6.4,0,0.0,1970-01-01 00:00:00.000000000,0.8
TRK00045,2022-07-01,25,44672,91506.22,6.42,0,0.0,1970-01-01 00:00:00.000000000,0.806
TRK00045,2022-08-01,29,45409,97231.77,6.57,1,2750.21,1970-01-01 00:00:00.000000004,0.935
TRK00045,2022-09-01,25,39447,81072.61,6.46,0,0.0,1970-01-01 00:00:00.000000000,0.833
TRK00045,2022-10-01,20,36779,71526.52,6.46,1,493.09,1970-01-01 00:00:00.000000003,0.645
TRK00045,2022-11-01,16,25516,56896.02,6.56,1,777.95,1970-01-01 00:00:00.000000016,0.533
TRK00045,2022-12-01,18,23159,49432.08,6.48,1,2678.01,1970-01-01 00:00:00.000000008,0.581
TRK00045,2023-01-01,23,32204,69879.34,6.66,0,0.0,1970-01-01 00:00:00.000000000,0.742
TRK00045,2023-02-01,27,44119,91950.2,6.48,1,2527.6,1970-01-01 00:00:00.000000047,0.964
TRK00045,2023-03-01,23,34506,73449.97,6.4,1,3324.71,1970-01-01 00:00:00.000000040,0.742
TRK00045,2023-04-01,31,55395,117603.52,6.49,0,0.0,1970-01-01 00:00:00.000000000,1.033
TRK00045,2023-05-01,17,23021,48134.41,6.37,0,0.0,1970-01-01 00:00:00.000000000,0.548
TRK00045,2023-06-01,25,38023,90910.85,6.62,0,0.0,1970-01-01 00:00:00.000000000,0.833
TRK00045,2023-07-01,28,37706,82142.68,6.62,0,0.0,1970-01-01 00:00:00.000000000,0.903
TRK00045,2023-08-01,25,37548,85623.92,6.59,0,0.0,1970-01-01 00:00:00.000000000,0.806
TRK00045,2023-09-01,24,38114,86794.41,6.43,0,0.0,1970-01-01 00:00:00.000000000,0.8
TRK00045,2023-10-01,20,30467,64686.93,6.27,0,0.0,1970-01-01 00:00:00.000000000,0.645
TRK00045,2023-11-01,29,33659,71790.91,6.42,0,0.0,1970-01-01 00:00:00.000000000,0.967
TRK00045,2023-12-01,14,21840,47300.83,6.37,1,738.63,1970-01-01 00:00:00.000000014,0.452
TRK00045,2024-01-01,29,37978,80663.65,6.44,2,3176.33,1970-01-01 00:00:00.000000055,0.935
TRK00045,2024-02-01,23,31532,69340.52,6.37,0,0.0,1970-01-01 00:00:00.000000000,0.793
TRK00045,2024-03-01,25,36302,73859.0,6.53,2,2584.25,1970-01-01 00:00:00.000000048,0.806
TRK00045,2024-04-01,29,46176,100696.83,6.36,3,6663.62,1970-01-01 00:00:00.000000101,0.967
TRK00045,2024-05-01,36,49810,113871.47,6.5,0,0.0,1970-01-01 00:00:00.000000000,1.161
TRK00045,2024-06-01,26,32578,62665.5,6.59,0,0.0,1970-01-01 00:00:00.000000000,0.867
TRK00045,2024-07-01,17,24863,53033.45,6.75,1,619.94,1970-01-01 00:00:00.000000047,0.548
TRK00045,2024-08-01,24,21192,46530.41,6.48,0,0.0,1970-01-01 00:00:00.000000000,0.774
TRK00045,2024-09-01,33,47967,100596.46,6.57,1,3252.9,1970-01-01 00:00:00.000000022,1.1
TRK00045,2024-10-01,28,31361,66598.22,6.53,1,3005.88,1970-01-01 00:00:00.000000046,0.903
TRK00045,2024-11-01,19,35039,65793.84,6.7,0,0.0,1970-01-01 00:00:00.000000000,0.633
TRK00045,2024-12-01,26,26586,58511.93,6.56,2,2651.73,1970-01-01 00:00:00.000000037,0.839
TRK00048,2022-01-01,31,42055,85919.74,6.51,0,0.0,1970-01-01 00:00:00.000000000,1.0
TRK00048,2022-02-01,25,32432,71761.42,6.47,0,0.0,1970-01-01 00:00:00.000000000,0.893
TRK00048,2022-03-01,32,54850,119977.23,6.28,1,3466.12,1970-01-01 00:00:00.000000012,1.032
TRK00048,2022-04-01,30,34169,73895.19,6.46,2,3580.05,1970-01-01 00:00:00.000000056,1.0
TRK00048,2022-05-01,21,34949,79824.21,6.42,3,5446.27,1970-01-01 00:00:00.000000086,0.677
TRK00048,2022-06-01,28,38667,86921.14,6.61,1,457.82,1970-01-01 00:00:00.000000039,0.933
TRK00048,2022-07-01,22,30492,63831.56,6.43,1,907.05,1970-01-01 00:00:00.000000034,0.71
TRK00048,2022-08-01,27,39919,76557.56,6.41,0,0.0,1970-01-01 00:00:00.000000000,0.871
TRK00048,2022-09-01,28,36489,73458.92,6.44,0,0.0,1970-01-01 00:00:00.000000000,0.933
TRK00048,2022-10-01,21,29240,60723.78,6.43,2,3535.92,1970-01-01 00:00:00.000000022,0.677
TRK00048,2022-11-01,35,41452,91359.45,6.5,1,2738.5,1970-01-01 00:00:00.000000017,1.167
TRK00048,2022-12-01,27,39558,84941.45,6.56,1,2436.68,1970-01-01 00:00:00.000000034,0.871
TRK00048,2023-01-01,27,37589,85774.72,6.44,0,0.0,1970-01-01 00:00:00.000000000,0.871
TRK00048,2023-02-01,18,23118,50012.76,6.52,0,0.0,1970-01-01 00:00:00.000000000,0.643
TRK00048,2023-03-01,25,33662,69207.47,6.41,0,0.0,1970-01-01 00:00:00.000000000,0.806
TRK00048,2023-04-01,25,43204,90076.65,6.45,0,0.0,1970-01-01 00:00:00.000000000,0.833
TRK00048,2023-05-01,29,44819,97668.47,6.64,0,0.0,1970-01-01 00:00:00.000000000,0.935
TRK00048,2023-06-01,23,26731,56123.88,6.7,0,0.0,1970-01-01 00:00:00.000000000,0.767
TRK00048,2023-07-01,27,46767,102236.88,6.51,1,3526.73,1970-01-01 00:00:00.000000014,0.871
TRK00048,2023-08-01,23,35263,77748.88,6.54,0,0.0,1970-01-01 00:00:00.000000000,0.742
TRK00048,2023-09-01,27,40610,85356.48,6.48,0,0.0,1970-01-01 00:00:00.000000000,0.9
TRK00048,2023-10-01,33,47582,102920.34,6.59,0,0.0,1970-01-01 00:00:00.000000000,1.065
TRK00048,2023-11-01,32,39158,85561.63,6.48,0,0.0,1970-01-01 00:00:00.000000000,1.067
TRK00048,2023-12-01,19,23556,53436.46,6.29,0,0.0,1970-01-01 00:00:00.000000000,0.613
TRK00048,2024-01-01,25,42783,92996.65,6.47,0,0.0,1970-01-01 00:00:00.000000000,0.806
TRK00048,2024-02-01,21,32797,74281.37,6.78,0,0.0,1970-01-01 00:00:00.000000000,0.724
TRK00048,2024-03-01,31,47908,105381.24,6.51,2,3893.1,1970-01-01 00:00:00.000000077,1.0
TRK00048,2024-04-01,15,16911,40990.55,6.35,1,3900.2,1970-01-01 00:00:00.000000041,0.5
TRK00048,2024-05-01,31,43517,90677.37,6.59,1,3922.78,1970-01-01 00:00:00.000000046,1.0
TRK00048,2024-06-01,29,46917,106854.4,6.42,1,3259.23,1970-01-01 00:00:00.000000032,0.967
TRK00048,2024-07-01,22,34794,73766.56,6.5,1,989.08,1970-01-01 00:00:00.000000026,0.71
TRK00048,2024-08-01,34,48469,99621.08,6.43,0,0.0,1970-01-01 00:00:00.000000000,1.097
TRK00048,2024-09-01,16,21267,44707.57,6.69,0,0.0,1970-01-01 00:00:00.000000000,0.533
TRK00048,2024-10-01,24,30009,64818.29,6.46,1,1127.63,1970-01-01 00:00:00.000000042,0.774
TRK00048,2024-11-01,30,39463,84774.33,6.47,0,0.0,1970-01-01 00:00:00.000000000,1.0
TRK00048,2024-12-01,33,49572,111075.44,6.44,0,0.0,1970-01-01 00:00:00.000000000,1.065
TRK00049,2022-01-01,32,47335,97742.95,6.61,1,2531.27,1970-01-01 00:00:00.000000002,1.032
TRK00049,2022-02-01,25,34952,74439.15,6.48,1,3598.82,1970-01-01 00:00:00.000000021,0.893
TRK00049,2022-03-01,22,37380,84086.83,6.43,0,0.0,1970-01-01 00:00:00.000000000,0.71
TRK00049,2022-04-01,31,52604,123181.59,6.63,0,0.0,1970-01-01 00:00:00.000000000,1.033
TRK00049,2022-05-01,26,41640,89215.95,6.49,0,0.0,1970-01-01 00:00:00.000000000,0.839
TRK00049,2022-06-01,29,40961,87146.5,6.5,0,0.0,1970-01-01 00:00:00.000000000,0.967
TRK00049,2022-07-01,29,43122,91787.01,6.6,1,2121.78,1970-01-01 00:00:00.000000019,0.935
TRK00049,2022-08-01,28,42666,89478.43,6.36,0,0.0,1970-01-01 00:00:00.000000000,0.903
TRK00049,2022-09-01,28,39017,83129.16,6.51,1,2366.7,1970-01-01 00:00:00.000000026,0.933
TRK00049,2022-10-01,20,27652,56956.42,6.34,0,0.0,1970-01-01 00:00:00.000000000,0.645
TRK00049,2022-11-01,23,32494,67245.39,6.64,2,4108.47,1970-01-01 00:00:00.000000063,0.767
TRK00049,2022-12-01,25,38922,79990.74,6.53,0,0.0,1970-01-01 00:00:00.000000000,0.806
TRK00049,2023-01-01,23,28391,63869.85,6.54,0,0.0,1970-01-01 00:00:00.000000000,0.742
TRK00049,2023-02-01,16,21932,41155.45,6.44,0,0.0,1970-01-01 00:00:00.000000000,0.571
TRK00049,2023-03-01,25,37280,77676.46,6.43,1,2698.28,1970-01-01 00:00:00.000000047,0.806
TRK00049,2023-04-01,30,39038,81495.88,6.55,0,0.0,1970-01-01 00:00:00.000000000,1.0
TRK00049,2023-05-01,27,26874,57332.28,6.36,2,2705.3,1970-01-01 00:00:00.000000032,0.871
TRK00049,2023-06-01,15,18283,42281.92,6.31,1,3161.17,1970-01-01 00:00:00.000000002,0.5
TRK00049,2023-07-01,25,30823,63950.9,6.61,1,600.56,1970-01-01 00:00:00.000000009,0.806
TRK00049,2023-08-01,31,42671,80896.1,6.46,0,0.0,1970-01-01 00:00:00.000000000,1.0
TRK00049,2023-09-01,20,27506,60924.32,6.27,0,0.0,1970-01-01 00:00:00.000000000,0.667
TRK00049,2023-10-01,22,33865,64579.3,6.47,0,0.0,1970-01-01 00:00:00.000000000,0.71
TRK00049,2023-11-01,31,44039,99451.09,6.43,2,3916.58,1970-01-01 00:00:00.000000020,1.033
TRK00049,2023-12-01,36,51494,110076.43,6.55,1,1619.69,1970-01-01 00:00:00.000000039,1.161
TRK00049,2024-01-01,16,24074,53277.01,6.33,0,0.0,1970-01-01 00:00:00.000000000,0.516
TRK00049,2024-02-01,20,26624,55563.14,6.63,1,3074.12,1970-01-01 00:00:00.000000039,0.69
TRK00049,2024-03-01,23,34403,75418.46,6.59,0,0.0,1970-01-01 00:00:00.000000000,0.742
TRK00049,2024-04-01,22,32506,72611.2,6.6,0,0.0,1970-01-01 00:00:00.000000000,0.733
TRK00049,2024-05-01,28,39846,82657.59,6.61,0,0.0,1970-01-01 00:00:00.000000000,0.903
TRK00049,2024-06-01,26,29590,60651.16,6.62,0,0.0,1970-01-01 00:00:00.000000000,0.867
TRK00049,2024-07-01,26,34715,71831.63,6.55,0,0.0,1970-01-01 00:00:00.000000000,0.839
TRK00049,2024-08-01,33,46709,102601.23,6.51,0,0.0,1970-01-01 00:00:00.000000000,1.065
TRK00049,2024-09-01,21,26671,58627.11,6.77,0,0.0,1970-01-01 00:00:00.000000000,0.7
TRK00049,2024-10-01,32,34529,77051.77,6.61,0,0.0,1970-01-01 00:00:00.000000000,1.032
TRK00049,2024-11-01,21,27502,59178.31,6.46,1,742.69,1970-01-01 00:00:00.000000016,0.7
TRK00049,2024-12-01,25,29992,63877.63,6.57,0,0.0,1970-01-01 00:00:00.000000000,0.806
TRK00050,2022-01-01,23,34176,74667.34,6.42,1,721.8,1970-01-01 00:00:00.000000032,0.742
TRK00050,2022-02-01,30,38848,83309.28,6.41,1,2227.15,1970-01-01 00:00:00.000000040,1.071
TRK00050,2022-03-01,30,43570,94479.05,6.46,0,0.0,1970-01-01 00:00:00.000000000,0.968
TRK00050,2022-04-01,26,43005,93122.48,6.61,1,3096.22,1970-01-01 00:00:00.000000010,0.867
TRK00050,2022-05-01,31,46004,95860.52,6.39,0,0.0,1970-01-01 00:00:00.000000000,1.0
TRK00050,2022-06-01,20,27954,54369.57,6.39,0,0.0,1970-01-01 00:00:00.000000000,0.667
TRK00050,2022-07-01,25,41532,89246.86,6.31,2,5265.96,1970-01-01 00:00:00.000000039,0.806
TRK00050,2022-08-01,35,49956,106529.36,6.33,1,3827.45,1970-01-01 00:00:00.000000016,1.129
TRK00050,2022-09-01,24,40444,92825.71,6.62,3,5805.72,1970-01-01 00:00:00.000000085,0.8
TRK00050,2022-10-01,30,39644,91898.24,6.4,1,717.04,1970-01-01 00:00:00.000000044,0.968
TRK00050,2022-11-01,38,48994,105529.99,6.51,0,0.0,1970-01-01 00:00:00.000000000,1.267
TRK00050,2022-12-01,22,31730,70456.59,6.47,1,1258.75,1970-01-01 00:00:00.000000013,0.71
TRK00050,2023-01-01,32,40991,91031.89,6.37,0,0.0,1970-01-01 00:00:00.000000000,1.032
TRK00050,2023-02-01,26,39816,90734.79,6.56,1,1489.64,1970-01-01 00:00:00.000000027,0.929
TRK00050,2023-03-01,35,49748,108411.56,6.53,1,552.57,1970-01-01 00:00:00.000000020,1.129
TRK00050,2023-04-01,23,36170,76014.6,6.65,0,0.0,1970-01-01 00:00:00.000000000,0.767
TRK00050,2023-05-01,26,33051,70410.95,6.28,1,2810.07,1970-01-01 00:00:00.000000026,0.839
TRK00050,2023-06-01,21,31126,71276.17,6.59,0,0.0,1970-01-01 00:00:00.000000000,0.7
TRK00050,2023-07-01,33,38127,85034.8,6.47,1,2942.37,1970-01-01 00:00:00.000000014,1.065
TRK00050,2023-08-01,13,18566,40248.33,6.56,1,3402.95,1970-01-01 00:00:00.000000039,0.419
TRK00050,2023-09-01,29,37403,80295.74,6.52,0,0.0,1970-01-01 00:00:00.000000000,0.967
TRK00050,2023-10-01,31,41321,90901.71,6.47,1,3043.63,1970-01-01 00:00:00.000000027,1.0
TRK00050,2023-11-01,24,26390,60238.87,6.47,1,3758.08,1970-01-01 00:00:00.000000037,0.8
TRK00050,2023-12-01,22,29879,65060.2,6.61,1,2185.42,1970-01-01 00:00:00.000000047,0.71
TRK00050,2024-01-01,24,31779,70105.26,6.53,0,0.0,1970-01-01 00:00:00.000000000,0.774
TRK00050,2024-02-01,23,34769,74945.26,6.55,0,0.0,1970-01-01 00:00:00.000000000,0.793
TRK00050,2024-03-01,31,42813,93314.13,6.46,3,7185.99,1970-01-01 00:00:00.000000024,1.0
TRK00050,2024-04-01,19,24725,55566.29,6.61,1,74.6,1970-01-01 00:00:00.000000030,0.633
TRK00050,2024-05-01,22,36251,72461.25,6.75,0,0.0,1970-01-01 00:00:00.000000000,0.71
TRK00050,2024-06-01,27,29999,60406.21,6.52,2,1810.29,1970-01-01 00:00:00.000000027,0.9
TRK00050,2024-07-01,25,35514,76007.26,6.57,1,673.54,1970-01-01 00:00:00.000000011,0.806
TRK00050,2024-08-01,23,37612,83459.15,6.41,0,0.0,1970-01-01 00:00:00.000000000,0.742
TRK00050,2024-09-01,36,51128,116228.41,6.42,1,678.17,1970-01-01 00:00:00.000000016,1.2
TRK00050,2024-10-01,29,39056,83725.66,6.56,0,0.0,1970-01-01 00:00:00.000000000,0.935
TRK00050,2024-11-01,24,32667,67632.09,6.74,1,741.6,1970-01-01 00:00:00.000000036,0.8
TRK00050,2024-12-01,24,34189,71881.05,6.35,1,1721.67,1970-01-01 00:00:00.000000016,0.774
TRK00051,2022-01-01,29,38339,79515.87,6.49,0,0.0,1970-01-01 00:00:00.000000000,0.935
TRK00051,2022-02-01,31,45007,95753.22,6.59,0,0.0,1970-01-01 00:00:00.000000000,1.107
TRK00051,2022-03-01,26,37478,79191.56,6.72,0,0.0,1970-01-01 00:00:00.000000000,0.839
TRK00051,2022-04-01,29,49077,102418.95,6.45,0,0.0,1970-01-01 00:00:00.000000000,0.967
TRK00051,2022-05-01,18,25528,58100.01,6.48,0,0.0,1970-01-01 00:00:00.000000000,0.581
TRK00051,2022-06-01,31,51109,111067.02,6.55,0,0.0,1970-01-01 00:00:00.000000000,1.033
TRK00051,2022-07-01,25,38976,75520.44,6.44,1,897.32,1970-01-01 00:00:00.000000031,0.806
TRK00051,2022-08-01,18,26077,56869.95,6.63,3,6234.9,1970-01-01 00:00:00.000000035,0.581
TRK00051,2022-09-01,28,39629,92169.11,6.66,1,2112.02,1970-01-01 00:00:00.000000038,0.933
TRK00051,2022-10-01,27,34040,69913.17,6.64,0,0.0,1970-01-01 00:00:00.000000000,0.871
TRK00051,2022-11-01,24,38218,82185.08,6.36,0,0.0,1970-01-01 00:00:00.000000000,0.8
TRK00051,2022-12-01,27,36153,75180.5,6.61,1,3213.84,1970-01-01 00:00:00.000000037,0.871
TRK00051,2023-01-01,27,36379,78164.53,6.6,0,0.0,1970-01-01 00:00:00.000000000,0.871
TRK00051,2023-02-01,23,31035,64322.82,6.54,0,0.0,1970-01-01 00:00:00.000000000,0.821
TRK00051,2023-03-01,21,28555,58648.47,6.44,2,4006.63,1970-01-01 00:00:00.000000042,0.677
TRK00051,2023-04-01,28,41306,87022.97,6.48,0,0.0,1970-01-01 00:00:00.000000000,0.933
TRK00051,2023-05-01,42,55693,125953.86,6.59,2,6574.9,1970-01-01 00:00:00.000000040,1.355
TRK00051,2023-06-01,18,25372,56289.23,6.67,1,1494.82,1970-01-01 00:00:00.000000019,0.6
TRK00051,2023-07-01,38,44379,90940.19,6.52,0,0.0,1970-01-01 00:00:00.000000000,1.226
TRK00051,2023-08-01,21,29993,65662.21,6.32,3,4901.86,1970-01-01 00:00:00.000000074,0.677
TRK00051,2023-09-01,19,27059,61622.77,6.51,1,1062.58,1970-01-01 00:00:00.000000021,0.633
TRK00051,2023-10-01,26,40953,79850.16,6.64,0,0.0,1970-01-01 00:00:00.000000000,0.839
TRK00051,2023-11-01,28,46432,99943.91,6.47,0,0.0,1970-01-01 00:00:00.000000000,0.933
TRK00051,2023-12-01,21,33246,71850.18,6.57,1,3487.83,1970-01-01 00:00:00.000000020,0.677
TRK00051,2024-01-01,25,38568,87419.23,6.39,0,0.0,1970-01-01 00:00:00.000000000,0.806
TRK00051,2024-02-01,26,32137,69908.45,6.38,0,0.0,1970-01-01 00:00:00.000000000,0.897
TRK00051,2024-03-01,20,27986,56662.49,6.36,0,0.0,1970-01-01 00:00:00.000000000,0.645
TRK00051,2024-04-01,23,24634,52119.09,6.34,0,0.0,1970-01-01 00:00:00.000000000,0.767
TRK00051,2024-05-01,26,39440,80430.39,6.65,0,0.0,1970-01-01 00:00:00.000000000,0.839
TRK00051,2024-06-01,28,45113,97208.19,6.5,2,4274.97,1970-01-01 00:00:00.000000069,0.933
TRK00051,2024-07-01,18,28420,55672.49,6.38,1,3264.84,1970-01-01 00:00:00.000000040,0.581
TRK00051,2024-08-01,21,28744,63634.51,6.67,0,0.0,1970-01-01 00:00:00.000000000,0.677
TRK00051,2024-09-01,28,39568,83624.58,6.65,1,2224.35,1970-01-01 00:00:00.000000037,0.933
TRK00051,2024-10-01,27,37895,78330.64,6.47,1,804.92,1970-01-01 00:00:00.000000022,0.871
TRK00051,2024-11-01,22,38968,82773.1,6.66,0,0.0,1970-01-01 00:00:00.000000000,0.733
TRK00051,2024-12-01,23,31467,69243.31,6.51,2,5436.09,1970-01-01 00:00:00.000000043,0.742
TRK00052,2022-01-01,33,50654,117502.26,6.6,1,2859.81,1970-01-01 00:00:00.000000024,1.065
TRK00052,2022-02-01,15,21947,45895.8,6.45,0,0.0,1970-01-01 00:00:00.000000000,0.536
TRK00052,2022-03-01,25,33587,72970.41,6.43,0,0.0,1970-01-01 00:00:00.000000000,0.806
TRK00052,2022-04-01,30,34928,76293.06,6.51,1,2843.68,1970-01-01 00:00:00.000000039,1.0
TRK00052,2022-05-01,24,28468,58732.11,6.45,2,6604.4,1970-01-01 00:00:00.000000054,0.774
TRK00052,2022-06-01,23,35166,79502.79,6.47,2,4274.76,1970-01-01 00:00:00.000000051,0.767
TRK00052,2022-07-01,33,46157,100899.07,6.57,0,0.0,1970-01-01 00:00:00.000000000,1.065
TRK00052,2022-08-01,16,23129,52282.81,6.45,3,6210.81,1970-01-01 00:00:00.000000096,0.516
TRK00052,2022-09-01,20,28226,66844.49,6.48,0,0.0,1970-01-01 00:00:00.000000000,0.667
TRK00052,2022-10-01,25,34127,74931.47,6.55,1,1386.29,1970-01-01 00:00:00.000000008,0.806
TRK00052,2022-11-01,29,37139,81096.22,6.48,0,0.0,1970-01-01 00:00:00.000000000,0.967
TRK00052,2022-12-01,20,25639,57412.0,6.52,1,3141.75,1970-01-01 00:00:00.000000040,0.645
TRK00052,2023-01-01,28,43263,87524.72,6.53,0,0.0,1970-01-01 00:00:00.000000000,0.903
TRK00052,2023-02-01,13,22017,48413.97,6.33,0,0.0,1970-01-01 00:00:00.000000000,0.464
TRK00052,2023-03-01,17,21081,47757.99,6.4,0,0.0,1970-01-01 00:00:00.000000000,0.548
TRK00052,2023-04-01,20,29128,57653.13,6.57,0,0.0,1970-01-01 00:00:00.000000000,0.667
TRK00052,2023-05-01,27,35437,76921.04,6.35,0,0.0,1970-01-01 00:00:00.000000000,0.871
TRK00052,2023-06-01,23,31549,68041.83,6.66,0,0.0,1970-01-01 00:00:00.000000000,0.767
TRK00052,2023-07-01,28,46180,99421.25,6.62,1,3514.93,1970-01-01 00:00:00.000000021,0.903
TRK00052,2023-08-01,23,28560,60971.15,6.32,1,507.92,1970-01-01 00:00:00.000000046,0.742
TRK00052,2023-09-01,21,24913,54690.95,6.83,0,0.0,1970-01-01 00:00:00.000000000,0.7
TRK00052,2023-10-01,28,39847,81789.43,6.46,1,1332.03,1970-01-01 00:00:00.000000034,0.903
TRK00052,2023-11-01,26,34430,75283.49,6.34,0,0.0,1970-01-01 00:00:00.000000000,0.867
TRK00052,2023-12-01,30,42300,94316.1,6.54,1,3682.1,1970-01-01 00:00:00.000000010,0.968
TRK00052,2024-01-01,25,32057,73021.32,6.38,0,0.0,1970-01-01 00:00:00.000000000,0.806
TRK00052,2024-02-01,27,43645,93727.17,6.57,3,6714.1,1970-01-01 00:00:00.000000037,0.931
TRK00052,2024-03-01,31,47180,108041.2,6.51,0,0.0,1970-01-01 00:00:00.000000000,1.0
TRK00052,2024-04-01,20,28366,58965.81,6.41,1,651.51,1970-01-01 00:00:00.000000029,0.667
TRK00052,2024-05-01,18,22174,50055.77,6.65,1,1085.36,1970-01-01 00:00:00.000000031,0.581
TRK00052,2024-06-01,28,43350,96168.82,6.5,1,575.18,1970-01-01 00:00:00.000000016,0.933
TRK00052,2024-07-01,26,31939,72707.32,6.66,1,2464.58,1970-01-01 00:00:00.000000032,0.839
TRK00052,2024-08-01,25,37334,82659.37,6.71,3,2905.5,1970-01-01 00:00:00.000000062,0.806
TRK00052,2024-09-01,25,34631,75909.71,6.57,1,3989.66,1970-01-01 00:00:00.000000027,0.833
TRK00052,2024-10-01,31,40101,88305.54,6.58,2,3468.85,1970-01-01 00:00:00.000000043,1.0
TRK00052,2024-11-01,29,41080,87341.08,6.58,3,5543.99,1970-01-01 00:00:00.000000028,0.967
TRK00052,2024-12-01,29,41378,92124.52,6.48,0,0.0,1970-01-01 00:00:00.000000000,0.935
TRK00053,2022-01-01,27,34676,80447.13,6.54,0,0.0,1970-01-01 00:00:00.000000000,0.871
TRK00053,2022-02-01,25,40909,88794.83,6.41,0,0.0,1970-01-01 00:00:00.000000000,0.893
TRK00053,2022-03-01,25,37912,84783.07,6.71,0,0.0,1970-01-01 00:00:00.000000000,0.806
TRK00053,2022-04-01,18,27472,58046.23,6.44,1,906.19,1970-01-01 00:00:00.000000024,0.6
TRK00053,2022-05-01,26,42201,92271.08,6.59,1,719.71,1970-01-01 00:00:00.000000008,0.839
TRK00053,2022-06-01,32,49055,112950.0,6.4,1,1411.24,1970-01-01 00:00:00.000000047,1.067
TRK00053,2022-07-01,26,35145,72871.61,6.51,1,178.59,1970-01-01 00:00:00.000000015,0.839
TRK00053,2022-08-01,27,38341,86639.29,6.56,0,0.0,1970-01-01 00:00:00.000000000,0.871
TRK00053,2022-09-01,28,32528,71454.26,6.25,0,0.0,1970-01-01 00:00:00.000000000,0.933
TRK00053,2022-10-01,27,37378,76701.02,6.51,0,0.0,1970-01-01 00:00:00.000000000,0.871
TRK00053,2022-11-01,22,30143,66556.7,6.35,1,1939.38,1970-01-01 00:00:00.000000023,0.733
TRK00053,2022-12-01,26,42368,86430.8,6.59,0,0.0,1970-01-01 00:00:00.000000000,0.839
TRK00053,2023-01-01,37,51817,110465.26,6.32,0,0.0,1970-01-01 00:00:00.000000000,1.194
TRK00053,2023-02-01,24,42658,95421.12,6.38,0,0.0,1970-01-01 00:00:00.000000000,0.857
TRK00053,2023-03-01,28,40810,90530.41,6.38,1,2107.67,1970-01-01 00:00:00.000000047,0.903
TRK00053,2023-04-01,25,41928,85670.67,6.46,0,0.0,1970-01-01 00:00:00.000000000,0.833
TRK00053,2023-05-01,27,34668,79280.2,6.39,1,3646.83,1970-01-01 00:00:00.000000041,0.871
TRK00053,2023-06-01,28,38439,87969.23,6.63,0,0.0,1970-01-01 00:00:00.000000000,0.933
TRK00053,2023-07-01,23,27909,58995.86,6.61,3,6145.08,1970-01-01 00:00:00.000000058,0.742
TRK00053,2023-08-01,30,40793,85946.39,6.34,1,1327.62,1970-01-01 00:00:00.000000011,0.968
TRK00053,2023-09-01,35,43959,87927.18,6.64,3,2710.17,1970-01-01 00:00:00.000000084,1.167
TRK00053,2023-10-01,21,36011,81000.8,6.55,1,3697.7,1970-01-01 00:00:00.000000004,0.677
TRK00053,2023-11-01,16,20196,42463.02,6.41,1,640.23,1970-01-01 00:00:00.000000044,0.533
TRK00053,2023-12-01,36,52095,114361.93,6.63,3,9381.26,1970-01-01 00:00:00.000000081,1.161
TRK00053,2024-01-01,38,50342,113465.43,6.44,0,0.0,1970-01-01 00:00:00.000000000,1.226
TRK00053,2024-02-01,25,37831,77771.62,6.41,0,0.0,1970-01-01 00:00:00.000000000,0.862
TRK00053,2024-03-01,23,37330,80172.5,6.5,1,1639.08,1970-01-01 00:00:00.000000009,0.742
TRK00053,2024-04-01,24,33644,69655.63,6.56,2,1041.89,1970-01-01 00:00:00.000000050,0.8
TRK00053,2024-05-01,32,43226,91148.32,6.43,1,1219.82,1970-01-01 00:00:00.000000028,1.032
TRK00053,2024-06-01,24,35774,80763.4,6.38,0,0.0,1970-01-01 00:00:00.000000000,0.8
TRK00053,2024-07-01,35,46128,102109.22,6.4,0,0.0,1970-01-01 00:00:00.000000000,1.129
TRK00053,2024-08-01,28,38508,86520.64,6.54,0,0.0,1970-01-01 00:00:00.000000000,0.903
TRK00053,2024-09-01,26,35649,71281.06,6.46,1,3938.27,1970-01-01 00:00:00.000000020,0.867
TRK00053,2024-10-01,26,34634,73750.05,6.48,1,470.83,1970-01-01 00:00:00.000000022,0.839
TRK00053,2024-11-01,18,29514,64789.37,6.59,2,7175.67,1970-01-01 00:00:00.000000012,0.6
TRK00053,2024-12-01,26,36117,80864.05,6.39,0,0.0,1970-01-01 00:00:00.000000000,0.839
TRK00054,2022-01-01,29,44491,97598.19,6.57,1,514.72,1970-01-01 00:00:00.000000014,0.935
TRK00054,2022-02-01,24,28809,59687.61,6.29,0,0.0,1970-01-01 00:00:00.000000000,0.857
TRK00054,2022-03-01,30,45809,105031.21,6.57,2,6862.09,1970-01-01 00:00:00.000000024,0.968
TRK00054,2022-04-01,25,37900,83514.77,6.43,2,3958.9,1970-01-01 00:00:00.000000059,0.833
TRK00054,2022-05-01,25,38452,89835.53,6.47,2,4661.33,1970-01-01 00:00:00.000000031,0.806
TRK00054,2022-06-01,26,37433,83439.29,6.44,0,0.0,1970-01-01 00:00:00.000000000,0.867
TRK00054,2022-07-01,26,41205,88247.08,6.59,0,0.0,1970-01-01 00:00:00.000000000,0.839
TRK00054,2022-08-01,28,44481,92819.33,6.55,1,2613.09,1970-01-01 00:00:00.000000013,0.903
TRK00054,2022-09-01,24,39688,89116.08,6.7,0,0.0,1970-01-01 00:00:00.000000000,0.8
TRK00054,2022-10-01,25,39011,83994.39,6.47,1,2675.36,1970-01-01 00:00:00.000000027,0.806
TRK00054,2022-11-01,34,54746,123560.84,6.43,1,1622.7,1970-01-01 00:00:00.000000013,1.133
TRK00054,2022-12-01,21,35647,75073.51,6.52,3,7902.84,1970-01-01 00:00:00.000000039,0.677
TRK00054,2023-01-01,19,26999,59774.77,6.41,2,1616.71,1970-01-01 00:00:00.000000046,0.613
TRK00054,2023-02-01,15,21798,43549.24,6.59,0,0.0,1970-01-01 00:00:00.000000000,0.536
TRK00054,2023-03-01,29,37499,79208.7,6.55,1,612.97,1970-01-01 00:00:00.000000047,0.935
TRK00054,2023-04-01,38,60748,125508.68,6.41,1,2787.34,1970-01-01 00:00:00.000000033,1.267
TRK00054,2023-05-01,23,31343,68195.73,6.42,1,595.15,1970-01-01 00:00:00.000000010,0.742
TRK00054,2023-06-01,28,38577,88407.33,6.57,0,0.0,1970-01-01 00:00:00.000000000,0.933
TRK00054,2023-07-01,20,27997,62959.98,6.53,0,0.0,1970-01-01 00:00:00.000000000,0.645
TRK00054,2023-08-01,24,35966,82151.42,6.64,1,2038.36,1970-01-01 00:00:00.000000014,0.774
TRK00054,2023-09-01,22,33641,66002.39,6.58,0,0.0,1970-01-01 00:00:00.000000000,0.733
TRK00054,2023-10-01,33,48442,102126.55,6.43,0,0.0,1970-01-01 00:00:00.000000000,1.065
TRK00054,2023-11-01,23,27648,53550.89,6.61,1,628.95,1970-01-01 00:00:00.000000046,0.767
TRK00054,2023-12-01,23,30234,60564.22,6.49,0,0.0,1970-01-01 00:00:00.000000000,0.742
TRK00054,2024-01-01,33,47427,96001.56,6.37,0,0.0,1970-01-01 00:00:00.000000000,1.065
TRK00054,2024-02-01,21,31072,66587.58,6.49,1,254.62,1970-01-01 00:00:00.000000024,0.724
TRK00054,2024-03-01,25,37666,76366.32,6.54,1,2725.64,1970-01-01 00:00:00.000000002,0.806
TRK00054,2024-04-01,20,29420,58544.83,6.64,1,197.87,1970-01-01 00:00:00.000000020,0.667
TRK00054,2024-05-01,18,32903,76285.19,6.48,1,517.82,1970-01-01 00:00:00.000000015,0.581
TRK00054,2024-06-01,29,44425,95486.16,6.52,1,1327.14,1970-01-01 00:00:00.000000005,0.967
TRK00054,2024-07-01,24,42937,96335.73,6.74,2,6065.54,1970-01-01 00:00:00.000000076,0.774
TRK00054,2024-08-01,19,24406,52479.5,6.57,0,0.0,1970-01-01 00:00:00.000000000,0.613
TRK00054,2024-09-01,17,26379,54087.63,6.31,0,0.0,1970-01-01 00:00:00.000000000,0.567
TRK00054,2024-10-01,30,36677,81811.39,6.38,2,4208.0,1970-01-01 00:00:00.000000089,0.968
TRK00054,2024-11-01,22,32460,72488.47,6.34,1,315.09,1970-01-01 00:00:00.000000024,0.733
TRK00054,2024-12-01,25,36740,78545.66,6.42,0,0.0,1970-01-01 00:00:00.000000000,0.806
TRK00055,2022-01-01,22,34871,75428.5,6.73,0,0.0,1970-01-01 00:00:00.000000000,0.71
TRK00055,2022-02-01,20,29014,64129.32,6.65,0,0.0,1970-01-01 00:00:00.000000000,0.714
TRK00055,2022-03-01,22,30697,68573.89,6.35,0,0.0,1970-01-01 00:00:00.000000000,0.71
TRK00055,2022-04-01,35,49445,99280.84,6.55,0,0.0,1970-01-01 00:00:00.000000000,1.167
TRK00055,2022-05-01,26,36966,78502.48,6.48,0,0.0,1970-01-01 00:00:00.000000000,0.839
TRK00055,2022-06-01,29,36507,76150.31,6.64,0,0.0,1970-01-01 00:00:00.000000000,0.967
TRK00055,2022-07-01,37,55060,116203.23,6.6,1,247.87,1970-01-01 00:00:00.000000024,1.194
TRK00055,2022-08-01,19,29838,62786.2,6.48,0,0.0,1970-01-01 00:00:00.000000000,0.613
TRK00055,2022-09-01,35,44951,98458.41,6.5,2,3458.15,1970-01-01 00:00:00.000000024,1.167
TRK00055,2022-10-01,24,30148,59227.96,6.52,2,4604.36,1970-01-01 00:00:00.000000062,0.774
TRK00055,2022-11-01,18,26989,52328.59,6.64,1,2320.58,1970-01-01 00:00:00.000000008,0.6
TRK00055,2022-12-01,27,35178,74184.29,6.42,1,3960.4,1970-01-01 00:00:00.000000018,0.871
TRK00055,2023-01-01,33,46079,101540.27,6.23,1,3960.33,1970-01-01 00:00:00.000000029,1.065
TRK00055,2023-02-01,23,34868,74569.12,6.47,0,0.0,1970-01-01 00:00:00.000000000,0.821
TRK00055,2023-03-01,23,38883,82655.03,6.35,1,3552.68,1970-01-01 00:00:00.000000022,0.742
TRK00055,2023-04-01,28,40182,84357.18,6.21,0,0.0,1970-01-01 00:00:00.000000000,0.933
TRK00055,2023-05-01,25,37066,78594.76,6.31,1,3043.69,1970-01-01 00:00:00.000000024,0.806
TRK00055,2023-06-01,28,44001,82777.09,6.64,0,0.0,1970-01-01 00:00:00.000000000,0.933
TRK00055,2023-07-01,29,43185,94942.59,6.57,1,1594.84,1970-01-01 00:00:00.000000017,0.935
TRK00055,2023-08-01,29,44178,87565.76,6.54,0,0.0,1970-01-01 00:00:00.000000000,0.935
TRK00055,2023-09-01,30,37716,80586.72,6.58,0,0.0,1970-01-01 00:00:00.000000000,1.0
TRK00055,2023-10-01,28,47317,93342.88,6.5,2,1692.31,1970-01-01 00:00:00.000000008,0.903
TRK00055,2023-11-01,26,36465,76976.18,6.39,2,3345.83,1970-01-01 00:00:00.000000076,0.867
TRK00055,2023-12-01,30,45235,98758.69,6.44,4,7339.84,1970-01-01 00:00:00.000000088,0.968
TRK00055,2024-01-01,29,37173,78300.76,6.24,0,0.0,1970-01-01 00:00:00.000000000,0.935
TRK00055,2024-02-01,22,35521,71865.34,6.47,0,0.0,1970-01-01 00:00:00.000000000,0.759
TRK00055,2024-03-01,28,38386,86769.76,6.35,0,0.0,1970-01-01 00:00:00.000000000,0.903
TRK00055,2024-04-01,26,39077,81823.01,6.31,0,0.0,1970-01-01 00:00:00.000000000,0.867
TRK00055,2024-05-01,38,57708,128417.49,6.4,0,0.0,1970-01-01 00:00:00.000000000,1.226
TRK00055,2024-06-01,29,47379,102617.07,6.3,4,8677.31,1970-01-01 00:00:00.000000128,0.967
TRK00055,2024-07-01,29,44681,99709.65,6.52,0,0.0,1970-01-01 00:00:00.000000000,0.935
TRK00055,2024-08-01,32,43188,90579.43,6.59,0,0.0,1970-01-01 00:00:00.000000000,1.032
TRK00055,2024-09-01,18,23683,53058.69,6.67,2,3224.66,1970-01-01 00:00:00.000000046,0.6
TRK00055,2024-10-01,32,45455,95566.05,6.44,2,4133.98,1970-01-01 00:00:00.000000050,1.032
TRK00055,2024-11-01,24,35206,74146.03,6.58,0,0.0,1970-01-01 00:00:00.000000000,0.8
TRK00055,2024-12-01,24,35234,72350.87,6.54,2,5276.49,1970-01-01 00:00:00.000000059,0.774
TRK00057,2022-01-01,28,41055,88597.02,6.48,0,0.0,1970-01-01 00:00:00.000000000,0.903
TRK00057,2022-02-01,15,25929,56353.11,6.46,0,0.0,1970-01-01 00:00:00.000000000,0.536
TRK00057,2022-03-01,28,50573,103066.61,6.46,1,801.71,1970-01-01 00:00:00.000000009,0.903
TRK00057,2022-04-01,28,41151,89193.91,6.6,1,4058.85,1970-01-01 00:00:00.000000016,0.933
TRK00057,2022-05-01,34,56831,122487.35,6.52,0,0.0,1970-01-01 00:00:00.000000000,1.097
TRK00057,2022-06-01,29,35043,80308.5,6.51,0,0.0,1970-01-01 00:00:00.000000000,0.967
TRK00057,2022-07-01,24,26839,56986.61,6.4,0,0.0,1970-01-01 00:00:00.000000000,0.774
TRK00057,2022-08-01,31,46147,93372.34,6.56,1,3883.76,1970-01-01 00:00:00.000000020,1.0
TRK00057,2022-09-01,30,43688,94817.26,6.4,0,0.0,1970-01-01 00:00:00.000000000,1.0
TRK00057,2022-10-01,31,35810,74189.03,6.63,0,0.0,1970-01-01 00:00:00.000000000,1.0
TRK00057,2022-11-01,21,26040,54441.28,6.51,3,7001.96,1970-01-01 00:00:00.000000042,0.7
TRK00057,2022-12-01,31,48028,101285.72,6.72,1,3488.61,1970-01-01 00:00:00.000000024,1.0
TRK00057,2023-01-01,27,38991,88436.22,6.57,1,1205.57,1970-01-01 00:00:00.000000023,0.871
TRK00057,2023-02-01,20,24191,56419.7,6.47,0,0.0,1970-01-01 00:00:00.000000000,0.714
TRK00057,2023-03-01,35,58476,130799.65,6.59,0,0.0,1970-01-01 00:00:00.000000000,1.129
TRK00057,2023-04-01,16,27520,51431.09,6.71,1,2865.05,1970-01-01 00:00:00.000000042,0.533
TRK00057,2023-05-01,35,51127,114335.74,6.58,1,2085.84,1970-01-01 00:00:00.000000036,1.129
TRK00057,2023-06-01,25,31480,63326.14,6.66,0,0.0,1970-01-01 00:00:00.000000000,0.833
TRK00057,2023-07-01,25,39179,82265.45,6.54,2,4584.81,1970-01-01 00:00:00.000000074,0.806
TRK00057,2023-08-01,28,45006,100576.34,6.71,2,5330.86,1970-01-01 00:00:00.000000080,0.903
TRK00057,2023-09-01,33,50403,97441.41,6.38,0,0.0,1970-01-01 00:00:00.000000000,1.1
TRK00057,2023-10-01,26,41165,88661.52,6.57,3,5215.75,1970-01-01 00:00:00.000000082,0.839
TRK00057,2023-11-01,31,39265,84220.81,6.44,1,2973.44,1970-01-01 00:00:00.000000029,1.033
TRK00057,2023-12-01,31,46509,95472.85,6.5,0,0.0,1970-01-01 00:00:00.000000000,1.0
TRK00057,2024-01-01,28,33096,69207.29,6.52,0,0.0,1970-01-01 00:00:00.000000000,0.903
TRK00057,2024-02-01,20,26816,57130.93,6.53,0,0.0,1970-01-01 00:00:00.000000000,0.69
TRK00057,2024-03-01,29,39934,86124.78,6.42,2,3705.24,1970-01-01 00:00:00.000000043,0.935
TRK00057,2024-04-01,32,51817,110311.61,6.56,0,0.0,1970-01-01 00:00:00.000000000,1.067
TRK00057,2024-05-01,17,22965,47545.13,6.56,1,1629.77,1970-01-01 00:00:00.000000037,0.548
TRK00057,2024-06-01,23,34774,72755.45,6.62,1,1079.47,1970-01-01 00:00:00.000000035,0.767
TRK00057,2024-07-01,29,38817,75451.24,6.71,1,1781.52,1970-01-01 00:00:00.000000006,0.935
TRK00057,2024-08-01,22,33527,76329.24,6.52,0,0.0,1970-01-01 00:00:00.000000000,0.71
TRK00057,2024-09-01,27,35851,77442.7,6.33,0,0.0,1970-01-01 00:00:00.000000000,0.9
TRK00057,2024-10-01,21,24023,48992.37,6.67,0,0.0,1970-01-01 00:00:00.000000000,0.677
TRK00057,2024-11-01,22,31492,71307.64,6.68,2,6061.73,1970-01-01 00:00:00.000000044,0.733
TRK00057,2024-12-01,19,33508,72536.08,6.56,0,0.0,1970-01-01 00:00:00.000000000,0.613
TRK00058,2022-01-01,25,46261,102002.91,6.55,0,0.0,1970-01-01 00:00:00.000000000,0.806
TRK00058,2022-02-01,26,40726,92281.75,6.35,0,0.0,1970-01-01 00:00:00.000000000,0.929
TRK00058,2022-03-01,17,24166,50035.91,6.59,1,3087.51,1970-01-01 00:00:00.000000024,0.548
TRK00058,2022-04-01,27,36278,85311.72,6.59,0,0.0,1970-01-01 00:00:00.000000000,0.9
TRK00058,2022-05-01,28,39203,82914.17,6.39,0,0.0,1970-01-01 00:00:00.000000000,0.903
TRK00058,2022-06-01,23,42237,86124.52,6.54,1,2774.46,1970-01-01 00:00:00.000000036,0.767
TRK00058,2022-07-01,28,42328,89707.65,6.36,0,0.0,1970-01-01 00:00:00.000000000,0.903
TRK00058,2022-08-01,41,54852,121947.45,6.41,1,3093.64,1970-01-01 00:00:00.000000002,1.323
TRK00058,2022-09-01,21,28094,58962.76,6.56,1,506.01,1970-01-01 00:00:00.000000030,0.7
TRK00058,2022-10-01,30,43180,96243.95,6.48,0,0.0,1970-01-01 00:00:00.000000000,0.968
TRK00058,2022-11-01,31,42527,88071.58,6.37,0,0.0,1970-01-01 00:00:00.000000000,1.033
TRK00058,2022-12-01,19,22859,44586.93,6.5,0,0.0,1970-01-01 00:00:00.000000000,0.613
TRK00058,2023-01-01,23,36798,82447.95,6.52,1,2518.24,1970-01-01 00:00:00.000000009,0.742
TRK00058,2023-02-01,16,16750,34685.1,6.36,1,3812.92,1970-01-01 00:00:00.000000028,0.571
TRK00058,2023-03-01,27,41962,91103.3,6.42,1,2738.31,1970-01-01 00:00:00.000000010,0.871
TRK00058,2023-04-01,20,28652,58295.16,6.66,1,2769.21,1970-01-01 00:00:00.000000002,0.667
TRK00058,2023-05-01,26,41945,90904.68,6.51,0,0.0,1970-01-01 00:00:00.000000000,0.839
TRK00058,2023-06-01,26,39419,90865.04,6.5,1,546.05,1970-01-01 00:00:00.000000003,0.867
TRK00058,2023-07-01,22,34730,74485.34,6.48,1,238.01,1970-01-01 00:00:00.000000013,0.71
TRK00058,2023-08-01,16,17464,38941.17,6.66,1,3155.98,1970-01-01 00:00:00.000000015,0.516
TRK00058,2023-09-01,22,30888,64783.9,6.51,0,0.0,1970-01-01 00:00:00.000000000,0.733
TRK00058,2023-10-01,29,37900,80408.59,6.47,1,3420.52,1970-01-01 00:00:00.000000028,0.935
TRK00058,2023-11-01,29,42022,92200.88,6.5,0,0.0,1970-01-01 00:00:00.000000000,0.967
TRK00058,2023-12-01,24,29997,65449.17,6.54,1,2837.07,1970-01-01 00:00:00.000000029,0.774
TRK00058,2024-01-01,17,27476,59149.49,6.28,0,0.0,1970-01-01 00:00:00.000000000,0.548
TRK00058,2024-02-01,31,45409,93318.5,6.37,2,4018.12,1970-01-01 00:00:00.000000076,1.069
TRK00058,2024-03-01,22,30391,68231.55,6.26,0,0.0,1970-01-01 00:00:00.000000000,0.71
TRK00058,2024-04-01,26,37780,78236.1,6.51,1,2172.36,1970-01-01 00:00:00.000000046,0.867
TRK00058,2024-05-01,33,45195,94570.84,6.43,0,0.0,1970-01-01 00:00:00.000000000,1.065
TRK00058,2024-06-01,30,43766,101842.8,6.58,0,0.0,1970-01-01 00:00:00.000000000,1.0
TRK00058,2024-07-01,20,28226,60396.24,6.55,0,0.0,1970-01-01 00:00:00.000000000,0.645
TRK00058,2024-08-01,36,52483,117559.69,6.33,0,0.0,1970-01-01 00:00:00.000000000,1.161
TRK00058,2024-09-01,30,43630,91400.83,6.56,2,3872.68,1970-01-01 00:00:00.000000035,1.0
TRK00058,2024-10-01,14,19986,43833.81,6.64,1,573.77,1970-01-01 00:00:00.000000007,0.452
TRK00058,2024-11-01,22,32546,67610.16,6.63,1,3610.58,1970-01-01 00:00:00.000000011,0.733
TRK00058,2024-12-01,21,30963,71000.01,6.4,0,0.0,1970-01-01 00:00:00.000000000,0.677
TRK00059,2022-01-01,17,25821,52440.13,6.65,0,0.0,1970-01-01 00:00:00.000000000,0.548
TRK00059,2022-02-01,21,26865,63902.43,6.53,1,498.88,1970-01-01 00:00:00.000000038,0.75
TRK00059,2022-03-01,29,47096,99822.54,6.48,0,0.0,1970-01-01 00:00:00.000000000,0.935
TRK00059,2022-04-01,26,29854,62742.84,6.57,0,0.0,1970-01-01 00:00:00.000000000,0.867
TRK00059,2022-05-01,25,38645,82220.37,6.44,0,0.0,1970-01-01 00:00:00.000000000,0.806
TRK00059,2022-06-01,15,23832,46752.66,6.6,0,0.0,1970-01-01 00:00:00.000000000,0.5
TRK00059,2022-07-01,26,35575,73888.1,6.61,0,0.0,1970-01-01 00:00:00.000000000,0.839
TRK00059,2022-08-01,30,41013,92558.51,6.71,0,0.0,1970-01-01 00:00:00.000000000,0.968
TRK00059,2022-09-01,27,27733,58729.51,6.69,0,0.0,1970-01-01 00:00:00.000000000,0.9
TRK00059,2022-10-01,28,44200,91776.67,6.51,1,3594.09,1970-01-01 00:00:00.000000046,0.903
TRK00059,2022-11-01,27,38080,81925.2,6.5,0,0.0,1970-01-01 00:00:00.000000000,0.9
TRK00059,2022-12-01,20,29377,71610.94,6.39,1,1696.5,1970-01-01 00:00:00.000000018,0.645
TRK00059,2023-01-01,27,30910,66360.48,6.64,0,0.0,1970-01-01 00:00:00.000000000,0.871
TRK00059,2023-02-01,28,44743,100408.11,6.56,0,0.0,1970-01-01 00:00:00.000000000,1.0
TRK00059,2023-03-01,19,21974,44929.93,6.65,0,0.0,1970-01-01 00:00:00.000000000,0.613
TRK00059,2023-04-01,23,31754,66542.74,6.5,1,220.03,1970-01-01 00:00:00.000000042,0.767
TRK00059,2023-05-01,20,34963,69138.25,6.62,1,210.62,1970-01-01 00:00:00.000000026,0.645
TRK00059,2023-06-01,24,33455,74235.27,6.7,3,6418.53,1970-01-01 00:00:00.000000073,0.8
TRK00059,2023-07-01,14,16411,32417.85,6.86,2,1926.24,1970-01-01 00:00:00.000000067,0.452
TRK00059,2023-08-01,18,29922,64247.64,6.43,1,2388.97,1970-01-01 00:00:00.000000009,0.581
TRK00059,2023-09-01,18,23769,47217.76,6.43,2,2492.32,1970-01-01 00:00:00.000000042,0.6
TRK00059,2023-10-01,29,49784,102161.28,6.61,0,0.0,1970-01-01 00:00:00.000000000,0.935
TRK00059,2023-11-01,17,23920,48200.29,6.44,1,3115.8,1970-01-01 00:00:00.000000004,0.567
TRK00059,2023-12-01,28,40069,81303.92,6.47,1,1823.57,1970-01-01 00:00:00.000000005,0.903
TRK00059,2024-01-01,36,44489,97033.81,6.46,2,6276.58,1970-01-01 00:00:00.000000069,1.161
TRK00059,2024-02-01,24,34215,78729.52,6.67,0,0.0,1970-01-01 00:00:00.000000000,0.828
TRK00059,2024-03-01,19,28250,58531.35,6.47,0,0.0,1970-01-01 00:00:00.000000000,0.613
TRK00059,2024-04-01,23,31689,71054.34,6.86,1,3918.67,1970-01-01 00:00:00.000000006,0.767
TRK00059,2024-05-01,21,25226,57853.66,6.27,0,0.0,1970-01-01 00:00:00.000000000,0.677
TRK00059,2024-06-01,36,51705,107738.97,6.53,0,0.0,1970-01-01 00:00:00.000000000,1.2
TRK00059,2024-07-01,23,34037,73439.8,6.49,0,0.0,1970-01-01 00:00:00.000000000,0.742
TRK00059,2024-08-01,31,40197,87636.64,6.66,0,0.0,1970-01-01 00:00:00.000000000,1.0
TRK00059,2024-09-01,34,52092,108499.31,6.65,0,0.0,1970-01-01 00:00:00.000000000,1.133
TRK00059,2024-10-01,21,28944,60733.21,6.44,0,0.0,1970-01-01 00:00:00.000000000,0.677
TRK00059,2024-11-01,15,25455,53044.62,6.46,0,0.0,1970-01-01 00:00:00.000000000,0.5
TRK00059,2024-12-01,21,30656,65651.12,6.53,0,0.0,1970-01-01 00:00:00.000000000,0.677
TRK00060,2022-01-01,26,34759,77240.04,6.48,1,3314.0,1970-01-01 00:00:00.000000046,0.839
TRK00060,2022-02-01,19,26671,57867.92,6.65,0,0.0,1970-01-01 00:00:00.000000000,0.679
TRK00060,2022-03-01,20,35150,78081.25,6.37,1,2722.09,1970-01-01 00:00:00.000000043,0.645
TRK00060,2022-04-01,35,42927,91965.56,6.59,1,791.8,1970-01-01 00:00:00.000000035,1.167
TRK00060,2022-05-01,16,25286,52806.72,6.48,0,0.0,1970-01-01 00:00:00.000000000,0.516
TRK00060,2022-06-01,35,51163,103957.66,6.61,0,0.0,1970-01-01 00:00:00.000000000,1.167
TRK00060,2022-07-01,25,33003,77984.95,6.58,1,719.96,1970-01-01 00:00:00.000000021,0.806
TRK00060,2022-08-01,18,31905,67117.55,6.75,1,2796.1,1970-01-01 00:00:00.000000038,0.581
TRK00060,2022-09-01,22,30493,65281.11,6.49,2,2785.85,1970-01-01 00:00:00.000000070,0.733
TRK00060,2022-10-01,26,39640,82839.9,6.34,1,893.02,1970-01-01 00:00:00.000000027,0.839
TRK00060,2022-11-01,30,38554,78927.23,6.43,0,0.0,1970-01-01 00:00:00.000000000,1.0
TRK00060,2022-12-01,26,41639,89815.82,6.28,3,4976.79,1970-01-01 00:00:00.000000032,0.839
TRK00060,2023-01-01,25,38960,78790.38,6.3,0,0.0,1970-01-01 00:00:00.000000000,0.806
TRK00060,2023-02-01,22,33565,77642.15,6.35,1,1359.0,1970-01-01 00:00:00.000000002,0.786
TRK00060,2023-03-01,25,43250,95506.73,6.59,1,1274.77,1970-01-01 00:00:00.000000003,0.806
TRK00060,2023-04-01,17,25652,54538.93,6.56,2,2047.31,1970-01-01 00:00:00.000000076,0.567
TRK00060,2023-05-01,27,37848,81348.15,6.52,1,343.41,1970-01-01 00:00:00.000000037,0.871
TRK00060,2023-06-01,30,43945,88325.33,6.45,0,0.0,1970-01-01 00:00:00.000000000,1.0
TRK00060,2023-07-01,24,40100,84351.94,6.52,1,2168.38,1970-01-01 00:00:00.000000025,0.774
TRK00060,2023-08-01,24,37163,80691.9,6.52,1,901.6,1970-01-01 00:00:00.000000006,0.774
TRK00060,2023-09-01,27,33273,69421.57,6.46,0,0.0,1970-01-01 00:00:00.000000000,0.9
TRK00060,2023-10-01,23,28213,59652.19,6.33,0,0.0,1970-01-01 00:00:00.000000000,0.742
TRK00060,2023-11-01,18,31825,71504.07,6.55,3,6648.66,1970-01-01 00:00:00.000000043,0.6
TRK00060,2023-12-01,23,33754,73847.09,6.59,2,1095.58,1970-01-01 00:00:00.000000068,0.742
TRK00060,2024-01-01,24,28435,62674.76,6.33,0,0.0,1970-01-01 00:00:00.000000000,0.774
TRK00060,2024-02-01,22,33389,72268.57,6.55,0,0.0,1970-01-01 00:00:00.000000000,0.759
TRK00060,2024-03-01,25,39626,86427.97,6.38,0,0.0,1970-01-01 00:00:00.000000000,0.806
TRK00060,2024-04-01,20,30575,65088.2,6.57,0,0.0,1970-01-01 00:00:00.000000000,0.667
TRK00060,2024-05-01,31,42745,92189.52,6.65,1,1526.59,1970-01-01 00:00:00.000000032,1.0
TRK00060,2024-06-01,17,24116,52774.94,6.57,0,0.0,1970-01-01 00:00:00.000000000,0.567
TRK00060,2024-07-01,20,18951,39343.59,6.4,1,527.82,1970-01-01 00:00:00.000000022,0.645
TRK00060,2024-08-01,22,29002,64250.3,6.35,0,0.0,1970-01-01 00:00:00.000000000,0.71
TRK00060,2024-09-01,23,28471,53926.38,6.74,0,0.0,1970-01-01 00:00:00.000000000,0.767
TRK00060,2024-10-01,16,21284,45283.87,6.44,0,0.0,1970-01-01 00:00:00.000000000,0.516
TRK00060,2024-11-01,17,20206,43537.58,6.49,1,2307.09,1970-01-01 00:00:00.000000007,0.567
TRK00060,2024-12-01,26,35860,79535.79,6.58,0,0.0,1970-01-01 00:00:00.000000000,0.839
TRK00061,2022-01-01,35,43812,91876.48,6.55,1,3000.58,1970-01-01 00:00:00.000000016,1.129
TRK00061,2022-02-01,27,39464,84944.84,6.51,0,0.0,1970-01-01 00:00:00.000000000,0.964
TRK00061,2022-03-01,22,31737,64186.75,6.43,1,2306.72,1970-01-01 00:00:00.000000030,0.71
TRK00061,2022-04-01,23,30767,64218.53,6.66,1,1623.62,1970-01-01 00:00:00.000000016,0.767
TRK00061,2022-05-01,25,40283,85500.97,6.6,0,0.0,1970-01-01 00:00:00.000000000,0.806
TRK00061,2022-06-01,23,30303,60420.95,6.52,0,0.0,1970-01-01 00:00:00.000000000,0.767
TRK00061,2022-07-01,26,34459,73210.55,6.5,1,1514.36,1970-01-01 00:00:00.000000006,0.839
TRK00061,2022-08-01,18,25796,56813.77,6.6,1,856.33,1970-01-01 00:00:00.000000029,0.581
TRK00061,2022-09-01,29,36484,75061.0,6.47,1,422.36,1970-01-01 00:00:00.000000015,0.967
TRK00061,2022-10-01,19,27581,54372.3,6.47,0,0.0,1970-01-01 00:00:00.000000000,0.613
TRK00061,2022-11-01,23,31450,66378.39,6.52,3,7003.2,1970-01-01 00:00:00.000000078,0.767
TRK00061,2022-12-01,16,20982,47435.98,6.48,0,0.0,1970-01-01 00:00:00.000000000,0.516
TRK00061,2023-01-01,26,35700,80025.3,6.42,0,0.0,1970-01-01 00:00:00.000000000,0.839
TRK00061,2023-02-01,24,36776,78695.61,6.55,0,0.0,1970-01-01 00:00:00.000000000,0.857
TRK00061,2023-03-01,27,38539,78582.1,6.44,1,2723.83,1970-01-01 00:00:00.000000029,0.871
TRK00061,2023-04-01,20,30543,66599.05,6.37,2,2095.76,1970-01-01 00:00:00.000000040,0.667
TRK00061,2023-05-01,30,42933,89205.32,6.45,0,0.0,1970-01-01 00:00:00.000000000,0.968
TRK00061,2023-06-01,29,40570,86693.24,6.39,2,1935.33,1970-01-01 00:00:00.000000027,0.967
TRK00061,2023-07-01,28,43727,98481.09,6.5,1,880.84,1970-01-01 00:00:00.000000017,0.903
TRK00061,2023-08-01,15,18386,39527.18,6.71,0,0.0,1970-01-01 00:00:00.000000000,0.484
TRK00061,2023-09-01,23,24978,52233.08,6.36,1,3568.01,1970-01-01 00:00:00.000000016,0.767
TRK00061,2023-10-01,31,44409,100993.92,6.59,0,0.0,1970-01-01 00:00:00.000000000,1.0
TRK00061,2023-11-01,24,31996,69387.49,6.73,1,2976.31,1970-01-01 00:00:00.000000038,0.8
TRK00061,2023-12-01,23,28153,59750.48,6.35,0,0.0,1970-01-01 00:00:00.000000000,0.742
TRK00061,2024-01-01,24,34643,73339.74,6.36,1,3219.37,1970-01-01 00:00:00.000000028,0.774
TRK00061,2024-02-01,20,29008,64649.14,6.42,0,0.0,1970-01-01 00:00:00.000000000,0.69
TRK00061,2024-03-01,25,34608,71409.3,6.63,0,0.0,1970-01-01 00:00:00.000000000,0.806
TRK00061,2024-04-01,31,43653,95953.87,6.41,0,0.0,1970-01-01 00:00:00.000000000,1.033
TRK00061,2024-05-01,32,42469,85831.97,6.69,1,908.45,1970-01-01 00:00:00.000000004,1.032
TRK00061,2024-06-01,31,42826,96901.66,6.46,0,0.0,1970-01-01 00:00:00.000000000,1.033
TRK00061,2024-07-01,29,39881,87603.72,6.4,1,730.78,1970-01-01 00:00:00.000000036,0.935
TRK00061,2024-08-01,20,25149,56435.51,6.72,1,2552.51,1970-01-01 00:00:00.000000045,0.645
TRK00061,2024-09-01,19,31057,65216.1,6.52,0,0.0,1970-01-01 00:00:00.000000000,0.633
TRK00061,2024-10-01,31,47167,102960.37,6.53,0,0.0,1970-01-01 00:00:00.000000000,1.0
TRK00061,2024-11-01,27,42858,88817.43,6.54,2,2679.53,1970-01-01 00:00:00.000000038,0.9
TRK00061,2024-12-01,29,45005,91958.47,6.57,1,2995.69,1970-01-01 00:00:00.000000012,0.935
TRK00062,2022-01-01,29,42767,90947.69,6.58,0,0.0,1970-01-01 00:00:00.000000000,0.935
TRK00062,2022-02-01,27,42119,90403.47,6.47,0,0.0,1970-01-01 00:00:00.000000000,0.964
TRK00062,2022-03-01,39,51385,102842.27,6.46,1,2096.69,1970-01-01 00:00:00.000000045,1.258
TRK00062,2022-04-01,31,38279,77936.5,6.53,0,0.0,1970-01-01 00:00:00.000000000,1.033
TRK00062,2022-05-01,23,37806,89365.98,6.36,1,793.07,1970-01-01 00:00:00.000000013,0.742
TRK00062,2022-06-01,22,27866,57438.06,6.29,0,0.0,1970-01-01 00:00:00.000000000,0.733
TRK00062,2022-07-01,22,33276,74787.72,6.47,2,2499.14,1970-01-01 00:00:00.000000044,0.71
TRK00062,2022-08-01,27,38618,88829.56,6.42,1,3406.09,1970-01-01 00:00:00.000000025,0.871
TRK00062,2022-09-01,23,42741,92610.65,6.32,2,5479.42,1970-01-01 00:00:00.000000077,0.767
TRK00062,2022-10-01,26,37103,82285.37,6.75,2,6422.58,1970-01-01 00:00:00.000000053,0.839
TRK00062,2022-11-01,20,24678,52894.35,6.54,0,0.0,1970-01-01 00:00:00.000000000,0.667
TRK00062,2022-12-01,26,33021,68956.93,6.46,1,1343.05,1970-01-01 00:00:00.000000028,0.839
TRK00062,2023-01-01,23,33547,72132.02,6.29,0,0.0,1970-01-01 00:00:00.000000000,0.742
TRK00062,2023-02-01,16,18815,43118.33,6.61,2,3430.3,1970-01-01 00:00:00.000000072,0.571
TRK00062,2023-03-01,18,27017,55935.01,6.23,0,0.0,1970-01-01 00:00:00.000000000,0.581
TRK00062,2023-04-01,34,50298,106139.37,6.46,2,4753.31,1970-01-01 00:00:00.000000050,1.133
TRK00062,2023-05-01,21,27733,60692.32,6.63,0,0.0,1970-01-01 00:00:00.000000000,0.677
TRK00062,2023-06-01,25,27985,64946.85,6.48,2,3332.03,1970-01-01 00:00:00.000000073,0.833
TRK00062,2023-07-01,26,34233,77725.99,6.45,0,0.0,1970-01-01 00:00:00.000000000,0.839
TRK00062,2023-08-01,20,33413,68694.9,6.53,0,0.0,1970-01-01 00:00:00.000000000,0.645
TRK00062,2023-09-01,20,23105,53522.92,6.58,0,0.0,1970-01-01 00:00:00.000000000,0.667
TRK00062,2023-10-01,35,51197,111397.56,6.59,0,0.0,1970-01-01 00:00:00.000000000,1.129
TRK00062,2023-11-01,24,35582,78042.37,6.63,0,0.0,1970-01-01 00:00:00.000000000,0.8
TRK00062,2023-12-01,22,25634,54639.7,6.37,2,2259.41,1970-01-01 00:00:00.000000046,0.71
TRK00062,2024-01-01,33,46190,104281.35,6.48,0,0.0,1970-01-01 00:00:00.000000000,1.065
TRK00062,2024-02-01,22,34137,74303.22,6.53,0,0.0,1970-01-01 00:00:00.000000000,0.759
TRK00062,2024-03-01,20,29727,65040.11,6.75,0,0.0,1970-01-01 00:00:00.000000000,0.645
TRK00062,2024-04-01,22,34400,73847.25,6.61,0,0.0,1970-01-01 00:00:00.000000000,0.733
TRK00062,2024-05-01,40,53506,108842.44,6.53,0,0.0,1970-01-01 00:00:00.000000000,1.29
TRK00062,2024-06-01,29,37513,84894.81,6.56,0,0.0,1970-01-01 00:00:00.000000000,0.967
TRK00062,2024-07-01,20,28420,64578.85,6.36,4,8345.03,1970-01-01 00:00:00.000000093,0.645
TRK00062,2024-08-01,29,41401,84256.2,6.62,1,3597.89,1970-01-01 00:00:00.000000002,0.935
TRK00062,2024-09-01,26,35166,73956.37,6.56,2,3880.15,1970-01-01 00:00:00.000000060,0.867
TRK00062,2024-10-01,17,21341,45140.95,6.62,1,2316.63,1970-01-01 00:00:00.000000039,0.548
TRK00062,2024-11-01,26,33497,64019.64,6.56,2,2480.34,1970-01-01 00:00:00.000000077,0.867
TRK00062,2024-12-01,26,40231,82492.08,6.47,3,3211.51,1970-01-01 00:00:00.000000058,0.839
TRK00063,2022-01-01,23,30451,62974.8,6.42,0,0.0,1970-01-01 00:00:00.000000000,0.742
TRK00063,2022-02-01,19,26856,55098.22,6.47,0,0.0,1970-01-01 00:00:00.000000000,0.679
TRK00063,2022-03-01,17,18442,37454.42,6.28,0,0.0,1970-01-01 00:00:00.000000000,0.548
TRK00063,2022-04-01,21,29385,59938.91,6.5,1,669.71,1970-01-01 00:00:00.000000027,0.7
TRK00063,2022-05-01,24,33740,74598.44,6.56,0,0.0,1970-01-01 00:00:00.000000000,0.774
TRK00063,2022-06-01,28,39002,76489.73,6.46,2,2269.39,1970-01-01 00:00:00.000000046,0.933
TRK00063,2022-07-01,22,31154,66537.6,6.49,4,6241.73,1970-01-01 00:00:00.000000152,0.71
TRK00063,2022-08-01,18,24305,52392.87,6.42,1,1783.1,1970-01-01 00:00:00.000000018,0.581
TRK00063,2022-09-01,23,33154,71167.09,6.47,1,1631.81,1970-01-01 00:00:00.000000003,0.767
TRK00063,2022-10-01,26,37091,81853.94,6.19,2,5710.97,1970-01-01 00:00:00.000000023,0.839
TRK00063,2022-11-01,15,21762,46478.5,6.38,1,4175.24,1970-01-01 00:00:00.000000041,0.5
TRK00063,2022-12-01,23,34474,77284.1,6.68,1,2783.74,1970-01-01 00:00:00.000000022,0.742
TRK00063,2023-01-01,30,50346,108581.43,6.35,2,1101.88,1970-01-01 00:00:00.000000039,0.968
TRK00063,2023-02-01,26,40547,90648.26,6.52,0,0.0,1970-01-01 00:00:00.000000000,0.929
TRK00063,2023-03-01,21,30905,65093.88,6.45,0,0.0,1970-01-01 00:00:00.000000000,0.677
TRK00063,2023-04-01,25,33226,75851.66,6.54,0,0.0,1970-01-01 00:00:00.000000000,0.833
TRK00063,2023-05-01,26,34162,69249.08,6.39,1,2237.88,1970-01-01 00:00:00.000000038,0.839
TRK00063,2023-06-01,25,41628,84670.42,6.53,0,0.0,1970-01-01 00:00:00.000000000,0.833
TRK00063,2023-07-01,28,40501,92973.54,6.63,0,0.0,1970-01-01 00:00:00.000000000,0.903
TRK00063,2023-08-01,24,34566,73885.86,6.53,1,3277.79,1970-01-01 00:00:00.000000036,0.774
TRK00063,2023-09-01,28,47617,106004.22,6.41,0,0.0,1970-01-01 00:00:00.000000000,0.933
TRK00063,2023-10-01,25,34595,76251.01,6.53,0,0.0,1970-01-01 00:00:00.000000000,0.806
TRK00063,2023-11-01,25,34176,75709.27,6.44,0,0.0,1970-01-01 00:00:00.000000000,0.833
TRK00063,2023-12-01,30,49770,96430.22,6.56,0,0.0,1970-01-01 00:00:00.000000000,0.968
TRK00063,2024-01-01,29,40516,84651.92,6.5,0,0.0,1970-01-01 00:00:00.000000000,0.935
TRK00063,2024-02-01,26,39325,80035.0,6.66,1,790.84,1970-01-01 00:00:00.000000018,0.897
TRK00063,2024-03-01,18,21705,51212.72,6.52,0,0.0,1970-01-01 00:00:00.000000000,0.581
TRK00063,2024-04-01,26,33739,72897.15,6.6,0,0.0,1970-01-01 00:00:00.000000000,0.867
TRK00063,2024-05-01,33,45586,95842.14,6.44,0,0.0,1970-01-01 00:00:00.000000000,1.065
TRK00063,2024-06-01,31,41474,88743.31,6.47,0,0.0,1970-01-01 00:00:00.000000000,1.033
TRK00063,2024-07-01,17,22797,48537.29,6.48,1,1758.88,1970-01-01 00:00:00.000000005,0.548
TRK00063,2024-08-01,29,38299,83941.02,6.57,2,4131.38,1970-01-01 00:00:00.000000071,0.935
TRK00063,2024-09-01,25,36675,76646.45,6.65,2,1546.46,1970-01-01 00:00:00.000000060,0.833
TRK00063,2024-10-01,22,25296,53118.56,6.5,2,3768.81,1970-01-01 00:00:00.000000034,0.71
TRK00063,2024-11-01,20,24113,48844.76,6.44,1,496.98,1970-01-01 00:00:00.000000006,0.667
TRK00063,2024-12-01,21,28004,63685.98,6.45,1,2292.45,1970-01-01 00:00:00.000000029,0.677
TRK00064,2022-01-01,23,33248,68149.25,6.42,1,2332.36,1970-01-01 00:00:00.000000004,0.742
TRK00064,2022-02-01,25,38863,83065.93,6.35,0,0.0,1970-01-01 00:00:00.000000000,0.893
TRK00064,2022-03-01,25,38793,85412.49,6.51,1,1750.87,1970-01-01 00:00:00.000000016,0.806
TRK00064,2022-04-01,24,31792,67695.12,6.42,3,7822.96,1970-01-01 00:00:00.000000077,0.8
TRK00064,2022-05-01,25,28611,63764.45,6.42,0,0.0,1970-01-01 00:00:00.000000000,0.806
TRK00064,2022-06-01,35,48904,104528.56,6.77,0,0.0,1970-01-01 00:00:00.000000000,1.167
TRK00064,2022-07-01,24,33079,71455.77,6.54,0,0.0,1970-01-01 00:00:00.000000000,0.774
TRK00064,2022-08-01,28,40297,85942.54,6.64,0,0.0,1970-01-01 00:00:00.000000000,0.903
TRK00064,2022-09-01,34,39421,85500.66,6.51,1,1580.56,1970-01-01 00:00:00.000000029,1.133
TRK00064,2022-10-01,24,36303,82043.41,6.68,2,4042.78,1970-01-01 00:00:00.000000022,0.774
TRK00064,2022-11-01,20,28004,58970.83,6.62,1,2581.75,1970-01-01 00:00:00.000000005,0.667
TRK00064,2022-12-01,29,36393,78842.77,6.54,1,2191.75,1970-01-01 00:00:00.000000024,0.935
TRK00064,2023-01-01,28,42219,85904.27,6.55,0,0.0,1970-01-01 00:00:00.000000000,0.903
TRK00064,2023-02-01,23,37170,81145.98,6.57,1,1487.46,1970-01-01 00:00:00.000000042,0.821
TRK00064,2023-03-01,21,32011,70486.81,6.53,0,0.0,1970-01-01 00:00:00.000000000,0.677
TRK00064,2023-04-01,25,37218,78904.26,6.27,0,0.0,1970-01-01 00:00:00.000000000,0.833
TRK00064,2023-05-01,20,28958,58581.74,6.63,2,2409.55,1970-01-01 00:00:00.000000060,0.645
TRK00064,2023-06-01,22,26266,59340.3,6.62,0,0.0,1970-01-01 00:00:00.000000000,0.733
TRK00064,2023-07-01,27,41257,99045.19,6.43,1,716.14,1970-01-01 00:00:00.000000019,0.871
TRK00064,2023-08-01,27,29972,65617.12,6.51,0,0.0,1970-01-01 00:00:00.000000000,0.871
TRK00064,2023-09-01,17,23918,54656.09,6.43,0,0.0,1970-01-01 00:00:00.000000000,0.567
TRK00064,2023-10-01,27,44360,95197.64,6.56,1,1407.89,1970-01-01 00:00:00.000000026,0.871
TRK00064,2023-11-01,23,35031,78622.61,6.22,0,0.0,1970-01-01 00:00:00.000000000,0.767
TRK00064,2023-12-01,24,35830,69836.11,6.5,0,0.0,1970-01-01 00:00:00.000000000,0.774
TRK00064,2024-01-01,27,35622,77372.58,6.55,2,5223.76,1970-01-01 00:00:00.000000068,0.871
TRK00064,2024-02-01,26,36902,76599.85,6.57,0,0.0,1970-01-01 00:00:00.000000000,0.897
TRK00064,2024-03-01,24,28004,61153.16,6.61,0,0.0,1970-01-01 00:00:00.000000000,0.774
TRK00064,2024-04-01,22,33223,70794.18,6.48,0,0.0,1970-01-01 00:00:00.000000000,0.733
TRK00064,2024-05-01,23,25499,55406.72,6.6,0,0.0,1970-01-01 00:00:00.000000000,0.742
TRK00064,2024-06-01,30,51296,106292.42,6.64,2,4037.51,1970-01-01 00:00:00.000000076,1.0
TRK00064,2024-07-01,40,60398,135397.69,6.48,0,0.0,1970-01-01 00:00:00.000000000,1.29
TRK00064,2024-08-01,26,37116,86064.46,6.4,0,0.0,1970-01-01 00:00:00.000000000,0.839
TRK00064,2024-09-01,24,34821,70885.84,6.54,1,2737.79,1970-01-01 00:00:00.000000009,0.8
TRK00064,2024-10-01,28,44881,93221.34,6.47,2,5973.23,1970-01-01 00:00:00.000000026,0.903
TRK00064,2024-11-01,17,19653,42403.02,6.66,0,0.0,1970-01-01 00:00:00.000000000,0.567
TRK00064,2024-12-01,31,41537,83327.43,6.56,0,0.0,1970-01-01 00:00:00.000000000,1.0
TRK00065,2022-01-01,20,23354,48528.59,6.43,1,2421.32,1970-01-01 00:00:00.000000040,0.645
TRK00065,2022-02-01,12,19557,39569.6,6.49,0,0.0,1970-01-01 00:00:00.000000000,0.429
TRK00065,2022-03-01,22,35546,77630.54,6.61,0,0.0,1970-01-01 00:00:00.000000000,0.71
TRK00065,2022-04-01,31,44924,91322.29,6.5,1,1127.03,1970-01-01 00:00:00.000000031,1.033
TRK00065,2022-05-01,38,48011,107448.26,6.49,1,3219.88,1970-01-01 00:00:00.000000046,1.226
TRK00065,2022-06-01,22,35585,70070.86,6.75,1,718.27,1970-01-01 00:00:00.000000010,0.733
TRK00065,2022-07-01,18,20984,47398.52,6.56,1,3855.85,1970-01-01 00:00:00.000000010,0.581
TRK00065,2022-08-01,25,44826,90620.91,6.57,0,0.0,1970-01-01 00:00:00.000000000,0.806
TRK00065,2022-09-01,21,27575,61382.26,6.4,1,2227.85,1970-01-01 00:00:00.000000006,0.7
TRK00065,2022-10-01,24,25619,53464.6,6.39,3,7096.82,1970-01-01 00:00:00.000000061,0.774
TRK00065,2022-11-01,25,27081,56473.72,6.48,1,871.87,1970-01-01 00:00:00.000000024,0.833
TRK00065,2022-12-01,24,36082,72150.17,6.44,0,0.0,1970-01-01 00:00:00.000000000,0.774
TRK00065,2023-01-01,28,34452,71488.67,6.35,1,292.69,1970-01-01 00:00:00.000000016,0.903
TRK00065,2023-02-01,24,29030,63456.78,6.65,1,464.91,1970-01-01 00:00:00.000000020,0.857
TRK00065,2023-03-01,30,42627,97667.95,6.3,2,6145.18,1970-01-01 00:00:00.000000034,0.968
TRK00065,2023-04-01,28,44275,91799.92,6.51,1,3820.03,1970-01-01 00:00:00.000000041,0.933
TRK00065,2023-05-01,24,39312,81931.47,6.45,0,0.0,1970-01-01 00:00:00.000000000,0.774
TRK00065,2023-06-01,29,45032,100487.87,6.57,0,0.0,1970-01-01 00:00:00.000000000,0.967
TRK00065,2023-07-01,28,37242,82302.79,6.58,1,1962.53,1970-01-01 00:00:00.000000010,0.903
TRK00065,2023-08-01,20,33592,74522.5,6.64,0,0.0,1970-01-01 00:00:00.000000000,0.645
TRK00065,2023-09-01,16,23897,49884.71,6.32,1,714.43,1970-01-01 00:00:00.000000012,0.533
TRK00065,2023-10-01,37,50494,109611.95,6.45,2,3457.31,1970-01-01 00:00:00.000000043,1.194
TRK00065,2023-11-01,26,38444,81870.8,6.41,0,0.0,1970-01-01 00:00:00.000000000,0.867
TRK00065,2023-12-01,29,28474,63659.91,6.52,0,0.0,1970-01-01 00:00:00.000000000,0.935
TRK00065,2024-01-01,25,32555,71690.89,6.58,1,3455.15,1970-01-01 00:00:00.000000022,0.806
TRK00065,2024-02-01,16,26200,50048.93,6.28,0,0.0,1970-01-01 00:00:00.000000000,0.552
TRK00065,2024-03-01,27,42198,84157.24,6.7,0,0.0,1970-01-01 00:00:00.000000000,0.871
TRK00065,2024-04-01,25,36399,84292.4,6.5,0,0.0,1970-01-01 00:00:00.000000000,0.833
TRK00065,2024-05-01,35,52231,110009.39,6.2,0,0.0,1970-01-01 00:00:00.000000000,1.129
TRK00065,2024-06-01,18,18961,45033.71,6.5,1,1882.99,1970-01-01 00:00:00.000000038,0.6
TRK00065,2024-07-01,28,34880,75173.53,6.35,2,6838.9,1970-01-01 00:00:00.000000039,0.903
TRK00065,2024-08-01,28,41860,89758.6,6.52,0,0.0,1970-01-01 00:00:00.000000000,0.903
TRK00065,2024-09-01,26,41641,92112.64,6.61,0,0.0,1970-01-01 00:00:00.000000000,0.867
TRK00065,2024-10-01,33,50453,103541.52,6.57,0,0.0,1970-01-01 00:00:00.000000000,1.065
TRK00065,2024-11-01,26,35954,79599.68,6.49,1,3443.13,1970-01-01 00:00:00.000000041,0.867
TRK00065,2024-12-01,36,58599,128315.96,6.43,2,3500.46,1970-01-01 00:00:00.000000038,1.161
TRK00067,2022-01-01,35,42538,92035.73,6.63,1,2139.83,1970-01-01 00:00:00.000000024,1.129
TRK00067,2022-02-01,28,42320,87241.74,6.45,2,1843.59,1970-01-01 00:00:00.000000041,1.0
TRK00067,2022-03-01,24,33293,69528.24,6.52,3,3143.4,1970-01-01 00:00:00.000000087,0.774
TRK00067,2022-04-01,23,33089,77916.68,6.55,0,0.0,1970-01-01 00:00:00.000000000,0.767
TRK00067,2022-05-01,29,48336,102685.89,6.48,0,0.0,1970-01-01 00:00:00.000000000,0.935
TRK00067,2022-06-01,23,32399,69567.82,6.52,1,2777.72,1970-01-01 00:00:00.000000047,0.767
TRK00067,2022-07-01,27,33070,75307.43,6.22,0,0.0,1970-01-01 00:00:00.000000000,0.871
TRK00067,2022-08-01,26,32282,64648.17,6.51,0,0.0,1970-01-01 00:00:00.000000000,0.839
TRK00067,2022-09-01,37,56247,110950.11,6.56,2,3882.36,1970-01-01 00:00:00.000000063,1.233
TRK00067,2022-10-01,22,34795,74313.34,6.55,1,3143.84,1970-01-01 00:00:00.000000010,0.71
TRK00067,2022-11-01,22,35815,75260.01,6.44,1,2479.88,1970-01-01 00:00:00.000000018,0.733
TRK00067,2022-12-01,23,31986,64325.11,6.42,1,450.39,1970-01-01 00:00:00.000000013,0.742
TRK00067,2023-01-01,29,42021,87095.64,6.48,1,478.77,1970-01-01 00:00:00.000000017,0.935
TRK00067,2023-02-01,33,52703,113538.66,6.61,0,0.0,1970-01-01 00:00:00.000000000,1.179
TRK00067,2023-03-01,24,35672,79329.3,6.37,1,1236.98,1970-01-01 00:00:00.000000007,0.774
TRK00067,2023-04-01,21,32440,77704.72,6.32,0,0.0,1970-01-01 00:00:00.000000000,0.7
TRK00067,2023-05-01,20,29584,65874.41,6.28,1,2377.12,1970-01-01 00:00:00.000000046,0.645
TRK00067,2023-06-01,28,32813,74149.35,6.6,1,3453.66,1970-01-01 00:00:00.000000014,0.933
TRK00067,2023-07-01,30,48356,110226.34,6.55,0,0.0,1970-01-01 00:00:00.000000000,0.968
TRK00067,2023-08-01,17,21697,47020.75,6.52,0,0.0,1970-01-01 00:00:00.000000000,0.548
TRK00067,2023-09-01,22,38611,84835.56,6.52,1,3306.67,1970-01-01 00:00:00.000000017,0.733
TRK00067,2023-10-01,23,34897,78792.61,6.54,1,847.0,1970-01-01 00:00:00.000000042,0.742
TRK00067,2023-11-01,25,35612,79810.31,6.74,0,0.0,1970-01-01 00:00:00.000000000,0.833
TRK00067,2023-12-01,18,26115,56534.19,6.28,1,242.92,1970-01-01 00:00:00.000000043,0.581
TRK00067,2024-01-01,30,38023,82190.7,6.71,1,1278.86,1970-01-01 00:00:00.000000029,0.968
TRK00067,2024-02-01,25,37559,80182.2,6.36,0,0.0,1970-01-01 00:00:00.000000000,0.862
TRK00067,2024-03-01,25,33831,76632.79,6.54,1,1422.04,1970-01-01 00:00:00.000000033,0.806
TRK00067,2024-04-01,21,35568,73822.33,6.27,2,3739.52,1970-01-01 00:00:00.000000058,0.7
TRK00067,2024-05-01,20,27254,65021.26,6.11,0,0.0,1970-01-01 00:00:00.000000000,0.645
TRK00067,2024-06-01,25,32625,71338.77,6.56,1,1711.49,1970-01-01 00:00:00.000000007,0.833
TRK00067,2024-07-01,33,50415,110171.44,6.38,1,826.12,1970-01-01 00:00:00.000000032,1.065
TRK00067,2024-08-01,26,35052,70122.35,6.61,0,0.0,1970-01-01 00:00:00.000000000,0.839
TRK00067,2024-09-01,28,41658,92294.47,6.54,1,858.81,1970-01-01 00:00:00.000000037,0.933
TRK00067,2024-10-01,27,42656,95790.14,6.58,0,0.0,1970-01-01 00:00:00.000000000,0.871
TRK00067,2024-11-01,18,23351,50162.03,6.6,1,1691.98,1970-01-01 00:00:00.000000016,0.6
TRK00067,2024-12-01,21,27925,61449.21,6.51,2,2042.33,1970-01-01 00:00:00.000000046,0.677
TRK00068,2022-01-01,25,39225,80549.97,6.71,2,5067.99,1970-01-01 00:00:00.000000014,0.806
TRK00068,2022-02-01,28,41164,86713.52,6.41,1,1597.03,1970-01-01 00:00:00.000000044,1.0
TRK00068,2022-03-01,22,33771,75434.07,6.62,0,0.0,1970-01-01 00:00:00.000000000,0.71
TRK00068,2022-04-01,22,30877,65780.3,6.47,0,0.0,1970-01-01 00:00:00.000000000,0.733
TRK00068,2022-05-01,22,28995,61304.93,6.49,0,0.0,1970-01-01 00:00:00.000000000,0.71
TRK00068,2022-06-01,20,30188,66502.18,6.5,0,0.0,1970-01-01 00:00:00.000000000,0.667
TRK00068,2022-07-01,24,31537,67293.74,6.64,1,1295.19,1970-01-01 00:00:00.000000030,0.774
TRK00068,2022-08-01,25,30556,66816.6,6.36,2,5790.46,1970-01-01 00:00:00.000000075,0.806
TRK00068,2022-09-01,19,31827,69280.39,6.49,0,0.0,1970-01-01 00:00:00.000000000,0.633
TRK00068,2022-10-01,31,41705,91300.2,6.46,3,8747.72,1970-01-01 00:00:00.000000046,1.0
TRK00068,2022-11-01,31,40852,94341.59,6.41,0,0.0,1970-01-01 00:00:00.000000000,1.033
TRK00068,2022-12-01,30,41542,93990.96,6.41,1,1776.29,1970-01-01 00:00:00.000000013,0.968
TRK00068,2023-01-01,27,42456,96979.97,6.49,2,2315.93,1970-01-01 00:00:00.000000058,0.871
TRK00068,2023-02-01,20,27732,61056.47,6.3,0,0.0,1970-01-01 00:00:00.000000000,0.714
TRK00068,2023-03-01,30,43446,93682.31,6.58,0,0.0,1970-01-01 00:00:00.000000000,0.968
TRK00068,2023-04-01,27,37699,82954.14,6.41,2,3120.05,1970-01-01 00:00:00.000000067,0.9
TRK00068,2023-05-01,23,33578,68259.36,6.35,0,0.0,1970-01-01 00:00:00.000000000,0.742
TRK00068,2023-06-01,15,22936,44107.56,6.31,1,3110.58,1970-01-01 00:00:00.000000035,0.5
TRK00068,2023-07-01,20,34046,75135.77,6.57,0,0.0,1970-01-01 00:00:00.000000000,0.645
TRK00068,2023-08-01,37,48742,108900.76,6.53,0,0.0,1970-01-01 00:00:00.000000000,1.194
TRK00068,2023-09-01,30,35291,77351.7,6.64,0,0.0,1970-01-01 00:00:00.000000000,1.0
TRK00068,2023-10-01,28,42117,91926.36,6.36,1,905.43,1970-01-01 00:00:00.000000024,0.903
TRK00068,2023-11-01,26,35755,76411.35,6.59,1,3349.75,1970-01-01 00:00:00.000000026,0.867
TRK00068,2023-12-01,13,21578,49608.68,6.26,1,1476.82,1970-01-01 00:00:00.000000004,0.419
TRK00068,2024-01-01,22,35235,82756.92,6.46,1,218.74,1970-01-01 00:00:00.000000020,0.71
TRK00068,2024-02-01,21,31415,69966.97,6.52,0,0.0,1970-01-01 00:00:00.000000000,0.724
TRK00068,2024-03-01,23,39160,80474.6,6.41,0,0.0,1970-01-01 00:00:00.000000000,0.742
TRK00068,2024-04-01,25,36733,75930.71,6.48,0,0.0,1970-01-01 00:00:00.000000000,0.833
TRK00068,2024-05-01,25,32797,76856.08,6.49,0,0.0,1970-01-01 00:00:00.000000000,0.806
TRK00068,2024-06-01,23,33711,69337.13,6.46,1,1355.98,1970-01-01 00:00:00.000000002,0.767
TRK00068,2024-07-01,23,28692,62482.16,6.26,1,277.45,1970-01-01 00:00:00.000000032,0.742
TRK00068,2024-08-01,32,38901,87326.76,6.4,1,2426.71,1970-01-01 00:00:00.000000031,1.032
TRK00068,2024-09-01,33,41102,82816.93,6.63,1,587.77,1970-01-01 00:00:00.000000029,1.1
TRK00068,2024-10-01,24,35899,81835.06,6.47,0,0.0,1970-01-01 00:00:00.000000000,0.774
TRK00068,2024-11-01,24,42522,90837.62,6.51,1,1411.82,1970-01-01 00:00:00.000000040,0.8
TRK00068,2024-12-01,29,42867,87907.97,6.42,2,3972.23,1970-01-01 00:00:00.000000033,0.935
TRK00069,2022-01-01,33,43036,96621.77,6.61,0,0.0,1970-01-01 00:00:00.000000000,1.065
TRK00069,2022-02-01,22,26952,62355.07,6.45,0,0.0,1970-01-01 00:00:00.000000000,0.786
TRK00069,2022-03-01,29,42806,88522.6,6.36,0,0.0,1970-01-01 00:00:00.000000000,0.935
TRK00069,2022-04-01,23,27426,54368.64,6.46,1,884.84,1970-01-01 00:00:00.000000034,0.767
TRK00069,2022-05-01,27,38056,83980.73,6.49,1,841.19,1970-01-01 00:00:00.000000028,0.871
TRK00069,2022-06-01,23,33517,72434.29,6.59,1,3511.52,1970-01-01 00:00:00.000000018,0.767
TRK00069,2022-07-01,32,46528,98578.4,6.59,0,0.0,1970-01-01 00:00:00.000000000,1.032
TRK00069,2022-08-01,35,54975,114809.53,6.44,1,168.48,1970-01-01 00:00:00.000000020,1.129
TRK00069,2022-09-01,23,24250,51139.86,6.48,1,1937.59,1970-01-01 00:00:00.000000011,0.767
TRK00069,2022-10-01,20,30806,65763.24,6.37,0,0.0,1970-01-01 00:00:00.000000000,0.645
TRK00069,2022-11-01,29,36737,80737.61,6.66,0,0.0,1970-01-01 00:00:00.000000000,0.967
TRK00069,2022-12-01,30,50649,115166.99,6.48,1,3338.89,1970-01-01 00:00:00.000000011,0.968
TRK00069,2023-01-01,29,35198,80125.95,6.67,0,0.0,1970-01-01 00:00:00.000000000,0.935
TRK00069,2023-02-01,26,41376,84513.87,6.48,0,0.0,1970-01-01 00:00:00.000000000,0.929
TRK00069,2023-03-01,26,29859,67168.59,6.59,0,0.0,1970-01-01 00:00:00.000000000,0.839
TRK00069,2023-04-01,22,27725,64312.87,6.47,1,3272.95,1970-01-01 00:00:00.000000005,0.733
TRK00069,2023-05-01,19,29074,53104.64,6.49,1,997.17,1970-01-01 00:00:00.000000005,0.613
TRK00069,2023-06-01,29,43288,94902.11,6.5,0,0.0,1970-01-01 00:00:00.000000000,0.967
TRK00069,2023-07-01,24,38623,80214.52,6.64,0,0.0,1970-01-01 00:00:00.000000000,0.774
TRK00069,2023-08-01,26,34931,76879.16,6.37,2,3815.05,1970-01-01 00:00:00.000000068,0.839
TRK00069,2023-09-01,21,28938,63046.02,6.3,0,0.0,1970-01-01 00:00:00.000000000,0.7
TRK00069,2023-10-01,19,28487,63755.69,6.57,0,0.0,1970-01-01 00:00:00.000000000,0.613
TRK00069,2023-11-01,32,47715,107808.55,6.53,0,0.0,1970-01-01 00:00:00.000000000,1.067
TRK00069,2023-12-01,30,45616,105386.84,6.51,0,0.0,1970-01-01 00:00:00.000000000,0.968
TRK00069,2024-01-01,20,27398,62270.59,6.7,2,4262.76,1970-01-01 00:00:00.000000049,0.645
TRK00069,2024-02-01,24,31556,69391.15,6.43,0,0.0,1970-01-01 00:00:00.000000000,0.828
TRK00069,2024-03-01,29,40514,87081.4,6.51,0,0.0,1970-01-01 00:00:00.000000000,0.935
TRK00069,2024-04-01,31,38818,77380.39,6.64,2,4498.46,1970-01-01 00:00:00.000000044,1.033
TRK00069,2024-05-01,29,45205,98555.64,6.62,0,0.0,1970-01-01 00:00:00.000000000,0.935
TRK00069,2024-06-01,24,32950,70097.37,6.45,2,4602.58,1970-01-01 00:00:00.000000041,0.8
TRK00069,2024-07-01,19,28479,58407.97,6.54,1,2000.35,1970-01-01 00:00:00.000000003,0.613
TRK00069,2024-08-01,19,33324,76954.71,6.46,0,0.0,1970-01-01 00:00:00.000000000,0.613
TRK00069,2024-09-01,30,45637,90870.37,6.35,0,0.0,1970-01-01 00:00:00.000000000,1.0
TRK00069,2024-10-01,29,39976,80686.39,6.62,0,0.0,1970-01-01 00:00:00.000000000,0.935
TRK00069,2024-11-01,27,39279,83612.05,6.49,1,995.16,1970-01-01 00:00:00.000000025,0.9
TRK00069,2024-12-01,25,28406,62412.17,6.55,0,0.0,1970-01-01 00:00:00.000000000,0.806
TRK00070,2022-01-01,21,29770,57239.48,6.43,1,3000.23,1970-01-01 00:00:00.000000031,0.677
TRK00070,2022-02-01,24,27069,57184.46,6.51,0,0.0,1970-01-01 00:00:00.000000000,0.857
TRK00070,2022-03-01,33,40496,85666.38,6.72,0,0.0,1970-01-01 00:00:00.000000000,1.065
TRK00070,2022-04-01,28,42332,94296.06,6.72,0,0.0,1970-01-01 00:00:00.000000000,0.933
TRK00070,2022-05-01,28,41741,87089.73,6.48,1,1426.64,1970-01-01 00:00:00.000000005,0.903
TRK00070,2022-06-01,27,35447,75572.8,6.4,2,4204.4,1970-01-01 00:00:00.000000063,0.9
TRK00070,2022-07-01,24,32508,65153.36,6.58,0,0.0,1970-01-01 00:00:00.000000000,0.774
TRK00070,2022-08-01,35,49075,109137.62,6.45,0,0.0,1970-01-01 00:00:00.000000000,1.129
TRK00070,2022-09-01,18,22135,43959.9,6.54,2,5418.81,1970-01-01 00:00:00.000000022,0.6
TRK00070,2022-10-01,40,60809,123174.13,6.53,1,2157.94,1970-01-01 00:00:00.000000013,1.29
TRK00070,2022-11-01,22,32406,65761.66,6.43,1,493.79,1970-01-01 00:00:00.000000008,0.733
TRK00070,2022-12-01,29,41085,84792.58,6.58,0,0.0,1970-01-01 00:00:00.000000000,0.935
TRK00070,2023-01-01,22,35747,69215.33,6.59,0,0.0,1970-01-01 00:00:00.000000000,0.71
TRK00070,2023-02-01,25,41738,85759.68,6.47,0,0.0,1970-01-01 00:00:00.000000000,0.893
TRK00070,2023-03-01,37,51487,117610.69,6.4,0,0.0,1970-01-01 00:00:00.000000000,1.194
TRK00070,2023-04-01,23,29986,66311.05,6.65,0,0.0,1970-01-01 00:00:00.000000000,0.767
TRK00070,2023-05-01,28,49758,112617.11,6.6,0,0.0,1970-01-01 00:00:00.000000000,0.903
TRK00070,2023-06-01,22,22353,50781.35,6.6,0,0.0,1970-01-01 00:00:00.000000000,0.733
TRK00070,2023-07-01,24,34653,77956.8,6.51,0,0.0,1970-01-01 00:00:00.000000000,0.774
TRK00070,2023-08-01,32,51144,113136.56,6.47,0,0.0,1970-01-01 00:00:00.000000000,1.032
TRK00070,2023-09-01,29,46714,94518.43,6.27,1,4005.05,1970-01-01 00:00:00.000000019,0.967
TRK00070,2023-10-01,28,41958,85682.03,6.52,1,3722.37,1970-01-01 00:00:00.000000008,0.903
TRK00070,2023-11-01,31,38651,87531.03,6.41,1,4003.61,1970-01-01 00:00:00.000000014,1.033
TRK00070,2023-12-01,21,26249,58391.19,6.39,0,0.0,1970-01-01 00:00:00.000000000,0.677
TRK00070,2024-01-01,20,28047,58103.75,6.59,0,0.0,1970-01-01 00:00:00.000000000,0.645
TRK00070,2024-02-01,22,26577,54876.19,6.47,0,0.0,1970-01-01 00:00:00.000000000,0.759
TRK00070,2024-03-01,20,25730,51466.13,6.76,1,1554.05,1970-01-01 00:00:00.000000040,0.645
TRK00070,2024-04-01,30,44247,91003.17,6.46,0,0.0,1970-01-01 00:00:00.000000000,1.0
TRK00070,2024-05-01,46,59867,129477.56,6.4,0,0.0,1970-01-01 00:00:00.000000000,1.484
TRK00070,2024-06-01,30,44744,90632.82,6.51,1,1578.69,1970-01-01 00:00:00.000000041,1.0
TRK00070,2024-07-01,18,26593,60893.78,6.69,0,0.0,1970-01-01 00:00:00.000000000,0.581
TRK00070,2024-08-01,20,26199,55200.73,6.55,1,2701.15,1970-01-01 00:00:00.000000030,0.645
TRK00070,2024-09-01,22,30171,69806.95,6.21,1,1875.59,1970-01-01 00:00:00.000000009,0.733
TRK00070,2024-10-01,22,31142,60159.87,6.62,0,0.0,1970-01-01 00:00:00.000000000,0.71
TRK00070,2024-11-01,24,31433,69139.36,6.56,0,0.0,1970-01-01 00:00:00.000000000,0.8
TRK00070,2024-12-01,18,19458,40817.26,6.55,0,0.0,1970-01-01 00:00:00.000000000,0.581
TRK00071,2022-01-01,26,34694,65800.59,6.48,0,0.0,1970-01-01 00:00:00.000000000,0.839
TRK00071,2022-02-01,24,27917,58969.41,6.49,1,3385.38,1970-01-01 00:00:00.000000028,0.857
TRK00071,2022-03-01,20,31961,72704.01,6.39,0,0.0,1970-01-01 00:00:00.000000000,0.645
TRK00071,2022-04-01,30,43737,97216.33,6.46,0,0.0,1970-01-01 00:00:00.000000000,1.0
TRK00071,2022-05-01,21,29156,67935.36,6.5,1,2180.51,1970-01-01 00:00:00.000000010,0.677
TRK00071,2022-06-01,19,31379,67962.71,6.28,2,2979.42,1970-01-01 00:00:00.000000065,0.633
TRK00071,2022-07-01,30,41386,93962.55,6.57,0,0.0,1970-01-01 00:00:00.000000000,0.968
TRK00071,2022-08-01,33,45992,97734.79,6.35,1,644.41,1970-01-01 00:00:00.000000032,1.065
TRK00071,2022-09-01,24,34163,74007.56,6.65,0,0.0,1970-01-01 00:00:00.000000000,0.8
TRK00071,2022-10-01,22,29728,59757.31,6.51,0,0.0,1970-01-01 00:00:00.000000000,0.71
TRK00071,2022-11-01,33,39442,82237.51,6.59,1,2019.04,1970-01-01 00:00:00.000000005,1.1
TRK00071,2022-12-01,27,32567,76252.35,6.45,1,1829.01,1970-01-01 00:00:00.000000030,0.871
TRK00071,2023-01-01,28,38928,78731.27,6.69,1,1586.15,1970-01-01 00:00:00.000000020,0.903
TRK00071,2023-02-01,18,22145,43872.56,6.59,1,1067.13,1970-01-01 00:00:00.000000018,0.643
TRK00071,2023-03-01,28,43180,94485.54,6.43,1,3260.96,1970-01-01 00:00:00.000000008,0.903
TRK00071,2023-04-01,31,45836,96854.76,6.37,1,845.12,1970-01-01 00:00:00.000000010,1.033
TRK00071,2023-05-01,23,33185,76290.26,6.57,2,7465.45,1970-01-01 00:00:00.000000072,0.742
TRK00071,2023-06-01,34,51935,112966.44,6.38,2,6051.07,1970-01-01 00:00:00.000000021,1.133
TRK00071,2023-07-01,24,26943,58230.07,6.4,0,0.0,1970-01-01 00:00:00.000000000,0.774
TRK00071,2023-08-01,30,47391,100980.15,6.45,1,842.24,1970-01-01 00:00:00.000000002,0.968
TRK00071,2023-09-01,18,21240,48951.78,6.38,0,0.0,1970-01-01 00:00:00.000000000,0.6
TRK00071,2023-10-01,22,27696,58346.79,6.57,2,2555.96,1970-01-01 00:00:00.000000049,0.71
TRK00071,2023-11-01,23,33054,73933.36,6.58,1,1800.93,1970-01-01 00:00:00.000000044,0.767
TRK00071,2023-12-01,28,42177,89125.92,6.66,2,5107.27,1970-01-01 00:00:00.000000065,0.903
TRK00071,2024-01-01,21,32995,68577.45,6.5,2,1393.4,1970-01-01 00:00:00.000000082,0.677
TRK00071,2024-02-01,22,24217,53686.54,6.51,0,0.0,1970-01-01 00:00:00.000000000,0.759
TRK00071,2024-03-01,26,35146,75004.84,6.59,2,5297.59,1970-01-01 00:00:00.000000052,0.839
TRK00071,2024-04-01,31,51119,107403.56,6.57,1,939.19,1970-01-01 00:00:00.000000004,1.033
TRK00071,2024-05-01,23,29050,61000.43,6.42,0,0.0,1970-01-01 00:00:00.000000000,0.742
TRK00071,2024-06-01,28,40455,89028.12,6.53,0,0.0,1970-01-01 00:00:00.000000000,0.933
TRK00071,2024-07-01,24,34849,75205.89,6.48,1,1310.47,1970-01-01 00:00:00.000000038,0.774
TRK00071,2024-08-01,22,29909,69034.9,6.49,1,2819.18,1970-01-01 00:00:00.000000002,0.71
TRK00071,2024-09-01,21,28140,63363.62,6.55,1,3284.34,1970-01-01 00:00:00.000000023,0.7
TRK00071,2024-10-01,27,38506,87050.5,6.61,0,0.0,1970-01-01 00:00:00.000000000,0.871
TRK00071,2024-11-01,28,38112,73964.39,6.73,1,977.91,1970-01-01 00:00:00.000000042,0.933
TRK00071,2024-12-01,22,30938,71302.38,6.35,1,2054.42,1970-01-01 00:00:00.000000029,0.71
TRK00072,2022-01-01,20,33590,71888.44,6.35,2,2144.16,1970-01-01 00:00:00.000000015,0.645
TRK00072,2022-02-01,23,31524,59157.62,6.51,0,0.0,1970-01-01 00:00:00.000000000,0.821
TRK00072,2022-03-01,22,36012,76671.54,6.3,1,511.4,1970-01-01 00:00:00.000000031,0.71
TRK00072,2022-04-01,31,47099,102512.51,6.54,3,5755.43,1970-01-01 00:00:00.000000058,1.033
TRK00072,2022-05-01,27,39727,87463.69,6.51,1,199.51,1970-01-01 00:00:00.000000040,0.871
TRK00072,2022-06-01,26,46588,101214.39,6.32,1,1371.27,1970-01-01 00:00:00.000000011,0.867
TRK00072,2022-07-01,18,29899,61940.14,6.46,2,3907.31,1970-01-01 00:00:00.000000066,0.581
TRK00072,2022-08-01,21,27770,59089.33,6.47,1,2288.85,1970-01-01 00:00:00.000000014,0.677
TRK00072,2022-09-01,25,36593,78639.8,6.46,1,257.42,1970-01-01 00:00:00.000000042,0.833
TRK00072,2022-10-01,18,29384,63790.14,6.39,0,0.0,1970-01-01 00:00:00.000000000,0.581
TRK00072,2022-11-01,23,32845,68222.5,6.61,0,0.0,1970-01-01 00:00:00.000000000,0.767
TRK00072,2022-12-01,22,27152,51607.09,6.48,0,0.0,1970-01-01 00:00:00.000000000,0.71
TRK00072,2023-01-01,27,44547,101962.22,6.59,1,3891.41,1970-01-01 00:00:00.000000025,0.871
TRK00072,2023-02-01,24,31659,72551.31,6.48,0,0.0,1970-01-01 00:00:00.000000000,0.857
TRK00072,2023-03-01,35,53192,113677.29,6.4,0,0.0,1970-01-01 00:00:00.000000000,1.129
TRK00072,2023-04-01,21,32095,80375.44,6.41,1,2840.46,1970-01-01 00:00:00.000000033,0.7
TRK00072,2023-05-01,23,37839,81221.39,6.49,0,0.0,1970-01-01 00:00:00.000000000,0.742
TRK00072,2023-06-01,20,31083,66791.51,6.47,0,0.0,1970-01-01 00:00:00.000000000,0.667
TRK00072,2023-07-01,19,30345,65672.24,6.55,1,1766.53,1970-01-01 00:00:00.000000037,0.613
TRK00072,2023-08-01,23,36335,75877.85,6.46,0,0.0,1970-01-01 00:00:00.000000000,0.742
TRK00072,2023-09-01,21,31249,68135.75,6.37,0,0.0,1970-01-01 00:00:00.000000000,0.7
TRK00072,2023-10-01,32,47629,105579.5,6.44,3,3882.23,1970-01-01 00:00:00.000000040,1.032
TRK00072,2023-11-01,30,42244,97089.16,6.37,0,0.0,1970-01-01 00:00:00.000000000,1.0
TRK00072,2023-12-01,21,28312,59973.37,6.32,2,4250.56,1970-01-01 00:00:00.000000058,0.677
TRK00072,2024-01-01,29,39786,92003.58,6.47,0,0.0,1970-01-01 00:00:00.000000000,0.935
TRK00072,2024-02-01,26,32883,71271.53,6.51,1,2634.86,1970-01-01 00:00:00.000000012,0.897
TRK00072,2024-03-01,27,39624,85722.06,6.36,0,0.0,1970-01-01 00:00:00.000000000,0.871
TRK00072,2024-04-01,29,35691,71081.89,6.47,3,6129.23,1970-01-01 00:00:00.000000073,0.967
TRK00072,2024-05-01,32,44753,94211.99,6.61,0,0.0,1970-01-01 00:00:00.000000000,1.032
TRK00072,2024-06-01,22,36972,73850.65,6.48,2,3062.72,1970-01-01 00:00:00.000000059,0.733
TRK00072,2024-07-01,29,38207,79544.38,6.37,0,0.0,1970-01-01 00:00:00.000000000,0.935
TRK00072,2024-08-01,25,39423,89331.06,6.5,2,3086.92,1970-01-01 00:00:00.000000044,0.806
TRK00072,2024-09-01,23,26396,58056.5,6.35,0,0.0,1970-01-01 00:00:00.000000000,0.767
TRK00072,2024-10-01,21,33755,71276.33,6.53,0,0.0,1970-01-01 00:00:00.000000000,0.677
TRK00072,2024-11-01,24,31155,63736.97,6.65,1,429.53,1970-01-01 00:00:00.000000009,0.8
TRK00072,2024-12-01,22,20802,43806.93,6.24,1,1693.9,1970-01-01 00:00:00.000000024,0.71
TRK00073,2022-01-01,27,37448,78423.06,6.59,0,0.0,1970-01-01 00:00:00.000000000,0.871
TRK00073,2022-02-01,26,38212,81267.17,6.49,0,0.0,1970-01-01 00:00:00.000000000,0.929
TRK00073,2022-03-01,21,31397,59924.52,6.55,1,3014.22,1970-01-01 00:00:00.000000019,0.677
TRK00073,2022-04-01,27,31335,66234.37,6.71,3,6407.03,1970-01-01 00:00:00.000000091,0.9
TRK00073,2022-05-01,28,37707,78873.26,6.56,1,3178.02,1970-01-01 00:00:00.000000015,0.903
TRK00073,2022-06-01,24,27213,60489.41,6.45,0,0.0,1970-01-01 00:00:00.000000000,0.8
TRK00073,2022-07-01,20,31483,65408.21,6.54,3,3840.38,1970-01-01 00:00:00.000000098,0.645
TRK00073,2022-08-01,24,34861,74177.43,6.33,0,0.0,1970-01-01 00:00:00.000000000,0.774
TRK00073,2022-09-01,22,31089,69139.27,6.5,1,1563.2,1970-01-01 00:00:00.000000022,0.733
TRK00073,2022-10-01,27,36368,74112.73,6.48,0,0.0,1970-01-01 00:00:00.000000000,0.871
TRK00073,2022-11-01,27,33550,72296.24,6.62,1,1820.46,1970-01-01 00:00:00.000000003,0.9
TRK00073,2022-12-01,28,39221,84764.39,6.47,2,5019.84,1970-01-01 00:00:00.000000061,0.903
TRK00073,2023-01-01,28,42044,91915.58,6.48,1,3096.77,1970-01-01 00:00:00.000000020,0.903
TRK00073,2023-02-01,32,53715,112030.92,6.38,2,5204.22,1970-01-01 00:00:00.000000017,1.143
TRK00073,2023-03-01,26,37916,79375.25,6.56,2,3234.81,1970-01-01 00:00:00.000000026,0.839
TRK00073,2023-04-01,31,47175,111297.61,6.37,0,0.0,1970-01-01 00:00:00.000000000,1.033
TRK00073,2023-05-01,25,30686,65606.5,6.58,0,0.0,1970-01-01 00:00:00.000000000,0.806
TRK00073,2023-06-01,23,32038,63848.78,6.7,0,0.0,1970-01-01 00:00:00.000000000,0.767
TRK00073,2023-07-01,22,32123,68343.37,6.4,1,636.48,1970-01-01 00:00:00.000000037,0.71
TRK00073,2023-08-01,30,41539,91436.38,6.5,0,0.0,1970-01-01 00:00:00.000000000,0.968
TRK00073,2023-09-01,26,45748,101913.96,6.53,1,2100.03,1970-01-01 00:00:00.000000045,0.867
TRK00073,2023-10-01,29,36328,78309.04,6.48,2,1290.91,1970-01-01 00:00:00.000000053,0.935
TRK00073,2023-11-01,23,33756,72038.6,6.65,1,3758.7,1970-01-01 00:00:00.000000040,0.767
TRK00073,2023-12-01,22,27270,61398.91,6.41,2,2590.62,1970-01-01 00:00:00.000000053,0.71
TRK00073,2024-01-01,16,27674,59999.88,6.21,2,4332.69,1970-01-01 00:00:00.000000071,0.516
TRK00073,2024-02-01,22,33570,73383.9,6.58,2,1514.79,1970-01-01 00:00:00.000000050,0.759
TRK00073,2024-03-01,33,42117,86444.78,6.47,1,1052.66,1970-01-01 00:00:00.000000006,1.065
TRK00073,2024-04-01,29,39438,82788.69,6.3,1,3625.18,1970-01-01 00:00:00.000000027,0.967
TRK00073,2024-05-01,26,44337,89921.04,6.71,0,0.0,1970-01-01 00:00:00.000000000,0.839
TRK00073,2024-06-01,36,50072,116101.82,6.37,1,1919.34,1970-01-01 00:00:00.000000014,1.2
TRK00073,2024-07-01,25,38364,86270.17,6.62,1,198.44,1970-01-01 00:00:00.000000004,0.806
TRK00073,2024-08-01,25,34683,68585.78,6.5,3,7677.49,1970-01-01 00:00:00.000000077,0.806
TRK00073,2024-09-01,29,47437,100965.57,6.63,0,0.0,1970-01-01 00:00:00.000000000,0.967
TRK00073,2024-10-01,31,44332,98800.85,6.45,2,5741.45,1970-01-01 00:00:00.000000062,1.0
TRK00073,2024-11-01,25,37335,77009.63,6.5,0,0.0,1970-01-01 00:00:00.000000000,0.833
TRK00073,2024-12-01,20,28982,69698.68,6.48,2,3756.26,1970-01-01 00:00:00.000000074,0.645
TRK00074,2022-01-01,28,46163,106852.78,6.27,0,0.0,1970-01-01 00:00:00.000000000,0.903
TRK00074,2022-02-01,34,56384,121793.24,6.54,0,0.0,1970-01-01 00:00:00.000000000,1.214
TRK00074,2022-03-01,27,39976,83269.6,6.47,0,0.0,1970-01-01 00:00:00.000000000,0.871
TRK00074,2022-04-01,21,24785,49226.55,6.36,0,0.0,1970-01-01 00:00:00.000000000,0.7
TRK00074,2022-05-01,25,42727,91556.35,6.47,0,0.0,1970-01-01 00:00:00.000000000,0.806
TRK00074,2022-06-01,32,42567,86914.9,6.58,0,0.0,1970-01-01 00:00:00.000000000,1.067
TRK00074,2022-07-01,25,38701,80449.83,6.77,0,0.0,1970-01-01 00:00:00.000000000,0.806
TRK00074,2022-08-01,24,27507,60832.78,6.51,0,0.0,1970-01-01 00:00:00.000000000,0.774
TRK00074,2022-09-01,21,31409,66727.53,6.72,1,827.74,1970-01-01 00:00:00.000000038,0.7
TRK00074,2022-10-01,17,26728,57287.56,6.54,2,5489.37,1970-01-01 00:00:00.000000071,0.548
TRK00074,2022-11-01,20,27199,59504.54,6.53,0,0.0,1970-01-01 00:00:00.000000000,0.667
TRK00074,2022-12-01,25,33040,70241.24,6.34,0,0.0,1970-01-01 00:00:00.000000000,0.806
TRK00074,2023-01-01,26,29484,65561.63,6.67,2,5523.61,1970-01-01 00:00:00.000000045,0.839
TRK00074,2023-02-01,29,38968,79106.35,6.71,0,0.0,1970-01-01 00:00:00.000000000,1.036
TRK00074,2023-03-01,27,41711,90245.61,6.48,3,6059.94,1970-01-01 00:00:00.000000091,0.871
TRK00074,2023-04-01,23,39110,83966.02,6.43,0,0.0,1970-01-01 00:00:00.000000000,0.767
TRK00074,2023-05-01,25,44371,89885.44,6.52,0,0.0,1970-01-01 00:00:00.000000000,0.806
TRK00074,2023-06-01,18,23448,48474.85,6.51,1,784.46,1970-01-01 00:00:00.000000027,0.6
TRK00074,2023-07-01,24,36322,72358.79,6.47,1,1956.57,1970-01-01 00:00:00.000000021,0.774
TRK00074,2023-08-01,29,37512,78025.39,6.56,0,0.0,1970-01-01 00:00:00.000000000,0.935
TRK00074,2023-09-01,23,32164,61573.29,6.45,0,0.0,1970-01-01 00:00:00.000000000,0.767
TRK00074,2023-10-01,19,30236,63372.12,6.42,2,4003.43,1970-01-01 00:00:00.000000036,0.613
TRK00074,2023-11-01,31,53865,112385.35,6.6,1,3642.29,1970-01-01 00:00:00.000000027,1.033
TRK00074,2023-12-01,25,26640,59052.93,6.42,1,2621.58,1970-01-01 00:00:00.000000019,0.806
TRK00074,2024-01-01,24,26109,61497.52,6.47,1,670.88,1970-01-01 00:00:00.000000037,0.774
TRK00074,2024-02-01,25,35382,69267.05,6.36,0,0.0,1970-01-01 00:00:00.000000000,0.862
TRK00074,2024-03-01,21,26685,58394.57,6.53,0,0.0,1970-01-01 00:00:00.000000000,0.677
TRK00074,2024-04-01,20,34584,78415.9,6.47,0,0.0,1970-01-01 00:00:00.000000000,0.667
TRK00074,2024-05-01,27,43091,86927.81,6.59,0,0.0,1970-01-01 00:00:00.000000000,0.871
TRK00074,2024-06-01,19,23253,58521.59,6.31,0,0.0,1970-01-01 00:00:00.000000000,0.633
TRK00074,2024-07-01,27,40560,88670.56,6.48,0,0.0,1970-01-01 00:00:00.000000000,0.871
TRK00074,2024-08-01,24,40496,80758.21,6.7,0,0.0,1970-01-01 00:00:00.000000000,0.774
TRK00074,2024-09-01,20,28785,58180.07,6.53,0,0.0,1970-01-01 00:00:00.000000000,0.667
TRK00074,2024-10-01,23,41721,94318.69,6.56,0,0.0,1970-01-01 00:00:00.000000000,0.742
TRK00074,2024-11-01,23,39092,85498.15,6.42,0,0.0,1970-01-01 00:00:00.000000000,0.767
TRK00074,2024-12-01,30,47277,104671.97,6.54,1,1464.98,1970-01-01 00:00:00.000000042,0.968
TRK00076,2022-01-01,17,24765,46413.85,6.84,2,1954.27,1970-01-01 00:00:00.000000040,0.548
TRK00076,2022-02-01,19,23369,47058.18,6.62,0,0.0,1970-01-01 00:00:00.000000000,0.679
TRK00076,2022-03-01,31,43060,94778.69,6.61,1,1209.77,1970-01-01 00:00:00.000000006,1.0
TRK00076,2022-04-01,24,41466,87073.49,6.46,1,1760.22,1970-01-01 00:00:00.000000035,0.8
TRK00076,2022-05-01,20,26018,58881.97,6.45,1,308.59,1970-01-01 00:00:00.000000023,0.645
TRK00076,2022-06-01,22,30257,64710.92,6.73,0,0.0,1970-01-01 00:00:00.000000000,0.733
TRK00076,2022-07-01,36,48364,104617.72,6.49,0,0.0,1970-01-01 00:00:00.000000000,1.161
TRK00076,2022-08-01,30,45524,94588.14,6.72,0,0.0,1970-01-01 00:00:00.000000000,0.968
TRK00076,2022-09-01,18,25014,51627.39,6.5,0,0.0,1970-01-01 00:00:00.000000000,0.6
TRK00076,2022-10-01,35,60137,118492.81,6.55,0,0.0,1970-01-01 00:00:00.000000000,1.129
TRK00076,2022-11-01,30,35563,74208.98,6.4,0,0.0,1970-01-01 00:00:00.000000000,1.0
TRK00076,2022-12-01,30,41143,85093.54,6.53,0,0.0,1970-01-01 00:00:00.000000000,0.968
TRK00076,2023-01-01,18,26983,59945.03,6.46,0,0.0,1970-01-01 00:00:00.000000000,0.581
TRK00076,2023-02-01,18,24107,51734.2,6.38,0,0.0,1970-01-01 00:00:00.000000000,0.643
TRK00076,2023-03-01,25,33375,70978.32,6.52,0,0.0,1970-01-01 00:00:00.000000000,0.806
TRK00076,2023-04-01,27,36069,74044.09,6.34,0,0.0,1970-01-01 00:00:00.000000000,0.9
TRK00076,2023-05-01,25,35198,66832.78,6.67,0,0.0,1970-01-01 00:00:00.000000000,0.806
TRK00076,2023-06-01,26,43169,98145.52,6.52,0,0.0,1970-01-01 00:00:00.000000000,0.867
TRK00076,2023-07-01,31,48949,106362.08,6.62,1,1177.37,1970-01-01 00:00:00.000000047,1.0
TRK00076,2023-08-01,26,31992,71550.58,6.32,1,584.73,1970-01-01 00:00:00.000000042,0.839
TRK00076,2023-09-01,19,27578,60242.24,6.44,0,0.0,1970-01-01 00:00:00.000000000,0.633
TRK00076,2023-10-01,22,31031,68359.96,6.35,2,3073.53,1970-01-01 00:00:00.000000010,0.71
TRK00076,2023-11-01,34,40403,84217.12,6.41,0,0.0,1970-01-01 00:00:00.000000000,1.133
TRK00076,2023-12-01,20,31166,72644.48,6.65,0,0.0,1970-01-01 00:00:00.000000000,0.645
TRK00076,2024-01-01,29,39126,85295.64,6.52,0,0.0,1970-01-01 00:00:00.000000000,0.935
TRK00076,2024-02-01,25,32524,74978.73,6.42,1,3320.22,1970-01-01 00:00:00.000000034,0.862
TRK00076,2024-03-01,40,53374,115487.69,6.56,0,0.0,1970-01-01 00:00:00.000000000,1.29
TRK00076,2024-04-01,18,26796,57439.64,6.56,0,0.0,1970-01-01 00:00:00.000000000,0.6
TRK00076,2024-05-01,26,37901,83051.06,6.38,2,5917.2,1970-01-01 00:00:00.000000028,0.839
TRK00076,2024-06-01,32,46376,100273.93,6.51,0,0.0,1970-01-01 00:00:00.000000000,1.067
TRK00076,2024-07-01,21,26176,56880.91,6.59,0,0.0,1970-01-01 00:00:00.000000000,0.677
TRK00076,2024-08-01,26,38182,88769.43,6.44,0,0.0,1970-01-01 00:00:00.000000000,0.839
TRK00076,2024-09-01,17,22977,49169.43,6.45,2,4341.51,1970-01-01 00:00:00.000000050,0.567
TRK00076,2024-10-01,26,36875,80296.23,6.22,2,2898.67,1970-01-01 00:00:00.000000040,0.839
TRK00076,2024-11-01,18,26929,58165.35,6.55,0,0.0,1970-01-01 00:00:00.000000000,0.6
TRK00076,2024-12-01,27,38139,85327.63,6.53,1,3587.13,1970-01-01 00:00:00.000000029,0.871
TRK00078,2022-01-01,23,30599,67024.78,6.47,0,0.0,1970-01-01 00:00:00.000000000,0.742
TRK00078,2022-02-01,25,32940,70639.55,6.18,2,2196.87,1970-01-01 00:00:00.000000039,0.893
TRK00078,2022-03-01,28,38560,80954.68,6.59,0,0.0,1970-01-01 00:00:00.000000000,0.903
TRK00078,2022-04-01,18,27106,62763.95,6.47,1,1670.83,1970-01-01 00:00:00.000000005,0.6
TRK00078,2022-05-01,24,30132,62868.0,6.58,1,2707.42,1970-01-01 00:00:00.000000032,0.774
TRK00078,2022-06-01,30,43521,98710.27,6.55,0,0.0,1970-01-01 00:00:00.000000000,1.0
TRK00078,2022-07-01,14,20665,39529.99,6.37,3,5319.52,1970-01-01 00:00:00.000000057,0.452
TRK00078,2022-08-01,32,51969,117315.39,6.28,0,0.0,1970-01-01 00:00:00.000000000,1.032
TRK00078,2022-09-01,14,19473,42976.24,6.33,0,0.0,1970-01-01 00:00:00.000000000,0.467
TRK00078,2022-10-01,33,44648,94785.74,6.52,0,0.0,1970-01-01 00:00:00.000000000,1.065
TRK00078,2022-11-01,25,31857,61517.87,6.35,0,0.0,1970-01-01 00:00:00.000000000,0.833
TRK00078,2022-12-01,16,22530,45671.84,6.41,0,0.0,1970-01-01 00:00:00.000000000,0.516
TRK00078,2023-01-01,22,29963,69231.0,6.49,1,1043.86,1970-01-01 00:00:00.000000032,0.71
TRK00078,2023-02-01,37,52043,107168.87,6.41,1,1573.64,1970-01-01 00:00:00.000000031,1.321
TRK00078,2023-03-01,24,33983,71848.66,6.74,0,0.0,1970-01-01 00:00:00.000000000,0.774
TRK00078,2023-04-01,29,46319,100182.52,6.58,0,0.0,1970-01-01 00:00:00.000000000,0.967
TRK00078,2023-05-01,30,48874,105299.53,6.47,1,1745.33,1970-01-01 00:00:00.000000032,0.968
TRK00078,2023-06-01,32,52776,112051.88,6.43,1,2255.92,1970-01-01 00:00:00.000000040,1.067
TRK00078,2023-07-01,23,24629,55205.92,6.5,1,2915.5,1970-01-01 00:00:00.000000028,0.742
TRK00078,2023-08-01,22,28051,59137.24,6.4,1,2227.71,1970-01-01 00:00:00.000000010,0.71
TRK00078,2023-09-01,22,31766,72699.28,6.55,1,667.18,1970-01-01 00:00:00.000000015,0.733
TRK00078,2023-10-01,18,24475,55140.38,6.5,2,785.37,1970-01-01 00:00:00.000000088,0.581
TRK00078,2023-11-01,31,44408,96671.56,6.48,0,0.0,1970-01-01 00:00:00.000000000,1.033
TRK00078,2023-12-01,33,46068,96112.43,6.39,0,0.0,1970-01-01 00:00:00.000000000,1.065
TRK00078,2024-01-01,24,32815,68938.12,6.54,3,5806.89,1970-01-01 00:00:00.000000120,0.774
TRK00078,2024-02-01,20,30740,65188.99,6.54,1,812.04,1970-01-01 00:00:00.000000023,0.69
TRK00078,2024-03-01,24,41500,95926.46,6.41,1,3243.58,1970-01-01 00:00:00.000000037,0.774
TRK00078,2024-04-01,29,43230,87743.11,6.38,1,2225.26,1970-01-01 00:00:00.000000018,0.967
TRK00078,2024-05-01,30,49739,111508.11,6.72,0,0.0,1970-01-01 00:00:00.000000000,0.968
TRK00078,2024-06-01,19,26888,60015.15,6.52,1,751.27,1970-01-01 00:00:00.000000020,0.633
TRK00078,2024-07-01,29,48106,105174.63,6.48,0,0.0,1970-01-01 00:00:00.000000000,0.935
TRK00078,2024-08-01,18,30860,64580.78,6.41,0,0.0,1970-01-01 00:00:00.000000000,0.581
TRK00078,2024-09-01,19,26676,59456.41,6.28,0,0.0,1970-01-01 00:00:00.000000000,0.633
TRK00078,2024-10-01,22,27052,58064.44,6.38,1,2565.85,1970-01-01 00:00:00.000000046,0.71
TRK00078,2024-11-01,28,42624,88461.15,6.45,3,4377.97,1970-01-01 00:00:00.000000111,0.933
TRK00078,2024-12-01,28,38680,80807.58,6.53,2,4036.86,1970-01-01 00:00:00.000000047,0.903
TRK00079,2022-01-01,24,37035,77303.06,6.51,0,0.0,1970-01-01 00:00:00.000000000,0.774
TRK00079,2022-02-01,18,29792,64760.14,6.39,1,2787.08,1970-01-01 00:00:00.000000032,0.643
TRK00079,2022-03-01,25,31217,63098.65,6.37,0,0.0,1970-01-01 00:00:00.000000000,0.806
TRK00079,2022-04-01,20,30463,67199.02,6.56,1,2601.14,1970-01-01 00:00:00.000000038,0.667
TRK00079,2022-05-01,23,33920,72937.34,6.58,1,2206.5,1970-01-01 00:00:00.000000022,0.742
TRK00079,2022-06-01,17,18816,41209.06,6.56,0,0.0,1970-01-01 00:00:00.000000000,0.567
TRK00079,2022-07-01,26,36978,84248.06,6.26,0,0.0,1970-01-01 00:00:00.000000000,0.839
TRK00079,2022-08-01,26,45385,93282.55,6.53,1,861.58,1970-01-01 00:00:00.000000010,0.839
TRK00079,2022-09-01,33,52532,106235.15,6.54,1,715.06,1970-01-01 00:00:00.000000020,1.1
TRK00079,2022-10-01,25,37729,80174.75,6.54,2,3284.63,1970-01-01 00:00:00.000000055,0.806
TRK00079,2022-11-01,19,30058,62459.37,6.72,0,0.0,1970-01-01 00:00:00.000000000,0.633
TRK00079,2022-12-01,27,41850,87094.46,6.53,0,0.0,1970-01-01 00:00:00.000000000,0.871
TRK00079,2023-01-01,28,37857,77656.08,6.53,0,0.0,1970-01-01 00:00:00.000000000,0.903
TRK00079,2023-02-01,24,31949,68179.29,6.44,1,2259.32,1970-01-01 00:00:00.000000009,0.857
TRK00079,2023-03-01,16,26629,49908.91,6.58,1,442.87,1970-01-01 00:00:00.000000038,0.516
TRK00079,2023-04-01,23,34770,70507.34,6.65,1,245.06,1970-01-01 00:00:00.000000038,0.767
TRK00079,2023-05-01,21,31467,67494.54,6.57,1,2634.83,1970-01-01 00:00:00.000000010,0.677
TRK00079,2023-06-01,20,34042,74018.49,6.47,0,0.0,1970-01-01 00:00:00.000000000,0.667
TRK00079,2023-07-01,27,44767,96460.4,6.63,0,0.0,1970-01-01 00:00:00.000000000,0.871
TRK00079,2023-08-01,15,21135,48028.05,6.52,0,0.0,1970-01-01 00:00:00.000000000,0.484
TRK00079,2023-09-01,18,25923,59263.53,6.57,1,623.27,1970-01-01 00:00:00.000000021,0.6
TRK00079,2023-10-01,32,49128,107990.84,6.53,0,0.0,1970-01-01 00:00:00.000000000,1.032
TRK00079,2023-11-01,22,34025,70682.13,6.58,1,1973.35,1970-01-01 00:00:00.000000033,0.733
TRK00079,2023-12-01,27,32548,73643.21,6.7,0,0.0,1970-01-01 00:00:00.000000000,0.871
TRK00079,2024-01-01,26,35934,76026.69,6.23,2,3409.12,1970-01-01 00:00:00.000000047,0.839
TRK00079,2024-02-01,25,41809,81998.42,6.21,1,1661.66,1970-01-01 00:00:00.000000020,0.862
TRK00079,2024-03-01,27,36685,73703.77,6.57,1,343.98,1970-01-01 00:00:00.000000019,0.871
TRK00079,2024-04-01,24,23621,48192.71,6.56,0,0.0,1970-01-01 00:00:00.000000000,0.8
TRK00079,2024-05-01,26,36841,75121.39,6.55,0,0.0,1970-01-01 00:00:00.000000000,0.839
TRK00079,2024-06-01,18,28485,64014.22,6.5,2,5027.44,1970-01-01 00:00:00.000000042,0.6
TRK00079,2024-07-01,21,28316,58477.84,6.54,0,0.0,1970-01-01 00:00:00.000000000,0.677
TRK00079,2024-08-01,16,19711,40941.89,6.52,1,2485.35,1970-01-01 00:00:00.000000041,0.516
TRK00079,2024-09-01,19,22028,52943.24,6.78,2,5803.55,1970-01-01 00:00:00.000000069,0.633
TRK00079,2024-10-01,29,38096,82091.93,6.44,0,0.0,1970-01-01 00:00:00.000000000,0.935
TRK00079,2024-11-01,24,28445,61570.07,6.46,0,0.0,1970-01-01 00:00:00.000000000,0.8
TRK00079,2024-12-01,20,25826,53129.09,6.46,0,0.0,1970-01-01 00:00:00.000000000,0.645
TRK00080,2022-01-01,27,43257,88423.54,6.63,1,2986.62,1970-01-01 00:00:00.000000034,0.871
TRK00080,2022-02-01,19,23582,45031.86,6.35,0,0.0,1970-01-01 00:00:00.000000000,0.679
TRK00080,2022-03-01,30,40984,82782.14,6.42,0,0.0,1970-01-01 00:00:00.000000000,0.968
TRK00080,2022-04-01,18,25309,51626.73,6.56,2,4032.45,1970-01-01 00:00:00.000000046,0.6
TRK00080,2022-05-01,35,51444,114867.1,6.42,0,0.0,1970-01-01 00:00:00.000000000,1.129
TRK00080,2022-06-01,27,40539,87414.63,6.6,1,2130.33,1970-01-01 00:00:00.000000042,0.9
TRK00080,2022-07-01,21,25999,53200.39,6.42,0,0.0,1970-01-01 00:00:00.000000000,0.677
TRK00080,2022-08-01,22,30214,65193.27,6.64,1,2040.22,1970-01-01 00:00:00.000000036,0.71
TRK00080,2022-09-01,27,37264,83121.5,6.5,1,3509.74,1970-01-01 00:00:00.000000039,0.9
TRK00080,2022-10-01,24,43717,94168.95,6.58,0,0.0,1970-01-01 00:00:00.000000000,0.774
TRK00080,2022-11-01,17,26495,54726.72,6.63,1,880.9,1970-01-01 00:00:00.000000005,0.567
TRK00080,2022-12-01,27,40656,87932.83,6.19,0,0.0,1970-01-01 00:00:00.000000000,0.871
TRK00080,2023-01-01,27,34119,68792.67,6.47,0,0.0,1970-01-01 00:00:00.000000000,0.871
TRK00080,2023-02-01,27,36305,78991.94,6.43,0,0.0,1970-01-01 00:00:00.000000000,0.964
TRK00080,2023-03-01,23,35220,69548.5,6.66,1,2013.63,1970-01-01 00:00:00.000000003,0.742
TRK00080,2023-04-01,18,22936,51890.92,6.72,1,1191.5,1970-01-01 00:00:00.000000015,0.6
TRK00080,2023-05-01,21,30296,62082.4,6.73,0,0.0,1970-01-01 00:00:00.000000000,0.677
TRK00080,2023-06-01,22,34675,77152.27,6.33,2,7405.18,1970-01-01 00:00:00.000000063,0.733
TRK00080,2023-07-01,18,20763,43476.97,6.44,0,0.0,1970-01-01 00:00:00.000000000,0.581
TRK00080,2023-08-01,27,33973,72517.07,6.41,0,0.0,1970-01-01 00:00:00.000000000,0.871
TRK00080,2023-09-01,24,33140,74325.69,6.35,1,2873.25,1970-01-01 00:00:00.000000028,0.8
TRK00080,2023-10-01,23,32230,68823.14,6.33,0,0.0,1970-01-01 00:00:00.000000000,0.742
TRK00080,2023-11-01,25,36588,82343.5,6.35,1,2439.18,1970-01-01 00:00:00.000000017,0.833
TRK00080,2023-12-01,28,51901,114265.27,6.49,1,173.24,1970-01-01 00:00:00.000000009,0.903
TRK00080,2024-01-01,25,37434,75006.27,6.35,1,479.04,1970-01-01 00:00:00.000000042,0.806
TRK00080,2024-02-01,25,33813,72790.66,6.52,0,0.0,1970-01-01 00:00:00.000000000,0.862
TRK00080,2024-03-01,25,29246,68300.31,6.61,0,0.0,1970-01-01 00:00:00.000000000,0.806
TRK00080,2024-04-01,21,29085,58129.41,6.59,0,0.0,1970-01-01 00:00:00.000000000,0.7
TRK00080,2024-05-01,29,38852,78072.42,6.68,1,3513.05,1970-01-01 00:00:00.000000032,0.935
TRK00080,2024-06-01,31,46536,100337.51,6.58,2,1844.33,1970-01-01 00:00:00.000000035,1.033
TRK00080,2024-07-01,23,30455,69735.21,6.72,1,1102.47,1970-01-01 00:00:00.000000007,0.742
TRK00080,2024-08-01,27,37161,76717.38,6.66,1,3615.56,1970-01-01 00:00:00.000000037,0.871
TRK00080,2024-09-01,20,32623,65850.5,6.45,0,0.0,1970-01-01 00:00:00.000000000,0.667
TRK00080,2024-10-01,24,32513,74471.93,6.56,1,2663.93,1970-01-01 00:00:00.000000004,0.774
TRK00080,2024-11-01,31,37028,81803.11,6.44,0,0.0,1970-01-01 00:00:00.000000000,1.033
TRK00080,2024-12-01,37,52122,120386.12,6.69,0,0.0,1970-01-01 00:00:00.000000000,1.194
TRK00082,2022-01-01,29,36306,68604.26,6.55,0,0.0,1970-01-01 00:00:00.000000000,0.935
TRK00082,2022-02-01,32,44182,85590.0,6.56,0,0.0,1970-01-01 00:00:00.000000000,1.143
TRK00082,2022-03-01,25,35229,76849.02,6.64,1,1947.85,1970-01-01 00:00:00.000000017,0.806
TRK00082,2022-04-01,26,41665,87486.46,6.47,1,491.84,1970-01-01 00:00:00.000000019,0.867
TRK00082,2022-05-01,24,36728,76466.63,6.48,0,0.0,1970-01-01 00:00:00.000000000,0.774
TRK00082,2022-06-01,31,47577,100546.22,6.37,1,486.42,1970-01-01 00:00:00.000000039,1.033
TRK00082,2022-07-01,24,40592,89533.53,6.47,1,1133.09,1970-01-01 00:00:00.000000042,0.774
TRK00082,2022-08-01,26,33993,71358.6,6.63,2,3062.07,1970-01-01 00:00:00.000000043,0.839
TRK00082,2022-09-01,20,26868,55340.58,6.35,1,668.39,1970-01-01 00:00:00.000000028,0.667
TRK00082,2022-10-01,28,39680,84769.68,6.43,0,0.0,1970-01-01 00:00:00.000000000,0.903
TRK00082,2022-11-01,27,36983,78047.85,6.49,1,3380.12,1970-01-01 00:00:00.000000041,0.9
TRK00082,2022-12-01,20,21826,45288.5,6.55,1,2046.43,1970-01-01 00:00:00.000000003,0.645
TRK00082,2023-01-01,33,41445,90143.07,6.49,1,522.1,1970-01-01 00:00:00.000000005,1.065
TRK00082,2023-02-01,18,25388,46959.55,6.59,2,3154.81,1970-01-01 00:00:00.000000028,0.643
TRK00082,2023-03-01,27,33518,71250.91,6.39,2,3777.58,1970-01-01 00:00:00.000000062,0.871
TRK00082,2023-04-01,17,25838,59669.1,6.58,0,0.0,1970-01-01 00:00:00.000000000,0.567
TRK00082,2023-05-01,22,25387,52211.57,6.68,1,3510.05,1970-01-01 00:00:00.000000010,0.71
TRK00082,2023-06-01,29,46039,95422.27,6.57,0,0.0,1970-01-01 00:00:00.000000000,0.967
TRK00082,2023-07-01,23,38427,81349.61,6.55,0,0.0,1970-01-01 00:00:00.000000000,0.742
TRK00082,2023-08-01,26,44188,98230.82,6.33,1,491.89,1970-01-01 00:00:00.000000011,0.839
TRK00082,2023-09-01,26,32011,67782.3,6.4,1,1271.22,1970-01-01 00:00:00.000000042,0.867
TRK00082,2023-10-01,18,23357,51504.87,6.67,1,449.73,1970-01-01 00:00:00.000000017,0.581
TRK00082,2023-11-01,21,31898,68114.37,6.37,0,0.0,1970-01-01 00:00:00.000000000,0.7
TRK00082,2023-12-01,28,42755,98444.52,6.53,1,773.27,1970-01-01 00:00:00.000000023,0.903
TRK00082,2024-01-01,35,51133,112280.87,6.39,0,0.0,1970-01-01 00:00:00.000000000,1.129
TRK00082,2024-02-01,23,34505,75767.16,6.38,1,3434.06,1970-01-01 00:00:00.000000036,0.793
TRK00082,2024-03-01,21,31618,64030.19,6.38,0,0.0,1970-01-01 00:00:00.000000000,0.677
TRK00082,2024-04-01,28,31439,68549.28,6.45,0,0.0,1970-01-01 00:00:00.000000000,0.933
TRK00082,2024-05-01,31,50947,107723.03,6.57,0,0.0,1970-01-01 00:00:00.000000000,1.0
TRK00082,2024-06-01,25,33466,72537.39,6.37,3,5779.33,1970-01-01 00:00:00.000000098,0.833
TRK00082,2024-07-01,23,32070,63885.11,6.55,0,0.0,1970-01-01 00:00:00.000000000,0.742
TRK00082,2024-08-01,26,39177,86793.48,6.44,0,0.0,1970-01-01 00:00:00.000000000,0.839
TRK00082,2024-09-01,30,39135,85326.05,6.46,0,0.0,1970-01-01 00:00:00.000000000,1.0
TRK00082,2024-10-01,25,33300,74448.65,6.58,1,162.5,1970-01-01 00:00:00.000000014,0.806
TRK00082,2024-11-01,29,50703,116647.46,6.62,0,0.0,1970-01-01 00:00:00.000000000,0.967
TRK00082,2024-12-01,28,45243,92680.03,6.63,1,3638.92,1970-01-01 00:00:00.000000015,0.903
TRK00083,2022-01-01,23,36370,80007.6,6.35,0,0.0,1970-01-01 00:00:00.000000000,0.742
TRK00083,2022-02-01,25,37110,83096.0,6.54,0,0.0,1970-01-01 00:00:00.000000000,0.893
TRK00083,2022-03-01,26,42193,88076.36,6.57,0,0.0,1970-01-01 00:00:00.000000000,0.839
TRK00083,2022-04-01,34,45418,97515.13,6.32,0,0.0,1970-01-01 00:00:00.000000000,1.133
TRK00083,2022-05-01,23,35761,78046.97,6.34,0,0.0,1970-01-01 00:00:00.000000000,0.742
TRK00083,2022-06-01,22,33033,66583.5,6.61,0,0.0,1970-01-01 00:00:00.000000000,0.733
TRK00083,2022-07-01,28,38156,85997.76,6.7,0,0.0,1970-01-01 00:00:00.000000000,0.903
TRK00083,2022-08-01,30,40065,86740.35,6.46,0,0.0,1970-01-01 00:00:00.000000000,0.968
TRK00083,2022-09-01,24,33557,74108.65,6.54,0,0.0,1970-01-01 00:00:00.000000000,0.8
TRK00083,2022-10-01,28,37467,78407.68,6.49,0,0.0,1970-01-01 00:00:00.000000000,0.903
TRK00083,2022-11-01,22,33121,72061.48,6.64,1,723.72,1970-01-01 00:00:00.000000017,0.733
TRK00083,2022-12-01,32,44533,100433.52,6.49,1,970.67,1970-01-01 00:00:00.000000016,1.032
TRK00083,2023-01-01,27,35351,75966.9,6.56,0,0.0,1970-01-01 00:00:00.000000000,0.871
TRK00083,2023-02-01,19,17701,39067.12,6.44,0,0.0,1970-01-01 00:00:00.000000000,0.679
TRK00083,2023-03-01,30,44449,93081.89,6.71,0,0.0,1970-01-01 00:00:00.000000000,0.968
TRK00083,2023-04-01,29,46931,101506.73,6.54,0,0.0,1970-01-01 00:00:00.000000000,0.967
TRK00083,2023-05-01,32,48467,95454.74,6.47,1,2573.62,1970-01-01 00:00:00.000000047,1.032
TRK00083,2023-06-01,24,32079,67916.24,6.66,0,0.0,1970-01-01 00:00:00.000000000,0.8
TRK00083,2023-07-01,27,41539,94036.33,6.5,0,0.0,1970-01-01 00:00:00.000000000,0.871
TRK00083,2023-08-01,17,28380,61647.02,6.49,1,2109.61,1970-01-01 00:00:00.000000007,0.548
TRK00083,2023-09-01,24,30594,68462.51,6.5,0,0.0,1970-01-01 00:00:00.000000000,0.8
TRK00083,2023-10-01,29,47398,104868.64,6.47,0,0.0,1970-01-01 00:00:00.000000000,0.935
TRK00083,2023-11-01,25,35847,75503.76,6.39,0,0.0,1970-01-01 00:00:00.000000000,0.833
TRK00083,2023-12-01,25,45065,98559.71,6.45,0,0.0,1970-01-01 00:00:00.000000000,0.806
TRK00083,2024-01-01,24,33379,71732.4,6.5,0,0.0,1970-01-01 00:00:00.000000000,0.774
TRK00083,2024-02-01,20,25142,54696.0,6.37,1,518.4,1970-01-01 00:00:00.000000021,0.69
TRK00083,2024-03-01,23,31976,72329.19,6.45,2,1073.99,1970-01-01 00:00:00.000000075,0.742
TRK00083,2024-04-01,27,34951,71909.49,6.33,0,0.0,1970-01-01 00:00:00.000000000,0.9
TRK00083,2024-05-01,22,31008,72036.25,6.48,1,546.64,1970-01-01 00:00:00.000000007,0.71
TRK00083,2024-06-01,25,35223,66221.89,6.65,0,0.0,1970-01-01 00:00:00.000000000,0.833
TRK00083,2024-07-01,23,30449,65805.74,6.48,0,0.0,1970-01-01 00:00:00.000000000,0.742
TRK00083,2024-08-01,17,24259,53181.45,6.71,1,2563.75,1970-01-01 00:00:00.000000016,0.548
TRK00083,2024-09-01,20,28447,57118.65,6.61,0,0.0,1970-01-01 00:00:00.000000000,0.667
TRK00083,2024-10-01,19,26912,58583.13,6.55,1,815.88,1970-01-01 00:00:00.000000037,0.613
TRK00083,2024-11-01,35,46397,96270.61,6.63,0,0.0,1970-01-01 00:00:00.000000000,1.167
TRK00083,2024-12-01,22,26325,56527.21,6.49,0,0.0,1970-01-01 00:00:00.000000000,0.71
TRK00084,2022-01-01,22,32800,71478.71,6.36,1,768.01,1970-01-01 00:00:00.000000027,0.71
TRK00084,2022-02-01,21,26513,54122.41,6.66,0,0.0,1970-01-01 00:00:00.000000000,0.75
TRK00084,2022-03-01,19,21185,43764.54,6.48,1,224.87,1970-01-01 00:00:00.000000040,0.613
TRK00084,2022-04-01,29,45203,103489.46,6.67,0,0.0,1970-01-01 00:00:00.000000000,0.967
TRK00084,2022-05-01,30,45748,91545.96,6.48,0,0.0,1970-01-01 00:00:00.000000000,0.968
TRK00084,2022-06-01,31,38378,77410.07,6.48,1,3217.83,1970-01-01 00:00:00.000000023,1.033
TRK00084,2022-07-01,45,71177,144891.1,6.58,0,0.0,1970-01-01 00:00:00.000000000,1.452
TRK00084,2022-08-01,18,21173,48097.75,6.45,1,1658.17,1970-01-01 00:00:00.000000017,0.581
TRK00084,2022-09-01,20,34652,69101.82,6.58,0,0.0,1970-01-01 00:00:00.000000000,0.667
TRK00084,2022-10-01,26,33581,70168.91,6.51,0,0.0,1970-01-01 00:00:00.000000000,0.839
TRK00084,2022-11-01,27,37606,83695.41,6.53,0,0.0,1970-01-01 00:00:00.000000000,0.9
TRK00084,2022-12-01,26,36694,81226.65,6.34,0,0.0,1970-01-01 00:00:00.000000000,0.839
TRK00084,2023-01-01,24,34000,69735.15,6.39,0,0.0,1970-01-01 00:00:00.000000000,0.774
TRK00084,2023-02-01,26,36521,81778.52,6.5,0,0.0,1970-01-01 00:00:00.000000000,0.929
TRK00084,2023-03-01,28,45825,100428.11,6.47,1,211.79,1970-01-01 00:00:00.000000013,0.903
TRK00084,2023-04-01,28,35823,79300.22,6.57,1,2433.35,1970-01-01 00:00:00.000000047,0.933
TRK00084,2023-05-01,21,33850,70596.74,6.25,2,7684.35,1970-01-01 00:00:00.000000055,0.677
TRK00084,2023-06-01,14,18372,38856.83,6.68,0,0.0,1970-01-01 00:00:00.000000000,0.467
TRK00084,2023-07-01,26,41345,88768.88,6.51,1,3379.13,1970-01-01 00:00:00.000000007,0.839
TRK00084,2023-08-01,28,41702,92556.95,6.47,1,1024.09,1970-01-01 00:00:00.000000041,0.903
TRK00084,2023-09-01,30,38076,78497.21,6.51,0,0.0,1970-01-01 00:00:00.000000000,1.0
TRK00084,2023-10-01,23,25129,53250.81,6.18,0,0.0,1970-01-01 00:00:00.000000000,0.742
TRK00084,2023-11-01,22,30323,67583.79,6.52,1,3670.87,1970-01-01 00:00:00.000000002,0.733
TRK00084,2023-12-01,24,43105,85708.46,6.46,0,0.0,1970-01-01 00:00:00.000000000,0.774
TRK00084,2024-01-01,39,55942,114176.82,6.36,1,2472.57,1970-01-01 00:00:00.000000016,1.258
TRK00084,2024-02-01,34,46275,100016.84,6.52,0,0.0,1970-01-01 00:00:00.000000000,1.172
TRK00084,2024-03-01,24,31927,66131.81,6.69,0,0.0,1970-01-01 00:00:00.000000000,0.774
TRK00084,2024-04-01,20,26436,56837.43,6.53,0,0.0,1970-01-01 00:00:00.000000000,0.667
TRK00084,2024-05-01,25,35493,74654.96,6.64,1,940.41,1970-01-01 00:00:00.000000003,0.806
TRK00084,2024-06-01,28,35768,77652.01,6.55,0,0.0,1970-01-01 00:00:00.000000000,0.933
TRK00084,2024-07-01,23,28659,65871.34,6.37,1,843.25,1970-01-01 00:00:00.000000021,0.742
TRK00084,2024-08-01,22,37983,77739.69,6.52,0,0.0,1970-01-01 00:00:00.000000000,0.71
TRK00084,2024-09-01,24,32556,68241.57,6.41,0,0.0,1970-01-01 00:00:00.000000000,0.8
TRK00084,2024-10-01,35,52698,106210.6,6.62,1,1804.75,1970-01-01 00:00:00.000000012,1.129
TRK00084,2024-11-01,27,50665,109435.18,6.55,2,4410.35,1970-01-01 00:00:00.000000041,0.9
TRK00084,2024-12-01,18,30718,67972.16,6.48,0,0.0,1970-01-01 00:00:00.000000000,0.581
TRK00085,2022-01-01,29,44364,97544.56,6.5,1,791.83,1970-01-01 00:00:00.000000022,0.935
TRK00085,2022-02-01,23,31548,71934.86,6.59,1,1107.09,1970-01-01 00:00:00.000000030,0.821
TRK00085,2022-03-01,26,39235,80751.52,6.77,0,0.0,1970-01-01 00:00:00.000000000,0.839
TRK00085,2022-04-01,22,27101,60125.7,6.51,2,6552.85,1970-01-01 00:00:00.000000045,0.733
TRK00085,2022-05-01,21,19722,42560.91,6.54,0,0.0,1970-01-01 00:00:00.000000000,0.677
TRK00085,2022-06-01,16,22091,48107.66,6.01,0,0.0,1970-01-01 00:00:00.000000000,0.533
TRK00085,2022-07-01,39,57906,122251.37,6.53,1,641.85,1970-01-01 00:00:00.000000037,1.258
TRK00085,2022-08-01,29,35592,72569.83,6.56,1,393.7,1970-01-01 00:00:00.000000018,0.935
TRK00085,2022-09-01,19,24622,52604.75,6.48,0,0.0,1970-01-01 00:00:00.000000000,0.633
TRK00085,2022-10-01,30,42972,91376.98,6.54,2,2455.51,1970-01-01 00:00:00.000000047,0.968
TRK00085,2022-11-01,25,37200,84776.73,6.58,0,0.0,1970-01-01 00:00:00.000000000,0.833
TRK00085,2022-12-01,31,41655,90984.62,6.34,3,4323.21,1970-01-01 00:00:00.000000070,1.0
TRK00085,2023-01-01,25,40588,75328.45,6.58,0,0.0,1970-01-01 00:00:00.000000000,0.806
TRK00085,2023-02-01,15,12680,27876.18,6.25,0,0.0,1970-01-01 00:00:00.000000000,0.536
TRK00085,2023-03-01,21,27642,52566.95,6.29,1,728.48,1970-01-01 00:00:00.000000015,0.677
TRK00085,2023-04-01,15,22192,51371.75,6.4,0,0.0,1970-01-01 00:00:00.000000000,0.5
TRK00085,2023-05-01,26,33649,74803.85,6.21,3,1904.16,1970-01-01 00:00:00.000000085,0.839
TRK00085,2023-06-01,35,49444,107676.66,6.6,2,7826.41,1970-01-01 00:00:00.000000049,1.167
TRK00085,2023-07-01,28,38571,85717.12,6.71,2,1279.34,1970-01-01 00:00:00.000000072,0.903
TRK00085,2023-08-01,31,45394,96332.71,6.57,0,0.0,1970-01-01 00:00:00.000000000,1.0
TRK00085,2023-09-01,22,25237,53021.83,6.48,1,627.66,1970-01-01 00:00:00.000000023,0.733
TRK00085,2023-10-01,33,55444,122970.31,6.41,1,4024.02,1970-01-01 00:00:00.000000045,1.065
TRK00085,2023-11-01,25,26236,54857.3,6.52,1,1595.97,1970-01-01 00:00:00.000000009,0.833
TRK00085,2023-12-01,27,41171,94124.62,6.53,0,0.0,1970-01-01 00:00:00.000000000,0.871
TRK00085,2024-01-01,18,27148,60969.12,6.56,1,2710.63,1970-01-01 00:00:00.000000014,0.581
TRK00085,2024-02-01,25,30536,68062.46,6.51,1,1082.72,1970-01-01 00:00:00.000000036,0.862
TRK00085,2024-03-01,23,34357,74474.25,6.54,2,3952.85,1970-01-01 00:00:00.000000069,0.742
TRK00085,2024-04-01,24,38813,85594.06,6.35,0,0.0,1970-01-01 00:00:00.000000000,0.8
TRK00085,2024-05-01,29,46336,98790.24,6.69,0,0.0,1970-01-01 00:00:00.000000000,0.935
TRK00085,2024-06-01,25,32786,75014.96,6.47,1,695.56,1970-01-01 00:00:00.000000033,0.833
TRK00085,2024-07-01,26,37248,81820.04,6.48,0,0.0,1970-01-01 00:00:00.000000000,0.839
TRK00085,2024-08-01,32,43847,99976.38,6.4,2,3187.62,1970-01-01 00:00:00.000000033,1.032
TRK00085,2024-09-01,29,41889,94787.51,6.34,0,0.0,1970-01-01 00:00:00.000000000,0.967
TRK00085,2024-10-01,22,35849,77073.86,6.38,0,0.0,1970-01-01 00:00:00.000000000,0.71
TRK00085,2024-11-01,21,33292,74381.45,6.41,0,0.0,1970-01-01 00:00:00.000000000,0.7
TRK00085,2024-12-01,37,59719,124466.71,6.41,1,2931.2,1970-01-01 00:00:00.000000032,1.194
TRK00086,2022-01-01,19,28777,64606.08,6.28,1,2336.21,1970-01-01 00:00:00.000000017,0.613
TRK00086,2022-02-01,30,36857,82344.42,6.55,2,1554.39,1970-01-01 00:00:00.000000018,1.071
TRK00086,2022-03-01,21,26688,57762.68,6.47,0,0.0,1970-01-01 00:00:00.000000000,0.677
TRK00086,2022-04-01,17,27338,59981.88,6.66,1,964.43,1970-01-01 00:00:00.000000046,0.567
TRK00086,2022-05-01,27,36985,76795.13,6.38,1,4009.01,1970-01-01 00:00:00.000000035,0.871
TRK00086,2022-06-01,25,31338,65656.87,6.4,1,3204.96,1970-01-01 00:00:00.000000004,0.833
TRK00086,2022-07-01,25,37493,72992.56,6.45,0,0.0,1970-01-01 00:00:00.000000000,0.806
TRK00086,2022-08-01,30,42393,89771.3,6.53,0,0.0,1970-01-01 00:00:00.000000000,0.968
TRK00086,2022-09-01,29,47023,108481.49,6.5,0,0.0,1970-01-01 00:00:00.000000000,0.967
TRK00086,2022-10-01,22,33101,72691.19,6.55,1,209.61,1970-01-01 00:00:00.000000004,0.71
TRK00086,2022-11-01,29,42849,98967.68,6.43,2,5454.21,1970-01-01 00:00:00.000000051,0.967
TRK00086,2022-12-01,33,44031,91091.24,6.56,0,0.0,1970-01-01 00:00:00.000000000,1.065
TRK00086,2023-01-01,35,48117,103415.34,6.41,1,267.5,1970-01-01 00:00:00.000000027,1.129
TRK00086,2023-02-01,34,47627,97821.67,6.57,1,2278.46,1970-01-01 00:00:00.000000034,1.214
TRK00086,2023-03-01,25,30350,69140.36,6.55,0,0.0,1970-01-01 00:00:00.000000000,0.806
TRK00086,2023-04-01,31,42526,91990.39,6.42,0,0.0,1970-01-01 00:00:00.000000000,1.033
TRK00086,2023-05-01,22,33676,72263.12,6.31,1,3901.0,1970-01-01 00:00:00.000000007,0.71
TRK00086,2023-06-01,24,35452,78127.93,6.55,2,6940.27,1970-01-01 00:00:00.000000062,0.8
TRK00086,2023-07-01,28,41881,95420.71,6.34,0,0.0,1970-01-01 00:00:00.000000000,0.903
TRK00086,2023-08-01,24,32867,73428.89,6.25,0,0.0,1970-01-01 00:00:00.000000000,0.774
TRK00086,2023-09-01,31,46641,104085.05,6.51,0,0.0,1970-01-01 00:00:00.000000000,1.033
TRK00086,2023-10-01,29,45619,100782.49,6.52,1,792.63,1970-01-01 00:00:00.000000030,0.935
TRK00086,2023-11-01,31,47492,103591.19,6.47,1,3423.48,1970-01-01 00:00:00.000000013,1.033
TRK00086,2023-12-01,29,36599,76171.03,6.46,0,0.0,1970-01-01 00:00:00.000000000,0.935
TRK00086,2024-01-01,17,23137,50586.36,6.42,0,0.0,1970-01-01 00:00:00.000000000,0.548
TRK00086,2024-02-01,24,40345,84783.34,6.66,1,1777.05,1970-01-01 00:00:00.000000008,0.828
TRK00086,2024-03-01,36,53501,113195.88,6.62,0,0.0,1970-01-01 00:00:00.000000000,1.161
TRK00086,2024-04-01,17,26972,59129.64,6.43,0,0.0,1970-01-01 00:00:00.000000000,0.567
TRK00086,2024-05-01,29,39566,86651.27,6.68,0,0.0,1970-01-01 00:00:00.000000000,0.935
TRK00086,2024-06-01,24,32984,69367.29,6.78,0,0.0,1970-01-01 00:00:00.000000000,0.8
TRK00086,2024-07-01,27,38568,74066.16,6.25,0,0.0,1970-01-01 00:00:00.000000000,0.871
TRK00086,2024-08-01,20,29508,63917.79,6.44,1,2238.33,1970-01-01 00:00:00.000000018,0.645
TRK00086,2024-09-01,25,28297,59913.21,6.6,1,284.05,1970-01-01 00:00:00.000000016,0.833
TRK00086,2024-10-01,18,29383,58594.79,6.48,0,0.0,1970-01-01 00:00:00.000000000,0.581
TRK00086,2024-11-01,16,25067,57291.45,6.24,0,0.0,1970-01-01 00:00:00.000000000,0.533
TRK00086,2024-12-01,24,37824,86549.49,6.38,1,3318.09,1970-01-01 00:00:00.000000034,0.774
TRK00089,2022-01-01,27,36190,74265.7,6.8,1,1796.76,1970-01-01 00:00:00.000000026,0.871
TRK00089,2022-02-01,25,42908,92100.74,6.54,0,0.0,1970-01-01 00:00:00.000000000,0.893
TRK00089,2022-03-01,20,25747,55443.45,6.39,0,0.0,1970-01-01 00:00:00.000000000,0.645
TRK00089,2022-04-01,29,40213,82400.16,6.64,1,2925.97,1970-01-01 00:00:00.000000046,0.967
TRK00089,2022-05-01,33,45077,98827.55,6.34,1,1056.08,1970-01-01 00:00:00.000000042,1.065
TRK00089,2022-06-01,27,42997,95668.9,6.62,0,0.0,1970-01-01 00:00:00.000000000,0.9
TRK00089,2022-07-01,22,33190,73225.91,6.28,0,0.0,1970-01-01 00:00:00.000000000,0.71
TRK00089,2022-08-01,25,39449,81244.11,6.59,0,0.0,1970-01-01 00:00:00.000000000,0.806
TRK00089,2022-09-01,25,38472,84322.3,6.29,0,0.0,1970-01-01 00:00:00.000000000,0.833
TRK00089,2022-10-01,27,31764,66669.71,6.51,0,0.0,1970-01-01 00:00:00.000000000,0.871
TRK00089,2022-11-01,29,38336,81501.28,6.44,1,3226.99,1970-01-01 00:00:00.000000003,0.967
TRK00089,2022-12-01,22,29556,66495.49,6.43,0,0.0,1970-01-01 00:00:00.000000000,0.71
TRK00089,2023-01-01,22,35589,75522.88,6.57,1,660.96,1970-01-01 00:00:00.000000033,0.71
TRK00089,2023-02-01,23,36237,82836.89,6.28,1,1008.7,1970-01-01 00:00:00.000000003,0.821
TRK00089,2023-03-01,30,40299,87678.99,6.68,1,844.65,1970-01-01 00:00:00.000000036,0.968
TRK00089,2023-04-01,28,42317,88991.39,6.51,1,3088.12,1970-01-01 00:00:00.000000037,0.933
TRK00089,2023-05-01,29,39603,81076.74,6.59,1,252.44,1970-01-01 00:00:00.000000040,0.935
TRK00089,2023-06-01,20,26464,56451.91,6.69,0,0.0,1970-01-01 00:00:00.000000000,0.667
TRK00089,2023-07-01,31,46572,101776.21,6.58,0,0.0,1970-01-01 00:00:00.000000000,1.0
TRK00089,2023-08-01,23,38745,83036.1,6.54,0,0.0,1970-01-01 00:00:00.000000000,0.742
TRK00089,2023-09-01,29,42089,91748.51,6.41,0,0.0,1970-01-01 00:00:00.000000000,0.967
TRK00089,2023-10-01,22,31306,71034.05,6.56,0,0.0,1970-01-01 00:00:00.000000000,0.71
TRK00089,2023-11-01,19,24801,53120.65,6.46,1,474.69,1970-01-01 00:00:00.000000015,0.633
TRK00089,2023-12-01,24,34108,72340.35,6.4,0,0.0,1970-01-01 00:00:00.000000000,0.774
TRK00089,2024-01-01,21,25916,58890.41,6.34,0,0.0,1970-01-01 00:00:00.000000000,0.677
TRK00089,2024-02-01,37,56344,118059.37,6.46,0,0.0,1970-01-01 00:00:00.000000000,1.276
TRK00089,2024-03-01,25,33565,79302.57,6.57,2,2366.91,1970-01-01 00:00:00.000000057,0.806
TRK00089,2024-04-01,23,29079,64247.07,6.61,0,0.0,1970-01-01 00:00:00.000000000,0.767
TRK00089,2024-05-01,26,30444,63630.77,6.57,0,0.0,1970-01-01 00:00:00.000000000,0.839
TRK00089,2024-06-01,17,26124,53595.42,6.45,1,973.57,1970-01-01 00:00:00.000000039,0.567
TRK00089,2024-07-01,28,33769,68882.57,6.51,1,3384.75,1970-01-01 00:00:00.000000035,0.903
TRK00089,2024-08-01,18,28043,62358.93,6.59,3,6322.09,1970-01-01 00:00:00.000000065,0.581
TRK00089,2024-09-01,27,38457,81786.11,6.57,0,0.0,1970-01-01 00:00:00.000000000,0.9
TRK00089,2024-10-01,21,34178,75678.01,6.69,3,4345.76,1970-01-01 00:00:00.000000090,0.677
TRK00089,2024-11-01,23,33033,77174.9,6.63,0,0.0,1970-01-01 00:00:00.000000000,0.767
TRK00089,2024-12-01,23,35274,79593.46,6.53,1,1002.03,1970-01-01 00:00:00.000000035,0.742
TRK00090,2022-01-01,19,31132,68447.87,6.31,3,5828.79,1970-01-01 00:00:00.000000067,0.613
TRK00090,2022-02-01,21,30959,64534.03,6.33,0,0.0,1970-01-01 00:00:00.000000000,0.75
TRK00090,2022-03-01,16,24635,53277.11,6.36,1,587.52,1970-01-01 00:00:00.000000006,0.516
TRK00090,2022-04-01,18,23755,52658.1,6.38,0,0.0,1970-01-01 00:00:00.000000000,0.6
TRK00090,2022-05-01,19,29494,63360.51,6.72,3,4612.09,1970-01-01 00:00:00.000000055,0.613
TRK00090,2022-06-01,29,48541,109085.74,6.53,0,0.0,1970-01-01 00:00:00.000000000,0.967
TRK00090,2022-07-01,28,28324,60215.4,6.49,0,0.0,1970-01-01 00:00:00.000000000,0.903
TRK00090,2022-08-01,25,36807,77068.89,6.25,0,0.0,1970-01-01 00:00:00.000000000,0.806
TRK00090,2022-09-01,31,45613,98157.09,6.69,0,0.0,1970-01-01 00:00:00.000000000,1.033
TRK00090,2022-10-01,29,43229,91716.9,6.47,0,0.0,1970-01-01 00:00:00.000000000,0.935
TRK00090,2022-11-01,21,25462,54873.54,6.51,0,0.0,1970-01-01 00:00:00.000000000,0.7
TRK00090,2022-12-01,25,29628,65032.18,6.56,0,0.0,1970-01-01 00:00:00.000000000,0.806
TRK00090,2023-01-01,16,21395,44973.64,6.51,1,3514.67,1970-01-01 00:00:00.000000030,0.516
TRK00090,2023-02-01,32,41869,91964.24,6.44,2,2322.15,1970-01-01 00:00:00.000000067,1.143
TRK00090,2023-03-01,28,35857,74180.0,6.52,0,0.0,1970-01-01 00:00:00.000000000,0.903
TRK00090,2023-04-01,15,19584,39803.06,6.43,2,4288.55,1970-01-01 00:00:00.000000045,0.5
TRK00090,2023-05-01,28,42365,88974.12,6.45,1,1282.99,1970-01-01 00:00:00.000000021,0.903
TRK00090,2023-06-01,24,31042,67518.68,6.57,0,0.0,1970-01-01 00:00:00.000000000,0.8
TRK00090,2023-07-01,25,41990,94895.94,6.64,0,0.0,1970-01-01 00:00:00.000000000,0.806
TRK00090,2023-08-01,33,53957,111902.83,6.77,1,487.55,1970-01-01 00:00:00.000000008,1.065
TRK00090,2023-09-01,15,22448,47900.5,6.67,1,837.48,1970-01-01 00:00:00.000000044,0.5
TRK00090,2023-10-01,24,25867,57614.32,6.23,0,0.0,1970-01-01 00:00:00.000000000,0.774
TRK00090,2023-11-01,15,25684,53897.37,6.51,1,2292.37,1970-01-01 00:00:00.000000006,0.5
TRK00090,2023-12-01,22,29863,65206.51,6.49,1,551.33,1970-01-01 00:00:00.000000004,0.71
TRK00090,2024-01-01,24,30442,65828.26,6.52,3,9648.2,1970-01-01 00:00:00.000000069,0.774
TRK00090,2024-02-01,30,49396,106107.92,6.23,0,0.0,1970-01-01 00:00:00.000000000,1.034
TRK00090,2024-03-01,27,37488,82989.48,6.51,2,5125.09,1970-01-01 00:00:00.000000068,0.871
TRK00090,2024-04-01,25,43707,93449.11,6.5,0,0.0,1970-01-01 00:00:00.000000000,0.833
TRK00090,2024-05-01,32,44901,95800.84,6.66,1,3258.95,1970-01-01 00:00:00.000000003,1.032
TRK00090,2024-06-01,35,53870,115040.62,6.39,1,784.45,1970-01-01 00:00:00.000000013,1.167
TRK00090,2024-07-01,18,20352,41963.95,6.46,0,0.0,1970-01-01 00:00:00.000000000,0.581
TRK00090,2024-08-01,27,39029,79697.3,6.48,1,2514.91,1970-01-01 00:00:00.000000031,0.871
TRK00090,2024-09-01,23,24227,50021.75,6.47,0,0.0,1970-01-01 00:00:00.000000000,0.767
TRK00090,2024-10-01,25,41028,83952.09,6.4,1,2626.45,1970-01-01 00:00:00.000000003,0.806
TRK00090,2024-11-01,33,46217,93387.36,6.37,0,0.0,1970-01-01 00:00:00.000000000,1.1
TRK00090,2024-12-01,24,35017,84467.6,6.45,1,3287.28,1970-01-01 00:00:00.000000016,0.774
TRK00091,2022-01-01,29,41183,84890.3,6.38,1,3617.85,1970-01-01 00:00:00.000000035,0.935
TRK00091,2022-02-01,27,33601,71128.2,6.66,1,2631.35,1970-01-01 00:00:00.000000028,0.964
TRK00091,2022-03-01,28,39445,80474.02,6.49,1,2111.5,1970-01-01 00:00:00.000000022,0.903
TRK00091,2022-04-01,20,24734,51016.03,6.59,0,0.0,1970-01-01 00:00:00.000000000,0.667
TRK00091,2022-05-01,30,42266,89085.36,6.5,2,3728.5,1970-01-01 00:00:00.000000009,0.968
TRK00091,2022-06-01,26,46194,107210.58,6.5,1,2167.1,1970-01-01 00:00:00.000000013,0.867
TRK00091,2022-07-01,30,42004,87528.24,6.38,0,0.0,1970-01-01 00:00:00.000000000,0.968
TRK00091,2022-08-01,23,29685,62449.64,6.44,0,0.0,1970-01-01 00:00:00.000000000,0.742
TRK00091,2022-09-01,31,45089,102096.16,6.62,0,0.0,1970-01-01 00:00:00.000000000,1.033
TRK00091,2022-10-01,16,18308,35692.0,6.46,1,412.26,1970-01-01 00:00:00.000000003,0.516
TRK00091,2022-11-01,22,35030,77433.11,6.54,0,0.0,1970-01-01 00:00:00.000000000,0.733
TRK00091,2022-12-01,27,34170,74630.61,6.54,0,0.0,1970-01-01 00:00:00.000000000,0.871
TRK00091,2023-01-01,21,37325,79920.68,6.58,2,2136.13,1970-01-01 00:00:00.000000044,0.677
TRK00091,2023-02-01,20,22432,53036.96,6.66,0,0.0,1970-01-01 00:00:00.000000000,0.714
TRK00091,2023-03-01,31,50082,111595.76,6.44,1,1130.76,1970-01-01 00:00:00.000000038,1.0
TRK00091,2023-04-01,26,35949,76200.11,6.35,1,3207.7,1970-01-01 00:00:00.000000007,0.867
TRK00091,2023-05-01,26,40306,92203.68,6.52,0,0.0,1970-01-01 00:00:00.000000000,0.839
TRK00091,2023-06-01,19,31763,65070.0,6.45,0,0.0,1970-01-01 00:00:00.000000000,0.633
TRK00091,2023-07-01,28,46164,91315.29,6.27,2,6334.24,1970-01-01 00:00:00.000000065,0.903
TRK00091,2023-08-01,30,47223,102263.93,6.45,1,3235.37,1970-01-01 00:00:00.000000035,0.968
TRK00091,2023-09-01,24,33518,71702.75,6.41,1,3586.42,1970-01-01 00:00:00.000000028,0.8
TRK00091,2023-10-01,13,22550,46553.33,6.31,0,0.0,1970-01-01 00:00:00.000000000,0.419
TRK00091,2023-11-01,24,35588,78524.97,6.43,0,0.0,1970-01-01 00:00:00.000000000,0.8
TRK00091,2023-12-01,30,44869,96858.66,6.42,2,2663.96,1970-01-01 00:00:00.000000055,0.968
TRK00091,2024-01-01,24,34057,73580.61,6.5,1,3342.26,1970-01-01 00:00:00.000000029,0.774
TRK00091,2024-02-01,31,51390,103553.4,6.58,0,0.0,1970-01-01 00:00:00.000000000,1.069
TRK00091,2024-03-01,20,32425,71948.63,6.79,1,1748.49,1970-01-01 00:00:00.000000020,0.645
TRK00091,2024-04-01,18,34877,77838.68,6.51,0,0.0,1970-01-01 00:00:00.000000000,0.6
TRK00091,2024-05-01,21,23298,47810.04,6.62,2,6625.99,1970-01-01 00:00:00.000000024,0.677
TRK00091,2024-06-01,29,36838,78730.55,6.41,1,2741.38,1970-01-01 00:00:00.000000028,0.967
TRK00091,2024-07-01,31,40329,83895.28,6.59,1,705.19,1970-01-01 00:00:00.000000009,1.0
TRK00091,2024-08-01,28,33667,70468.27,6.64,0,0.0,1970-01-01 00:00:00.000000000,0.903
TRK00091,2024-09-01,24,36414,81839.45,6.56,0,0.0,1970-01-01 00:00:00.000000000,0.8
TRK00091,2024-10-01,25,41855,93471.75,6.66,2,3773.73,1970-01-01 00:00:00.000000070,0.806
TRK00091,2024-11-01,21,27786,67803.57,6.61,1,3590.85,1970-01-01 00:00:00.000000028,0.7
TRK00091,2024-12-01,28,34962,75365.87,6.56,0,0.0,1970-01-01 00:00:00.000000000,0.903
TRK00092,2022-01-01,19,31102,62234.78,6.41,0,0.0,1970-01-01 00:00:00.000000000,0.613
TRK00092,2022-02-01,28,39124,85827.27,6.45,1,548.85,1970-01-01 00:00:00.000000006,1.0
TRK00092,2022-03-01,24,39963,87000.45,6.48,1,3374.4,1970-01-01 00:00:00.000000032,0.774
TRK00092,2022-04-01,19,30675,64673.77,6.44,1,605.08,1970-01-01 00:00:00.000000020,0.633
TRK00092,2022-05-01,24,39389,79042.21,6.48,2,5585.41,1970-01-01 00:00:00.000000023,0.774
TRK00092,2022-06-01,22,27564,61884.23,6.46,1,90.15,1970-01-01 00:00:00.000000021,0.733
TRK00092,2022-07-01,19,29000,60981.16,6.53,0,0.0,1970-01-01 00:00:00.000000000,0.613
TRK00092,2022-08-01,26,45663,103403.27,6.42,0,0.0,1970-01-01 00:00:00.000000000,0.839
TRK00092,2022-09-01,23,29868,59560.94,6.31,2,2538.44,1970-01-01 00:00:00.000000022,0.767
TRK00092,2022-10-01,26,39101,82217.07,6.4,0,0.0,1970-01-01 00:00:00.000000000,0.839
TRK00092,2022-11-01,21,29164,60136.91,6.58,0,0.0,1970-01-01 00:00:00.000000000,0.7
TRK00092,2022-12-01,23,30459,65599.81,6.27,0,0.0,1970-01-01 00:00:00.000000000,0.742
TRK00092,2023-01-01,24,30810,62571.85,6.45,0,0.0,1970-01-01 00:00:00.000000000,0.774
TRK00092,2023-02-01,17,23571,48967.97,6.34,0,0.0,1970-01-01 00:00:00.000000000,0.607
TRK00092,2023-03-01,20,32035,69553.91,6.46,0,0.0,1970-01-01 00:00:00.000000000,0.645
TRK00092,2023-04-01,27,37776,82753.83,6.3,1,782.24,1970-01-01 00:00:00.000000011,0.9
TRK00092,2023-05-01,28,43923,90654.0,6.59,0,0.0,1970-01-01 00:00:00.000000000,0.903
TRK00092,2023-06-01,33,55275,119442.11,6.37,0,0.0,1970-01-01 00:00:00.000000000,1.1
TRK00092,2023-07-01,38,49608,105721.76,6.56,0,0.0,1970-01-01 00:00:00.000000000,1.226
TRK00092,2023-08-01,32,45337,94344.82,6.51,0,0.0,1970-01-01 00:00:00.000000000,1.032
TRK00092,2023-09-01,30,43578,91076.77,6.3,1,2162.04,1970-01-01 00:00:00.000000038,1.0
TRK00092,2023-10-01,21,27793,59825.3,6.52,1,3320.35,1970-01-01 00:00:00.000000034,0.677
TRK00092,2023-11-01,14,24722,57699.57,6.42,0,0.0,1970-01-01 00:00:00.000000000,0.467
TRK00092,2023-12-01,26,36210,74281.77,6.5,0,0.0,1970-01-01 00:00:00.000000000,0.839
TRK00092,2024-01-01,27,41113,83492.46,6.53,0,0.0,1970-01-01 00:00:00.000000000,0.871
TRK00092,2024-02-01,26,27534,59981.04,6.56,4,7452.43,1970-01-01 00:00:00.000000065,0.897
TRK00092,2024-03-01,28,41927,96887.66,6.48,2,3054.47,1970-01-01 00:00:00.000000021,0.903
TRK00092,2024-04-01,16,26737,58340.86,6.54,0,0.0,1970-01-01 00:00:00.000000000,0.533
TRK00092,2024-05-01,26,43455,97756.79,6.44,1,525.62,1970-01-01 00:00:00.000000026,0.839
TRK00092,2024-06-01,29,41356,82867.61,6.47,1,490.61,1970-01-01 00:00:00.000000027,0.967
TRK00092,2024-07-01,20,24930,50953.37,6.57,1,617.04,1970-01-01 00:00:00.000000017,0.645
TRK00092,2024-08-01,35,49715,104637.78,6.36,2,7087.67,1970-01-01 00:00:00.000000054,1.129
TRK00092,2024-09-01,25,29664,61845.21,6.6,0,0.0,1970-01-01 00:00:00.000000000,0.833
TRK00092,2024-10-01,25,35766,74072.77,6.46,2,3436.32,1970-01-01 00:00:00.000000009,0.806
TRK00092,2024-11-01,33,51628,107653.67,6.71,0,0.0,1970-01-01 00:00:00.000000000,1.1
TRK00092,2024-12-01,28,48682,97248.38,6.36,0,0.0,1970-01-01 00:00:00.000000000,0.903
TRK00093,2022-01-01,25,36093,80799.32,6.51,1,1806.93,1970-01-01 00:00:00.000000009,0.806
TRK00093,2022-02-01,17,26139,58369.97,6.34,0,0.0,1970-01-01 00:00:00.000000000,0.607
TRK00093,2022-03-01,21,23212,52738.08,6.51,0,0.0,1970-01-01 00:00:00.000000000,0.677
TRK00093,2022-04-01,21,23645,48963.79,6.62,0,0.0,1970-01-01 00:00:00.000000000,0.7
TRK00093,2022-05-01,24,40854,92410.53,6.66,0,0.0,1970-01-01 00:00:00.000000000,0.774
TRK00093,2022-06-01,22,32589,69154.38,6.4,0,0.0,1970-01-01 00:00:00.000000000,0.733
TRK00093,2022-07-01,31,49808,106845.14,6.58,3,4731.23,1970-01-01 00:00:00.000000057,1.0
TRK00093,2022-08-01,30,38877,83517.57,6.43,0,0.0,1970-01-01 00:00:00.000000000,0.968
TRK00093,2022-09-01,26,41487,86027.94,6.59,0,0.0,1970-01-01 00:00:00.000000000,0.867
TRK00093,2022-10-01,20,27844,59452.45,6.37,3,1604.18,1970-01-01 00:00:00.000000066,0.645
TRK00093,2022-11-01,27,41811,91311.39,6.53,0,0.0,1970-01-01 00:00:00.000000000,0.9
TRK00093,2022-12-01,27,41399,85841.19,6.57,1,1495.81,1970-01-01 00:00:00.000000030,0.871
TRK00093,2023-01-01,28,40156,91524.84,6.36,2,1715.29,1970-01-01 00:00:00.000000050,0.903
TRK00093,2023-02-01,27,40602,83525.59,6.62,0,0.0,1970-01-01 00:00:00.000000000,0.964
TRK00093,2023-03-01,22,32157,68066.28,6.32,0,0.0,1970-01-01 00:00:00.000000000,0.71
TRK00093,2023-04-01,25,40773,85768.26,6.52,2,6446.44,1970-01-01 00:00:00.000000048,0.833
TRK00093,2023-05-01,29,38345,84760.32,6.43,1,248.87,1970-01-01 00:00:00.000000017,0.935
TRK00093,2023-06-01,20,26148,56739.97,6.53,2,2713.48,1970-01-01 00:00:00.000000054,0.667
TRK00093,2023-07-01,29,40563,92236.36,6.62,1,3477.61,1970-01-01 00:00:00.000000016,0.935
TRK00093,2023-08-01,29,39495,88040.45,6.71,1,1032.53,1970-01-01 00:00:00.000000032,0.935
TRK00093,2023-09-01,22,27323,54776.96,6.58,2,3545.06,1970-01-01 00:00:00.000000029,0.733
TRK00093,2023-10-01,28,42901,89407.2,6.46,1,3274.04,1970-01-01 00:00:00.000000019,0.903
TRK00093,2023-11-01,30,43101,92715.11,6.57,1,460.94,1970-01-01 00:00:00.000000029,1.0
TRK00093,2023-12-01,40,56671,121417.8,6.64,1,3491.36,1970-01-01 00:00:00.000000038,1.29
TRK00093,2024-01-01,25,36211,76364.8,6.59,0,0.0,1970-01-01 00:00:00.000000000,0.806
TRK00093,2024-02-01,15,21758,46022.15,6.53,0,0.0,1970-01-01 00:00:00.000000000,0.517
TRK00093,2024-03-01,29,39739,88430.0,6.68,1,1427.04,1970-01-01 00:00:00.000000003,0.935
TRK00093,2024-04-01,23,33124,68373.71,6.57,0,0.0,1970-01-01 00:00:00.000000000,0.767
TRK00093,2024-05-01,28,43247,84278.11,6.47,0,0.0,1970-01-01 00:00:00.000000000,0.903
TRK00093,2024-06-01,21,24210,52302.71,6.63,0,0.0,1970-01-01 00:00:00.000000000,0.7
TRK00093,2024-07-01,28,40876,94153.38,6.62,0,0.0,1970-01-01 00:00:00.000000000,0.903
TRK00093,2024-08-01,25,32074,67050.78,6.56,0,0.0,1970-01-01 00:00:00.000000000,0.806
TRK00093,2024-09-01,25,34537,74842.71,6.61,0,0.0,1970-01-01 00:00:00.000000000,0.833
TRK00093,2024-10-01,21,30930,62756.69,6.33,0,0.0,1970-01-01 00:00:00.000000000,0.677
TRK00093,2024-11-01,21,26772,56686.71,6.7,0,0.0,1970-01-01 00:00:00.000000000,0.7
TRK00093,2024-12-01,21,26307,52586.62,6.47,2,4185.31,1970-01-01 00:00:00.000000061,0.677
TRK00095,2022-01-01,23,30547,65194.27,6.43,0,0.0,1970-01-01 00:00:00.000000000,0.742
TRK00095,2022-02-01,31,41159,87513.33,6.48,0,0.0,1970-01-01 00:00:00.000000000,1.107
TRK00095,2022-03-01,24,39384,84571.03,6.5,1,2918.2,1970-01-01 00:00:00.000000026,0.774
TRK00095,2022-04-01,23,33357,74496.16,6.37,0,0.0,1970-01-01 00:00:00.000000000,0.767
TRK00095,2022-05-01,31,46437,101016.51,6.51,2,6083.98,1970-01-01 00:00:00.000000033,1.0
TRK00095,2022-06-01,30,41119,85375.3,6.73,0,0.0,1970-01-01 00:00:00.000000000,1.0
TRK00095,2022-07-01,22,28628,64105.02,6.46,0,0.0,1970-01-01 00:00:00.000000000,0.71
TRK00095,2022-08-01,35,54340,119926.63,6.51,0,0.0,1970-01-01 00:00:00.000000000,1.129
TRK00095,2022-09-01,27,33080,71609.72,6.49,0,0.0,1970-01-01 00:00:00.000000000,0.9
TRK00095,2022-10-01,19,24993,55854.3,6.73,2,5128.63,1970-01-01 00:00:00.000000068,0.613
TRK00095,2022-11-01,25,34560,79713.12,6.54,2,5049.58,1970-01-01 00:00:00.000000055,0.833
TRK00095,2022-12-01,23,29737,63304.78,6.59,1,2983.31,1970-01-01 00:00:00.000000006,0.742
TRK00095,2023-01-01,28,43651,91576.01,6.35,0,0.0,1970-01-01 00:00:00.000000000,0.903
TRK00095,2023-02-01,29,39782,84278.93,6.37,1,3037.1,1970-01-01 00:00:00.000000032,1.036
TRK00095,2023-03-01,28,36483,77545.34,6.44,2,4461.64,1970-01-01 00:00:00.000000041,0.903
TRK00095,2023-04-01,25,33929,73616.58,6.56,0,0.0,1970-01-01 00:00:00.000000000,0.833
TRK00095,2023-05-01,17,23979,53995.98,6.51,0,0.0,1970-01-01 00:00:00.000000000,0.548
TRK00095,2023-06-01,30,35970,79423.18,6.43,0,0.0,1970-01-01 00:00:00.000000000,1.0
TRK00095,2023-07-01,21,30931,64991.75,6.63,1,1062.95,1970-01-01 00:00:00.000000011,0.677
TRK00095,2023-08-01,23,25900,56005.09,6.56,0,0.0,1970-01-01 00:00:00.000000000,0.742
TRK00095,2023-09-01,31,45539,102595.5,6.48,1,3994.65,1970-01-01 00:00:00.000000004,1.033
TRK00095,2023-10-01,26,37370,78850.75,6.56,3,6440.96,1970-01-01 00:00:00.000000072,0.839
TRK00095,2023-11-01,30,46506,100914.79,6.42,1,698.68,1970-01-01 00:00:00.000000002,1.0
TRK00095,2023-12-01,22,25520,51111.04,6.42,0,0.0,1970-01-01 00:00:00.000000000,0.71
TRK00095,2024-01-01,17,24613,53858.9,6.78,0,0.0,1970-01-01 00:00:00.000000000,0.548
TRK00095,2024-02-01,27,29963,62362.59,6.35,1,605.1,1970-01-01 00:00:00.000000014,0.931
TRK00095,2024-03-01,26,31999,65964.8,6.57,0,0.0,1970-01-01 00:00:00.000000000,0.839
TRK00095,2024-04-01,16,22665,46485.41,6.43,0,0.0,1970-01-01 00:00:00.000000000,0.533
TRK00095,2024-05-01,23,30304,69456.62,6.37,1,3858.82,1970-01-01 00:00:00.000000036,0.742
TRK00095,2024-06-01,28,43814,92549.38,6.35,1,2997.18,1970-01-01 00:00:00.000000009,0.933
TRK00095,2024-07-01,30,38166,89983.95,6.65,1,806.86,1970-01-01 00:00:00.000000026,0.968
TRK00095,2024-08-01,26,39914,89531.34,6.54,0,0.0,1970-01-01 00:00:00.000000000,0.839
TRK00095,2024-09-01,29,41962,85407.95,6.67,0,0.0,1970-01-01 00:00:00.000000000,0.967
TRK00095,2024-10-01,31,47005,95278.81,6.45,0,0.0,1970-01-01 00:00:00.000000000,1.0
TRK00095,2024-11-01,31,37423,86746.49,6.5,0,0.0,1970-01-01 00:00:00.000000000,1.033
TRK00095,2024-12-01,20,31013,69498.13,6.73,0,0.0,1970-01-01 00:00:00.000000000,0.645
TRK00096,2022-01-01,19,24126,52297.38,6.53,3,3181.22,1970-01-01 00:00:00.000000050,0.613
TRK00096,2022-02-01,17,23495,49232.37,6.62,1,2539.65,1970-01-01 00:00:00.000000037,0.607
TRK00096,2022-03-01,25,32350,66793.07,6.5,2,2613.41,1970-01-01 00:00:00.000000066,0.806
TRK00096,2022-04-01,29,45697,99251.12,6.58,0,0.0,1970-01-01 00:00:00.000000000,0.967
TRK00096,2022-05-01,21,28085,61104.27,6.46,0,0.0,1970-01-01 00:00:00.000000000,0.677
TRK00096,2022-06-01,31,37696,83716.84,6.5,1,3943.4,1970-01-01 00:00:00.000000014,1.033
TRK00096,2022-07-01,22,32159,71057.97,6.54,1,2986.96,1970-01-01 00:00:00.000000009,0.71
TRK00096,2022-08-01,28,47891,108554.04,6.54,0,0.0,1970-01-01 00:00:00.000000000,0.903
TRK00096,2022-09-01,30,42986,91917.98,6.47,1,1520.12,1970-01-01 00:00:00.000000018,1.0
TRK00096,2022-10-01,25,43285,93788.61,6.48,0,0.0,1970-01-01 00:00:00.000000000,0.806
TRK00096,2022-11-01,29,41635,92004.35,6.51,0,0.0,1970-01-01 00:00:00.000000000,0.967
TRK00096,2022-12-01,22,34797,81053.25,6.41,1,2197.06,1970-01-01 00:00:00.000000020,0.71
TRK00096,2023-01-01,29,30148,67549.89,6.52,0,0.0,1970-01-01 00:00:00.000000000,0.935
TRK00096,2023-02-01,26,41075,92470.46,6.53,0,0.0,1970-01-01 00:00:00.000000000,0.929
TRK00096,2023-03-01,27,42004,86840.58,6.49,0,0.0,1970-01-01 00:00:00.000000000,0.871
TRK00096,2023-04-01,22,39018,84021.32,6.69,0,0.0,1970-01-01 00:00:00.000000000,0.733
TRK00096,2023-05-01,26,37317,77021.78,6.55,2,5796.18,1970-01-01 00:00:00.000000045,0.839
TRK00096,2023-06-01,18,26783,51099.67,6.44,0,0.0,1970-01-01 00:00:00.000000000,0.6
TRK00096,2023-07-01,26,39347,86642.02,6.56,0,0.0,1970-01-01 00:00:00.000000000,0.839
TRK00096,2023-08-01,32,37169,78687.43,6.5,0,0.0,1970-01-01 00:00:00.000000000,1.032
TRK00096,2023-09-01,14,22070,51769.11,6.64,1,486.29,1970-01-01 00:00:00.000000014,0.467
TRK00096,2023-10-01,19,25187,53775.57,6.69,2,838.95,1970-01-01 00:00:00.000000034,0.613
TRK00096,2023-11-01,21,30072,58511.76,6.73,0,0.0,1970-01-01 00:00:00.000000000,0.7
TRK00096,2023-12-01,22,27593,59980.01,6.28,1,1990.41,1970-01-01 00:00:00.000000004,0.71
TRK00096,2024-01-01,20,28355,56391.09,6.55,1,579.2,1970-01-01 00:00:00.000000015,0.645
TRK00096,2024-02-01,20,29878,62584.52,6.48,0,0.0,1970-01-01 00:00:00.000000000,0.69
TRK00096,2024-03-01,25,36623,73173.37,6.49,1,1584.82,1970-01-01 00:00:00.000000030,0.806
TRK00096,2024-04-01,26,34590,73738.17,6.35,1,2892.05,1970-01-01 00:00:00.000000036,0.867
TRK00096,2024-05-01,22,31543,66167.8,6.5,0,0.0,1970-01-01 00:00:00.000000000,0.71
TRK00096,2024-06-01,28,36338,80139.7,6.47,0,0.0,1970-01-01 00:00:00.000000000,0.933
TRK00096,2024-07-01,30,48766,102130.69,6.62,0,0.0,1970-01-01 00:00:00.000000000,0.968
TRK00096,2024-08-01,21,30164,65968.87,6.54,1,593.31,1970-01-01 00:00:00.000000032,0.677
TRK00096,2024-09-01,15,22872,37689.42,6.62,2,3539.22,1970-01-01 00:00:00.000000052,0.5
TRK00096,2024-10-01,29,37395,82910.85,6.58,0,0.0,1970-01-01 00:00:00.000000000,0.935
TRK00096,2024-11-01,15,15156,30170.04,6.47,0,0.0,1970-01-01 00:00:00.000000000,0.5
TRK00096,2024-12-01,24,37582,83126.96,6.53,1,3370.24,1970-01-01 00:00:00.000000033,0.774
TRK00097,2022-01-01,39,53383,116692.56,6.33,0,0.0,1970-01-01 00:00:00.000000000,1.258
TRK00097,2022-02-01,21,33851,67278.27,6.52,0,0.0,1970-01-01 00:00:00.000000000,0.75
TRK00097,2022-03-01,21,28704,58631.41,6.42,1,1533.8,1970-01-01 00:00:00.000000002,0.677
TRK00097,2022-04-01,23,39342,81603.82,6.37,1,1169.72,1970-01-01 00:00:00.000000007,0.767
TRK00097,2022-05-01,31,46393,100941.53,6.48,1,3265.36,1970-01-01 00:00:00.000000043,1.0
TRK00097,2022-06-01,23,31772,65385.75,6.4,1,568.34,1970-01-01 00:00:00.000000025,0.767
TRK00097,2022-07-01,24,30072,63493.35,6.58,1,2050.44,1970-01-01 00:00:00.000000047,0.774
TRK00097,2022-08-01,31,46177,103648.48,6.64,0,0.0,1970-01-01 00:00:00.000000000,1.0
TRK00097,2022-09-01,25,34303,72382.64,6.44,1,3760.54,1970-01-01 00:00:00.000000018,0.833
TRK00097,2022-10-01,27,39851,84527.15,6.55,1,2170.85,1970-01-01 00:00:00.000000039,0.871
TRK00097,2022-11-01,29,41710,89988.55,6.6,0,0.0,1970-01-01 00:00:00.000000000,0.967
TRK00097,2022-12-01,24,39331,82888.95,6.43,0,0.0,1970-01-01 00:00:00.000000000,0.774
TRK00097,2023-01-01,29,39389,80927.1,6.46,1,4147.52,1970-01-01 00:00:00.000000029,0.935
TRK00097,2023-02-01,20,32071,63082.69,6.45,0,0.0,1970-01-01 00:00:00.000000000,0.714
TRK00097,2023-03-01,24,35201,79555.68,6.53,1,1831.53,1970-01-01 00:00:00.000000023,0.774
TRK00097,2023-04-01,23,37276,89365.65,6.65,0,0.0,1970-01-01 00:00:00.000000000,0.767
TRK00097,2023-05-01,25,30796,66474.79,6.39,0,0.0,1970-01-01 00:00:00.000000000,0.806
TRK00097,2023-06-01,32,51909,107444.18,6.38,0,0.0,1970-01-01 00:00:00.000000000,1.067
TRK00097,2023-07-01,26,31257,68706.98,6.5,0,0.0,1970-01-01 00:00:00.000000000,0.839
TRK00097,2023-08-01,29,49434,104138.42,6.45,0,0.0,1970-01-01 00:00:00.000000000,0.935
TRK00097,2023-09-01,24,39327,90450.39,6.44,0,0.0,1970-01-01 00:00:00.000000000,0.8
TRK00097,2023-10-01,30,48294,103616.93,6.53,0,0.0,1970-01-01 00:00:00.000000000,0.968
TRK00097,2023-11-01,21,24416,50704.14,6.57,1,945.15,1970-01-01 00:00:00.000000004,0.7
TRK00097,2023-12-01,31,50826,104486.32,6.4,0,0.0,1970-01-01 00:00:00.000000000,1.0
TRK00097,2024-01-01,26,35739,74473.03,6.5,1,3593.12,1970-01-01 00:00:00.000000011,0.839
TRK00097,2024-02-01,22,27523,61260.66,6.51,1,2475.09,1970-01-01 00:00:00.000000013,0.759
TRK00097,2024-03-01,27,39440,84319.66,6.66,0,0.0,1970-01-01 00:00:00.000000000,0.871
TRK00097,2024-04-01,23,33931,77666.58,6.37,1,4009.54,1970-01-01 00:00:00.000000043,0.767
TRK00097,2024-05-01,21,35942,77457.19,6.37,0,0.0,1970-01-01 00:00:00.000000000,0.677
TRK00097,2024-06-01,29,37617,79339.18,6.65,1,1749.55,1970-01-01 00:00:00.000000033,0.967
TRK00097,2024-07-01,23,31622,66478.25,6.48,1,1360.93,1970-01-01 00:00:00.000000046,0.742
TRK00097,2024-08-01,21,34194,76392.49,6.33,1,2881.15,1970-01-01 00:00:00.000000016,0.677
TRK00097,2024-09-01,26,39712,81209.41,6.6,1,2246.11,1970-01-01 00:00:00.000000025,0.867
TRK00097,2024-10-01,24,34036,71699.23,6.55,0,0.0,1970-01-01 00:00:00.000000000,0.774
TRK00097,2024-11-01,24,29225,65651.32,6.52,0,0.0,1970-01-01 00:00:00.000000000,0.8
TRK00097,2024-12-01,22,37626,78997.69,6.54,0,0.0,1970-01-01 00:00:00.000000000,0.71
TRK00098,2022-01-01,21,28335,57158.59,6.52,1,3733.04,1970-01-01 00:00:00.000000013,0.677
TRK00098,2022-02-01,29,49770,109155.66,6.62,1,2710.7,1970-01-01 00:00:00.000000038,1.036
TRK00098,2022-03-01,20,33128,70713.57,6.5,0,0.0,1970-01-01 00:00:00.000000000,0.645
TRK00098,2022-04-01,23,36905,72467.01,6.53,0,0.0,1970-01-01 00:00:00.000000000,0.767
TRK00098,2022-05-01,26,37253,80266.92,6.41,1,2487.22,1970-01-01 00:00:00.000000012,0.839
TRK00098,2022-06-01,25,37492,80188.16,6.56,2,5889.79,1970-01-01 00:00:00.000000072,0.833
TRK00098,2022-07-01,25,36232,76120.65,6.45,1,2518.83,1970-01-01 00:00:00.000000007,0.806
TRK00098,2022-08-01,26,34769,73063.81,6.55,1,1781.87,1970-01-01 00:00:00.000000041,0.839
TRK00098,2022-09-01,27,37158,78412.25,6.43,0,0.0,1970-01-01 00:00:00.000000000,0.9
TRK00098,2022-10-01,30,49470,108395.72,6.6,1,2769.81,1970-01-01 00:00:00.000000013,0.968
TRK00098,2022-11-01,24,34433,78068.88,6.54,0,0.0,1970-01-01 00:00:00.000000000,0.8
TRK00098,2022-12-01,23,35207,71949.95,6.41,0,0.0,1970-01-01 00:00:00.000000000,0.742
TRK00098,2023-01-01,20,24244,53696.92,6.44,1,211.22,1970-01-01 00:00:00.000000030,0.645
TRK00098,2023-02-01,17,26991,63111.88,6.7,0,0.0,1970-01-01 00:00:00.000000000,0.607
TRK00098,2023-03-01,32,40596,81716.19,6.58,0,0.0,1970-01-01 00:00:00.000000000,1.032
TRK00098,2023-04-01,22,32984,72764.8,6.62,0,0.0,1970-01-01 00:00:00.000000000,0.733
TRK00098,2023-05-01,25,25395,55318.13,6.52,0,0.0,1970-01-01 00:00:00.000000000,0.806
TRK00098,2023-06-01,31,34213,80420.49,6.58,1,3323.52,1970-01-01 00:00:00.000000003,1.033
TRK00098,2023-07-01,29,40567,91350.5,6.5,0,0.0,1970-01-01 00:00:00.000000000,0.935
TRK00098,2023-08-01,29,41572,84394.97,6.62,1,2926.43,1970-01-01 00:00:00.000000041,0.935
TRK00098,2023-09-01,23,36792,71171.49,6.63,0,0.0,1970-01-01 00:00:00.000000000,0.767
TRK00098,2023-10-01,26,35533,70347.64,6.42,0,0.0,1970-01-01 00:00:00.000000000,0.839
TRK00098,2023-11-01,23,32874,69916.89,6.55,0,0.0,1970-01-01 00:00:00.000000000,0.767
TRK00098,2023-12-01,28,38837,84206.33,6.31,0,0.0,1970-01-01 00:00:00.000000000,0.903
TRK00098,2024-01-01,23,33085,74096.54,6.44,1,891.33,1970-01-01 00:00:00.000000035,0.742
TRK00098,2024-02-01,26,43671,92262.06,6.59,0,0.0,1970-01-01 00:00:00.000000000,0.897
TRK00098,2024-03-01,18,24214,53063.35,6.66,1,2100.33,1970-01-01 00:00:00.000000041,0.581
TRK00098,2024-04-01,36,48300,98011.25,6.53,1,4185.3,1970-01-01 00:00:00.000000036,1.2
TRK00098,2024-05-01,14,19124,40561.09,6.65,0,0.0,1970-01-01 00:00:00.000000000,0.452
TRK00098,2024-06-01,25,36133,76817.68,6.64,0,0.0,1970-01-01 00:00:00.000000000,0.833
TRK00098,2024-07-01,36,59337,137397.11,6.45,0,0.0,1970-01-01 00:00:00.000000000,1.161
TRK00098,2024-08-01,28,35931,80730.63,6.61,1,3780.77,1970-01-01 00:00:00.000000027,0.903
TRK00098,2024-09-01,28,37333,81528.82,6.5,0,0.0,1970-01-01 00:00:00.000000000,0.933
TRK00098,2024-10-01,16,21902,41979.29,6.69,1,940.35,1970-01-01 00:00:00.000000022,0.516
TRK00098,2024-11-01,30,47710,113754.41,6.4,1,774.52,1970-01-01 00:00:00.000000008,1.0
TRK00098,2024-12-01,27,40127,80089.09,6.49,1,293.92,1970-01-01 00:00:00.000000014,0.871
TRK00099,2022-01-01,28,35370,72651.58,6.62,2,5296.79,1970-01-01 00:00:00.000000011,0.903
TRK00099,2022-02-01,29,38477,82095.77,6.62,2,2800.1,1970-01-01 00:00:00.000000005,1.036
TRK00099,2022-03-01,30,41856,88718.67,6.46,1,3785.74,1970-01-01 00:00:00.000000004,0.968
TRK00099,2022-04-01,27,31723,68373.62,6.47,3,5169.22,1970-01-01 00:00:00.000000109,0.9
TRK00099,2022-05-01,30,48090,109125.4,6.48,0,0.0,1970-01-01 00:00:00.000000000,0.968
TRK00099,2022-06-01,24,30082,64073.49,6.52,2,1304.45,1970-01-01 00:00:00.000000028,0.8
TRK00099,2022-07-01,24,34338,75235.65,6.53,2,5008.66,1970-01-01 00:00:00.000000079,0.774
TRK00099,2022-08-01,20,25858,61526.13,6.61,0,0.0,1970-01-01 00:00:00.000000000,0.645
TRK00099,2022-09-01,18,25935,50999.79,6.61,1,3609.79,1970-01-01 00:00:00.000000003,0.6
TRK00099,2022-10-01,33,50369,103882.7,6.47,1,2050.73,1970-01-01 00:00:00.000000010,1.065
TRK00099,2022-11-01,27,42425,92950.16,6.58,0,0.0,1970-01-01 00:00:00.000000000,0.9
TRK00099,2022-12-01,18,29812,67393.85,6.34,2,4246.3,1970-01-01 00:00:00.000000050,0.581
TRK00099,2023-01-01,32,45050,94161.7,6.49,1,1172.33,1970-01-01 00:00:00.000000031,1.032
TRK00099,2023-02-01,28,35714,81926.08,6.64,0,0.0,1970-01-01 00:00:00.000000000,1.0
TRK00099,2023-03-01,23,34248,73170.08,6.48,1,1659.9,1970-01-01 00:00:00.000000035,0.742
TRK00099,2023-04-01,27,39294,79976.68,6.45,1,962.65,1970-01-01 00:00:00.000000044,0.9
TRK00099,2023-05-01,23,38167,86436.77,6.65,2,5982.42,1970-01-01 00:00:00.000000029,0.742
TRK00099,2023-06-01,22,30996,70754.14,6.38,0,0.0,1970-01-01 00:00:00.000000000,0.733
TRK00099,2023-07-01,30,49361,105937.27,6.5,0,0.0,1970-01-01 00:00:00.000000000,0.968
TRK00099,2023-08-01,24,38746,86771.79,6.28,1,2510.88,1970-01-01 00:00:00.000000005,0.774
TRK00099,2023-09-01,23,28485,57063.28,6.66,3,6547.97,1970-01-01 00:00:00.000000078,0.767
TRK00099,2023-10-01,15,19484,42001.9,6.59,1,3884.81,1970-01-01 00:00:00.000000019,0.484
TRK00099,2023-11-01,17,22391,47430.5,6.27,2,5139.09,1970-01-01 00:00:00.000000044,0.567
TRK00099,2023-12-01,21,28057,57322.85,6.37,0,0.0,1970-01-01 00:00:00.000000000,0.677
TRK00099,2024-01-01,30,42481,88083.06,6.59,1,1358.99,1970-01-01 00:00:00.000000044,0.968
TRK00099,2024-02-01,18,24995,52492.3,6.6,1,597.33,1970-01-01 00:00:00.000000041,0.621
TRK00099,2024-03-01,30,39282,85010.99,6.44,1,3150.81,1970-01-01 00:00:00.000000010,0.968
TRK00099,2024-04-01,23,25958,55396.84,6.42,0,0.0,1970-01-01 00:00:00.000000000,0.767
TRK00099,2024-05-01,26,40497,89335.0,6.7,1,3304.95,1970-01-01 00:00:00.000000009,0.839
TRK00099,2024-06-01,22,38466,81323.59,6.45,1,2204.66,1970-01-01 00:00:00.000000019,0.733
TRK00099,2024-07-01,33,48633,104803.06,6.47,0,0.0,1970-01-01 00:00:00.000000000,1.065
TRK00099,2024-08-01,19,37293,80647.93,6.83,0,0.0,1970-01-01 00:00:00.000000000,0.613
TRK00099,2024-09-01,15,22315,49887.58,6.43,0,0.0,1970-01-01 00:00:00.000000000,0.5
TRK00099,2024-10-01,20,28489,60542.56,6.37,0,0.0,1970-01-01 00:00:00.000000000,0.645
TRK00099,2024-11-01,33,51767,109486.37,6.33,0,0.0,1970-01-01 00:00:00.000000000,1.1
TRK00099,2024-12-01,32,47304,101333.92,6.54,1,1483.2,1970-01-01 00:00:00.000000025,1.032
TRK00101,2022-01-01,34,49411,108894.64,6.54,0,0.0,1970-01-01 00:00:00.000000000,1.097
TRK00101,2022-02-01,21,31879,66363.35,6.73,0,0.0,1970-01-01 00:00:00.000000000,0.75
TRK00101,2022-03-01,14,19095,46862.14,6.62,0,0.0,1970-01-01 00:00:00.000000000,0.452
TRK00101,2022-04-01,23,34462,76607.24,6.47,0,0.0,1970-01-01 00:00:00.000000000,0.767
TRK00101,2022-05-01,17,24552,49723.91,6.65,0,0.0,1970-01-01 00:00:00.000000000,0.548
TRK00101,2022-06-01,18,26549,55624.2,6.33,1,819.32,1970-01-01 00:00:00.000000017,0.6
TRK00101,2022-07-01,23,34002,67481.05,6.61,0,0.0,1970-01-01 00:00:00.000000000,0.742
TRK00101,2022-08-01,20,27975,57102.09,6.54,0,0.0,1970-01-01 00:00:00.000000000,0.645
TRK00101,2022-09-01,24,35844,79529.6,6.49,1,3188.83,1970-01-01 00:00:00.000000035,0.8
TRK00101,2022-10-01,20,27456,54361.94,6.48,1,3205.85,1970-01-01 00:00:00.000000002,0.645
TRK00101,2022-11-01,26,34738,70502.91,6.42,0,0.0,1970-01-01 00:00:00.000000000,0.867
TRK00101,2022-12-01,32,47316,101917.78,6.66,1,885.9,1970-01-01 00:00:00.000000014,1.032
TRK00101,2023-01-01,27,37928,79277.96,6.43,1,948.36,1970-01-01 00:00:00.000000008,0.871
TRK00101,2023-02-01,26,31249,67675.9,6.48,0,0.0,1970-01-01 00:00:00.000000000,0.929
TRK00101,2023-03-01,23,28640,53186.78,6.54,0,0.0,1970-01-01 00:00:00.000000000,0.742
TRK00101,2023-04-01,22,25254,52728.57,6.4,1,855.71,1970-01-01 00:00:00.000000002,0.733
TRK00101,2023-05-01,33,48562,107266.35,6.56,2,6020.93,1970-01-01 00:00:00.000000046,1.065
TRK00101,2023-06-01,24,38751,85310.37,6.36,2,5175.22,1970-01-01 00:00:00.000000050,0.8
TRK00101,2023-07-01,32,44364,100169.57,6.49,0,0.0,1970-01-01 00:00:00.000000000,1.032
TRK00101,2023-08-01,32,42813,90289.11,6.43,0,0.0,1970-01-01 00:00:00.000000000,1.032
TRK00101,2023-09-01,18,24859,55734.03,6.75,1,1082.58,1970-01-01 00:00:00.000000021,0.6
TRK00101,2023-10-01,24,32156,66895.65,6.48,1,3234.13,1970-01-01 00:00:00.000000020,0.774
TRK00101,2023-11-01,19,25700,58214.67,6.8,0,0.0,1970-01-01 00:00:00.000000000,0.633
TRK00101,2023-12-01,21,30846,73467.61,6.61,0,0.0,1970-01-01 00:00:00.000000000,0.677
TRK00101,2024-01-01,18,29822,67683.73,6.62,0,0.0,1970-01-01 00:00:00.000000000,0.581
TRK00101,2024-02-01,21,27402,60180.28,6.52,0,0.0,1970-01-01 00:00:00.000000000,0.724
TRK00101,2024-03-01,28,42930,93078.58,6.55,0,0.0,1970-01-01 00:00:00.000000000,0.903
TRK00101,2024-04-01,31,40757,90846.85,6.52,1,3404.91,1970-01-01 00:00:00.000000044,1.033
TRK00101,2024-05-01,20,29303,64155.97,6.3,1,487.16,1970-01-01 00:00:00.000000043,0.645
TRK00101,2024-06-01,35,53519,111040.75,6.47,0,0.0,1970-01-01 00:00:00.000000000,1.167
TRK00101,2024-07-01,21,24506,51736.44,6.3,0,0.0,1970-01-01 00:00:00.000000000,0.677
TRK00101,2024-08-01,29,43372,99100.84,6.64,0,0.0,1970-01-01 00:00:00.000000000,0.935
TRK00101,2024-09-01,21,31572,68941.39,6.33,1,474.56,1970-01-01 00:00:00.000000047,0.7
TRK00101,2024-10-01,33,42651,89751.96,6.47,3,3082.72,1970-01-01 00:00:00.000000049,1.065
TRK00101,2024-11-01,21,28232,55727.4,6.51,0,0.0,1970-01-01 00:00:00.000000000,0.7
TRK00101,2024-12-01,33,42934,94378.94,6.64,0,0.0,1970-01-01 00:00:00.000000000,1.065
TRK00103,2022-01-01,23,41859,83591.86,6.29,1,1415.01,1970-01-01 00:00:00.000000043,0.742
TRK00103,2022-02-01,20,26455,61237.1,6.62,1,1026.65,1970-01-01 00:00:00.000000025,0.714
TRK00103,2022-03-01,22,30256,66990.3,6.58,0,0.0,1970-01-01 00:00:00.000000000,0.71
TRK00103,2022-04-01,22,31797,69103.72,6.46,1,334.83,1970-01-01 00:00:00.000000038,0.733
TRK00103,2022-05-01,34,45823,99681.76,6.42,0,0.0,1970-01-01 00:00:00.000000000,1.097
TRK00103,2022-06-01,29,39353,85711.84,6.48,2,2671.58,1970-01-01 00:00:00.000000043,0.967
TRK00103,2022-07-01,21,33728,76517.64,6.59,1,3168.11,1970-01-01 00:00:00.000000032,0.677
TRK00103,2022-08-01,29,41518,86734.36,6.29,3,8180.38,1970-01-01 00:00:00.000000067,0.935
TRK00103,2022-09-01,30,43300,92885.4,6.54,1,899.21,1970-01-01 00:00:00.000000010,1.0
TRK00103,2022-10-01,26,33419,69483.78,6.5,1,943.54,1970-01-01 00:00:00.000000039,0.839
TRK00103,2022-11-01,23,32757,73244.29,6.66,1,436.23,1970-01-01 00:00:00.000000043,0.767
TRK00103,2022-12-01,31,39097,85218.6,6.41,3,6468.73,1970-01-01 00:00:00.000000079,1.0
TRK00103,2023-01-01,20,26543,53093.8,6.49,0,0.0,1970-01-01 00:00:00.000000000,0.645
TRK00103,2023-02-01,18,24300,55260.0,6.34,1,2300.48,1970-01-01 00:00:00.000000023,0.643
TRK00103,2023-03-01,25,38580,86902.72,6.59,1,3193.29,1970-01-01 00:00:00.000000038,0.806
TRK00103,2023-04-01,20,32460,70447.46,6.43,1,458.49,1970-01-01 00:00:00.000000013,0.667
TRK00103,2023-05-01,26,37794,83649.79,6.47,0,0.0,1970-01-01 00:00:00.000000000,0.839
TRK00103,2023-06-01,14,23201,45385.76,6.46,0,0.0,1970-01-01 00:00:00.000000000,0.467
TRK00103,2023-07-01,33,52983,115427.9,6.5,1,1922.45,1970-01-01 00:00:00.000000038,1.065
TRK00103,2023-08-01,22,26919,57611.71,6.34,0,0.0,1970-01-01 00:00:00.000000000,0.71
TRK00103,2023-09-01,24,37222,77646.09,6.42,1,1455.29,1970-01-01 00:00:00.000000025,0.8
TRK00103,2023-10-01,24,30235,62579.6,6.63,0,0.0,1970-01-01 00:00:00.000000000,0.774
TRK00103,2023-11-01,28,32889,67413.37,6.47,0,0.0,1970-01-01 00:00:00.000000000,0.933
TRK00103,2023-12-01,28,53234,113961.34,6.45,1,214.52,1970-01-01 00:00:00.000000030,0.903
TRK00103,2024-01-01,22,32653,67418.8,6.35,2,7440.39,1970-01-01 00:00:00.000000004,0.71
TRK00103,2024-02-01,26,33882,72905.64,6.56,0,0.0,1970-01-01 00:00:00.000000000,0.897
TRK00103,2024-03-01,27,40482,84682.81,6.63,3,5003.41,1970-01-01 00:00:00.000000043,0.871
TRK00103,2024-04-01,20,22804,49194.73,6.44,0,0.0,1970-01-01 00:00:00.000000000,0.667
TRK00103,2024-05-01,22,31700,65930.18,6.74,0,0.0,1970-01-01 00:00:00.000000000,0.71
TRK00103,2024-06-01,29,39534,85015.93,6.63,1,2484.27,1970-01-01 00:00:00.000000043,0.967
TRK00103,2024-07-01,20,32114,67512.05,6.34,0,0.0,1970-01-01 00:00:00.000000000,0.645
TRK00103,2024-08-01,24,30899,66763.93,6.58,1,4084.71,1970-01-01 00:00:00.000000045,0.774
TRK00103,2024-09-01,21,29326,57435.94,6.38,0,0.0,1970-01-01 00:00:00.000000000,0.7
TRK00103,2024-10-01,25,36408,78438.7,6.38,1,884.65,1970-01-01 00:00:00.000000017,0.806
TRK00103,2024-11-01,28,41479,89802.1,6.61,0,0.0,1970-01-01 00:00:00.000000000,0.933
TRK00103,2024-12-01,16,22773,51089.66,6.77,0,0.0,1970-01-01 00:00:00.000000000,0.516
TRK00105,2022-01-01,25,32095,68143.68,6.53,1,3506.22,1970-01-01 00:00:00.000000013,0.806
TRK00105,2022-02-01,31,40264,83618.42,6.4,1,1189.46,1970-01-01 00:00:00.000000011,1.107
TRK00105,2022-03-01,20,28164,60213.17,6.65,1,857.58,1970-01-01 00:00:00.000000003,0.645
TRK00105,2022-04-01,34,58682,129112.6,6.5,1,178.11,1970-01-01 00:00:00.000000002,1.133
TRK00105,2022-05-01,28,36162,80969.9,6.53,0,0.0,1970-01-01 00:00:00.000000000,0.903
TRK00105,2022-06-01,27,41921,87724.4,6.48,1,1749.24,1970-01-01 00:00:00.000000015,0.9
TRK00105,2022-07-01,24,35053,67076.61,6.66,1,98.43,1970-01-01 00:00:00.000000007,0.774
TRK00105,2022-08-01,27,41814,92763.94,6.4,0,0.0,1970-01-01 00:00:00.000000000,0.871
TRK00105,2022-09-01,21,27085,56659.23,6.52,2,2961.71,1970-01-01 00:00:00.000000075,0.7
TRK00105,2022-10-01,19,28036,59053.4,6.45,2,3814.32,1970-01-01 00:00:00.000000067,0.613
TRK00105,2022-11-01,31,42733,100142.26,6.42,2,2084.04,1970-01-01 00:00:00.000000049,1.033
TRK00105,2022-12-01,23,30632,67053.08,6.52,0,0.0,1970-01-01 00:00:00.000000000,0.742
TRK00105,2023-01-01,19,28040,58636.29,6.55,0,0.0,1970-01-01 00:00:00.000000000,0.613
TRK00105,2023-02-01,34,47145,97027.84,6.59,0,0.0,1970-01-01 00:00:00.000000000,1.214
TRK00105,2023-03-01,21,32188,73323.69,6.43,1,2376.53,1970-01-01 00:00:00.000000028,0.677
TRK00105,2023-04-01,25,38246,76319.3,6.45,2,2050.34,1970-01-01 00:00:00.000000078,0.833
TRK00105,2023-05-01,28,35611,71853.25,6.31,2,2880.41,1970-01-01 00:00:00.000000060,0.903
TRK00105,2023-06-01,25,33024,74856.54,6.71,1,733.77,1970-01-01 00:00:00.000000011,0.833
TRK00105,2023-07-01,18,26954,60989.78,6.56,2,2142.99,1970-01-01 00:00:00.000000051,0.581
TRK00105,2023-08-01,32,49520,101354.2,6.42,0,0.0,1970-01-01 00:00:00.000000000,1.032
TRK00105,2023-09-01,17,16966,38019.13,6.46,0,0.0,1970-01-01 00:00:00.000000000,0.567
TRK00105,2023-10-01,26,29973,65269.46,6.68,0,0.0,1970-01-01 00:00:00.000000000,0.839
TRK00105,2023-11-01,21,31330,72187.02,6.42,1,2006.36,1970-01-01 00:00:00.000000011,0.7
TRK00105,2023-12-01,16,23726,49314.35,6.55,0,0.0,1970-01-01 00:00:00.000000000,0.516
TRK00105,2024-01-01,24,30336,64090.41,6.48,2,2101.41,1970-01-01 00:00:00.000000035,0.774
TRK00105,2024-02-01,23,35331,79248.19,6.42,0,0.0,1970-01-01 00:00:00.000000000,0.793
TRK00105,2024-03-01,37,48095,110923.29,6.43,0,0.0,1970-01-01 00:00:00.000000000,1.194
TRK00105,2024-04-01,23,31392,66167.01,6.52,1,3909.98,1970-01-01 00:00:00.000000047,0.767
TRK00105,2024-05-01,31,48102,106424.94,6.54,0,0.0,1970-01-01 00:00:00.000000000,1.0
TRK00105,2024-06-01,26,33374,68753.68,6.36,0,0.0,1970-01-01 00:00:00.000000000,0.867
TRK00105,2024-07-01,31,47864,103967.85,6.49,1,1733.73,1970-01-01 00:00:00.000000026,1.0
TRK00105,2024-08-01,30,43672,90046.71,6.54,1,713.39,1970-01-01 00:00:00.000000039,0.968
TRK00105,2024-09-01,29,38837,87222.45,6.49,0,0.0,1970-01-01 00:00:00.000000000,0.967
TRK00105,2024-10-01,27,42584,89767.11,6.47,1,974.43,1970-01-01 00:00:00.000000042,0.871
TRK00105,2024-11-01,29,35619,75620.53,6.52,1,3090.57,1970-01-01 00:00:00.000000046,0.967
TRK00105,2024-12-01,24,29560,65952.3,6.56,2,2101.12,1970-01-01 00:00:00.000000079,0.774
TRK00106,2022-01-01,24,31421,65126.99,6.53,1,2932.97,1970-01-01 00:00:00.000000023,0.774
TRK00106,2022-02-01,26,37356,83126.95,6.2,0,0.0,1970-01-01 00:00:00.000000000,0.929
TRK00106,2022-03-01,22,33242,73511.24,6.39,0,0.0,1970-01-01 00:00:00.000000000,0.71
TRK00106,2022-04-01,25,35003,78540.34,6.53,0,0.0,1970-01-01 00:00:00.000000000,0.833
TRK00106,2022-05-01,33,49721,113661.8,6.49,1,2054.16,1970-01-01 00:00:00.000000017,1.065
TRK00106,2022-06-01,22,34262,70682.21,6.32,1,2780.31,1970-01-01 00:00:00.000000011,0.733
TRK00106,2022-07-01,28,43772,87229.36,6.51,0,0.0,1970-01-01 00:00:00.000000000,0.903
TRK00106,2022-08-01,18,32868,71463.38,6.52,1,853.86,1970-01-01 00:00:00.000000035,0.581
TRK00106,2022-09-01,26,34962,75734.29,6.37,1,1053.8,1970-01-01 00:00:00.000000032,0.867
TRK00106,2022-10-01,31,40312,87735.26,6.57,2,4069.94,1970-01-01 00:00:00.000000037,1.0
TRK00106,2022-11-01,29,39344,87312.73,6.51,0,0.0,1970-01-01 00:00:00.000000000,0.967
TRK00106,2022-12-01,20,28835,60923.77,6.54,3,8078.73,1970-01-01 00:00:00.000000088,0.645
TRK00106,2023-01-01,20,32828,69985.32,6.47,0,0.0,1970-01-01 00:00:00.000000000,0.645
TRK00106,2023-02-01,35,52810,115773.18,6.59,0,0.0,1970-01-01 00:00:00.000000000,1.25
TRK00106,2023-03-01,33,51144,102882.91,6.58,1,243.16,1970-01-01 00:00:00.000000044,1.065
TRK00106,2023-04-01,20,18562,39603.65,6.59,0,0.0,1970-01-01 00:00:00.000000000,0.667
TRK00106,2023-05-01,26,38872,79489.21,6.57,0,0.0,1970-01-01 00:00:00.000000000,0.839
TRK00106,2023-06-01,22,32071,64721.75,6.42,2,7907.85,1970-01-01 00:00:00.000000067,0.733
TRK00106,2023-07-01,26,40363,81150.69,6.58,1,118.31,1970-01-01 00:00:00.000000035,0.839
TRK00106,2023-08-01,27,38663,86065.47,6.65,0,0.0,1970-01-01 00:00:00.000000000,0.871
TRK00106,2023-09-01,28,38885,78593.09,6.64,0,0.0,1970-01-01 00:00:00.000000000,0.933
TRK00106,2023-10-01,20,35355,72387.33,6.59,3,7055.85,1970-01-01 00:00:00.000000088,0.645
TRK00106,2023-11-01,22,35428,77760.92,6.35,0,0.0,1970-01-01 00:00:00.000000000,0.733
TRK00106,2023-12-01,24,36337,79915.76,6.47,1,3282.74,1970-01-01 00:00:00.000000023,0.774
TRK00106,2024-01-01,30,43841,91909.94,6.57,0,0.0,1970-01-01 00:00:00.000000000,0.968
TRK00106,2024-02-01,22,28690,58674.26,6.6,2,4768.02,1970-01-01 00:00:00.000000024,0.759
TRK00106,2024-03-01,22,34928,68514.63,6.4,0,0.0,1970-01-01 00:00:00.000000000,0.71
TRK00106,2024-04-01,29,47253,100380.39,6.52,1,1243.19,1970-01-01 00:00:00.000000024,0.967
TRK00106,2024-05-01,25,41048,86696.46,6.52,0,0.0,1970-01-01 00:00:00.000000000,0.806
TRK00106,2024-06-01,24,38459,89850.71,6.52,2,3387.78,1970-01-01 00:00:00.000000087,0.8
TRK00106,2024-07-01,32,42936,90113.59,6.56,0,0.0,1970-01-01 00:00:00.000000000,1.032
TRK00106,2024-08-01,33,40256,83110.91,6.34,1,658.09,1970-01-01 00:00:00.000000009,1.065
TRK00106,2024-09-01,33,42350,93276.26,6.4,1,510.92,1970-01-01 00:00:00.000000006,1.1
TRK00106,2024-10-01,29,46479,100391.93,6.49,0,0.0,1970-01-01 00:00:00.000000000,0.935
TRK00106,2024-11-01,24,32314,66032.96,6.57,2,6458.23,1970-01-01 00:00:00.000000064,0.8
TRK00106,2024-12-01,28,43462,89046.29,6.24,0,0.0,1970-01-01 00:00:00.000000000,0.903
TRK00107,2022-01-01,28,44889,96142.36,6.49,3,3112.76,1970-01-01 00:00:00.000000052,0.903
TRK00107,2022-02-01,13,18814,43809.97,6.29,1,1699.76,1970-01-01 00:00:00.000000030,0.464
TRK00107,2022-03-01,23,32574,74247.4,6.65,0,0.0,1970-01-01 00:00:00.000000000,0.742
TRK00107,2022-04-01,29,32009,69846.66,6.5,1,1771.92,1970-01-01 00:00:00.000000009,0.967
TRK00107,2022-05-01,20,22582,46976.28,6.57,0,0.0,1970-01-01 00:00:00.000000000,0.645
TRK00107,2022-06-01,32,48774,103441.63,6.57,1,2949.24,1970-01-01 00:00:00.000000039,1.067
TRK00107,2022-07-01,31,52663,114953.53,6.42,0,0.0,1970-01-01 00:00:00.000000000,1.0
TRK00107,2022-08-01,28,51101,110955.21,6.72,1,955.8,1970-01-01 00:00:00.000000040,0.903
TRK00107,2022-09-01,29,42113,93635.54,6.51,0,0.0,1970-01-01 00:00:00.000000000,0.967
TRK00107,2022-10-01,24,29354,66015.03,6.39,0,0.0,1970-01-01 00:00:00.000000000,0.774
TRK00107,2022-11-01,27,40891,89775.12,6.47,0,0.0,1970-01-01 00:00:00.000000000,0.9
TRK00107,2022-12-01,26,41545,89926.58,6.59,1,782.93,1970-01-01 00:00:00.000000027,0.839
TRK00107,2023-01-01,37,48938,107513.96,6.64,2,3385.63,1970-01-01 00:00:00.000000027,1.194
TRK00107,2023-02-01,14,21290,50738.5,6.25,0,0.0,1970-01-01 00:00:00.000000000,0.5
TRK00107,2023-03-01,25,38689,81931.86,6.58,1,799.72,1970-01-01 00:00:00.000000012,0.806
TRK00107,2023-04-01,20,30506,64179.06,6.55,2,3336.1,1970-01-01 00:00:00.000000038,0.667
TRK00107,2023-05-01,19,24820,50938.97,6.45,0,0.0,1970-01-01 00:00:00.000000000,0.613
TRK00107,2023-06-01,27,42025,91599.93,6.55,0,0.0,1970-01-01 00:00:00.000000000,0.9
TRK00107,2023-07-01,25,32486,73134.27,6.5,0,0.0,1970-01-01 00:00:00.000000000,0.806
TRK00107,2023-08-01,15,20381,44522.44,6.54,1,3347.44,1970-01-01 00:00:00.000000011,0.484
TRK00107,2023-09-01,34,45228,92727.75,6.44,0,0.0,1970-01-01 00:00:00.000000000,1.133
TRK00107,2023-10-01,23,41899,90094.54,6.35,0,0.0,1970-01-01 00:00:00.000000000,0.742
TRK00107,2023-11-01,22,36988,82115.76,6.66,0,0.0,1970-01-01 00:00:00.000000000,0.733
TRK00107,2023-12-01,18,28297,63509.18,6.4,0,0.0,1970-01-01 00:00:00.000000000,0.581
TRK00107,2024-01-01,35,56318,112269.15,6.45,1,3991.34,1970-01-01 00:00:00.000000023,1.129
TRK00107,2024-02-01,21,34518,74543.47,6.53,0,0.0,1970-01-01 00:00:00.000000000,0.724
TRK00107,2024-03-01,30,40136,85068.26,6.23,0,0.0,1970-01-01 00:00:00.000000000,0.968
TRK00107,2024-04-01,34,47864,101851.43,6.55,0,0.0,1970-01-01 00:00:00.000000000,1.133
TRK00107,2024-05-01,25,39076,84465.2,6.32,0,0.0,1970-01-01 00:00:00.000000000,0.806
TRK00107,2024-06-01,33,52518,111911.43,6.6,1,2203.9,1970-01-01 00:00:00.000000007,1.1
TRK00107,2024-07-01,29,40765,95339.51,6.31,0,0.0,1970-01-01 00:00:00.000000000,0.935
TRK00107,2024-08-01,35,52783,114472.2,6.3,1,2794.71,1970-01-01 00:00:00.000000020,1.129
TRK00107,2024-09-01,22,39127,83996.27,6.58,0,0.0,1970-01-01 00:00:00.000000000,0.733
TRK00107,2024-10-01,26,37863,79854.03,6.5,0,0.0,1970-01-01 00:00:00.000000000,0.839
TRK00107,2024-11-01,23,35782,85401.11,6.55,0,0.0,1970-01-01 00:00:00.000000000,0.767
TRK00107,2024-12-01,28,44099,100170.19,6.57,0,0.0,1970-01-01 00:00:00.000000000,0.903
TRK00108,2022-01-01,22,28421,60296.51,6.31,0,0.0,1970-01-01 00:00:00.000000000,0.71
TRK00108,2022-02-01,20,29182,62635.27,6.38,0,0.0,1970-01-01 00:00:00.000000000,0.714
TRK00108,2022-03-01,20,21325,45155.68,6.69,0,0.0,1970-01-01 00:00:00.000000000,0.645
TRK00108,2022-04-01,29,45981,104167.43,6.44,1,860.85,1970-01-01 00:00:00.000000038,0.967
TRK00108,2022-05-01,28,30267,57759.08,6.54,1,381.07,1970-01-01 00:00:00.000000013,0.903
TRK00108,2022-06-01,20,26641,58193.98,6.2,1,369.51,1970-01-01 00:00:00.000000003,0.667
TRK00108,2022-07-01,23,28376,60194.54,6.63,0,0.0,1970-01-01 00:00:00.000000000,0.742
TRK00108,2022-08-01,17,24343,48827.02,6.37,0,0.0,1970-01-01 00:00:00.000000000,0.548
TRK00108,2022-09-01,21,29144,65585.38,6.49,1,2418.79,1970-01-01 00:00:00.000000035,0.7
TRK00108,2022-10-01,29,38013,82728.07,6.49,2,1077.1,1970-01-01 00:00:00.000000075,0.935
TRK00108,2022-11-01,21,27290,59337.26,6.7,0,0.0,1970-01-01 00:00:00.000000000,0.7
TRK00108,2022-12-01,26,45278,96387.34,6.47,2,707.2,1970-01-01 00:00:00.000000050,0.839
TRK00108,2023-01-01,17,22938,50985.39,6.54,1,2319.08,1970-01-01 00:00:00.000000045,0.548
TRK00108,2023-02-01,15,19787,40456.44,6.56,1,1039.31,1970-01-01 00:00:00.000000003,0.536
TRK00108,2023-03-01,34,42185,92171.55,6.49,0,0.0,1970-01-01 00:00:00.000000000,1.097
TRK00108,2023-04-01,24,31661,70828.51,6.51,2,5143.98,1970-01-01 00:00:00.000000022,0.8
TRK00108,2023-05-01,24,39486,81916.63,6.54,1,1788.28,1970-01-01 00:00:00.000000024,0.774
TRK00108,2023-06-01,17,26036,55805.01,6.57,0,0.0,1970-01-01 00:00:00.000000000,0.567
TRK00108,2023-07-01,30,42593,90930.24,6.38,2,4914.62,1970-01-01 00:00:00.000000029,0.968
TRK00108,2023-08-01,22,28462,58035.07,6.35,2,4840.42,1970-01-01 00:00:00.000000075,0.71
TRK00108,2023-09-01,24,37555,82236.33,6.6,3,5939.73,1970-01-01 00:00:00.000000064,0.8
TRK00108,2023-10-01,23,34613,68136.64,6.59,3,3575.05,1970-01-01 00:00:00.000000088,0.742
TRK00108,2023-11-01,23,34706,76777.22,6.6,2,5448.85,1970-01-01 00:00:00.000000044,0.767
TRK00108,2023-12-01,20,30195,63276.18,6.64,0,0.0,1970-01-01 00:00:00.000000000,0.645
TRK00108,2024-01-01,23,28613,61694.08,6.52,0,0.0,1970-01-01 00:00:00.000000000,0.742
TRK00108,2024-02-01,30,39376,87664.73,6.41,1,526.66,1970-01-01 00:00:00.000000009,1.034
TRK00108,2024-03-01,29,43551,85571.01,6.45,2,3188.13,1970-01-01 00:00:00.000000072,0.935
TRK00108,2024-04-01,34,47815,97740.04,6.58,1,3684.75,1970-01-01 00:00:00.000000038,1.133
TRK00108,2024-05-01,18,22132,48532.67,6.31,0,0.0,1970-01-01 00:00:00.000000000,0.581
TRK00108,2024-06-01,18,26771,58733.94,6.44,0,0.0,1970-01-01 00:00:00.000000000,0.6
TRK00108,2024-07-01,30,39570,84439.01,6.53,0,0.0,1970-01-01 00:00:00.000000000,0.968
TRK00108,2024-08-01,22,25490,53925.2,6.6,0,0.0,1970-01-01 00:00:00.000000000,0.71
TRK00108,2024-09-01,24,35213,79783.37,6.47,0,0.0,1970-01-01 00:00:00.000000000,0.8
TRK00108,2024-10-01,19,27396,62880.77,6.77,1,1606.52,1970-01-01 00:00:00.000000016,0.613
TRK00108,2024-11-01,31,49464,112567.37,6.43,0,0.0,1970-01-01 00:00:00.000000000,1.033
TRK00108,2024-12-01,31,49639,104642.7,6.44,0,0.0,1970-01-01 00:00:00.000000000,1.0
TRK00110,2022-01-01,23,38069,81756.32,6.27,1,2107.22,1970-01-01 00:00:00.000000038,0.742
TRK00110,2022-02-01,33,43514,91445.41,6.33,0,0.0,1970-01-01 00:00:00.000000000,1.179
TRK00110,2022-03-01,23,34514,74950.49,6.41,1,1118.64,1970-01-01 00:00:00.000000008,0.742
TRK00110,2022-04-01,23,29713,60663.68,6.57,1,1042.05,1970-01-01 00:00:00.000000036,0.767
TRK00110,2022-05-01,28,46071,104312.4,6.66,0,0.0,1970-01-01 00:00:00.000000000,0.903
TRK00110,2022-06-01,24,34224,74780.87,6.38,0,0.0,1970-01-01 00:00:00.000000000,0.8
TRK00110,2022-07-01,18,31828,63662.08,6.6,0,0.0,1970-01-01 00:00:00.000000000,0.581
TRK00110,2022-08-01,29,46001,100816.69,6.45,1,2680.95,1970-01-01 00:00:00.000000018,0.935
TRK00110,2022-09-01,26,40770,89942.21,6.59,0,0.0,1970-01-01 00:00:00.000000000,0.867
TRK00110,2022-10-01,27,40217,86998.28,6.48,2,3376.11,1970-01-01 00:00:00.000000021,0.871
TRK00110,2022-11-01,19,25503,53786.31,6.39,1,2570.93,1970-01-01 00:00:00.000000012,0.633
TRK00110,2022-12-01,20,28939,64229.55,6.51,1,3055.3,1970-01-01 00:00:00.000000023,0.645
TRK00110,2023-01-01,12,16447,34657.4,6.52,1,1455.49,1970-01-01 00:00:00.000000020,0.387
TRK00110,2023-02-01,22,31571,71652.44,6.58,0,0.0,1970-01-01 00:00:00.000000000,0.786
TRK00110,2023-03-01,29,43951,95435.36,6.66,2,3748.12,1970-01-01 00:00:00.000000052,0.935
TRK00110,2023-04-01,20,28667,63944.57,6.29,0,0.0,1970-01-01 00:00:00.000000000,0.667
TRK00110,2023-05-01,26,40539,84184.58,6.5,1,205.76,1970-01-01 00:00:00.000000019,0.839
TRK00110,2023-06-01,34,51695,112546.44,6.6,0,0.0,1970-01-01 00:00:00.000000000,1.133
TRK00110,2023-07-01,27,38314,78809.23,6.57,0,0.0,1970-01-01 00:00:00.000000000,0.871
TRK00110,2023-08-01,20,24255,54139.8,6.72,1,1482.15,1970-01-01 00:00:00.000000024,0.645
TRK00110,2023-09-01,31,44920,96749.99,6.51,1,1022.45,1970-01-01 00:00:00.000000027,1.033
TRK00110,2023-10-01,22,26592,57260.57,6.6,2,4648.72,1970-01-01 00:00:00.000000048,0.71
TRK00110,2023-11-01,25,41260,87780.06,6.56,0,0.0,1970-01-01 00:00:00.000000000,0.833
TRK00110,2023-12-01,24,41251,87681.05,6.34,1,629.26,1970-01-01 00:00:00.000000043,0.774
TRK00110,2024-01-01,32,41071,85101.72,6.62,1,996.99,1970-01-01 00:00:00.000000027,1.032
TRK00110,2024-02-01,14,17762,39927.73,6.69,1,1689.05,1970-01-01 00:00:00.000000018,0.483
TRK00110,2024-03-01,19,26025,53387.42,6.59,1,1256.35,1970-01-01 00:00:00.000000042,0.613
TRK00110,2024-04-01,28,44905,92865.64,6.36,2,1493.8,1970-01-01 00:00:00.000000039,0.933
TRK00110,2024-05-01,28,39723,82602.22,6.4,1,629.91,1970-01-01 00:00:00.000000030,0.903
TRK00110,2024-06-01,28,41137,91168.35,6.51,1,3155.1,1970-01-01 00:00:00.000000008,0.933
TRK00110,2024-07-01,28,35322,73599.53,6.37,0,0.0,1970-01-01 00:00:00.000000000,0.903
TRK00110,2024-08-01,32,46949,101836.81,6.5,0,0.0,1970-01-01 00:00:00.000000000,1.032
TRK00110,2024-09-01,34,42873,92910.49,6.54,0,0.0,1970-01-01 00:00:00.000000000,1.133
TRK00110,2024-10-01,31,43590,88720.31,6.5,1,1620.53,1970-01-01 00:00:00.000000043,1.0
TRK00110,2024-11-01,29,33034,67246.63,6.56,0,0.0,1970-01-01 00:00:00.000000000,0.967
TRK00110,2024-12-01,23,32716,69289.55,6.36,1,1648.81,1970-01-01 00:00:00.000000029,0.742
TRK00111,2022-01-01,23,27173,59241.15,6.37,0,0.0,1970-01-01 00:00:00.000000000,0.742
TRK00111,2022-02-01,21,36632,84823.93,6.54,1,630.05,1970-01-01 00:00:00.000000016,0.75
TRK00111,2022-03-01,27,44668,99528.4,6.43,1,3176.02,1970-01-01 00:00:00.000000009,0.871
TRK00111,2022-04-01,30,35298,74527.6,6.41,1,3605.46,1970-01-01 00:00:00.000000005,1.0
TRK00111,2022-05-01,30,37327,82664.08,6.37,0,0.0,1970-01-01 00:00:00.000000000,0.968
TRK00111,2022-06-01,25,36497,75837.41,6.43,2,4195.98,1970-01-01 00:00:00.000000023,0.833
TRK00111,2022-07-01,32,49748,109749.46,6.46,0,0.0,1970-01-01 00:00:00.000000000,1.032
TRK00111,2022-08-01,32,43378,94066.41,6.46,2,2314.88,1970-01-01 00:00:00.000000054,1.032
TRK00111,2022-09-01,25,32223,72577.76,6.36,1,1114.84,1970-01-01 00:00:00.000000026,0.833
TRK00111,2022-10-01,26,36456,76253.7,6.6,1,3037.33,1970-01-01 00:00:00.000000035,0.839
TRK00111,2022-11-01,27,35158,79330.5,6.48,0,0.0,1970-01-01 00:00:00.000000000,0.9
TRK00111,2022-12-01,25,35618,76274.63,6.46,1,2419.11,1970-01-01 00:00:00.000000017,0.806
TRK00111,2023-01-01,23,28544,60427.53,6.35,2,5825.7,1970-01-01 00:00:00.000000009,0.742
TRK00111,2023-02-01,17,24390,52188.87,6.48,2,2462.4,1970-01-01 00:00:00.000000037,0.607
TRK00111,2023-03-01,37,57710,122479.74,6.49,0,0.0,1970-01-01 00:00:00.000000000,1.194
TRK00111,2023-04-01,19,27647,57469.96,6.37,0,0.0,1970-01-01 00:00:00.000000000,0.633
TRK00111,2023-05-01,26,36472,80836.79,6.48,0,0.0,1970-01-01 00:00:00.000000000,0.839
TRK00111,2023-06-01,33,53073,111271.12,6.54,1,2830.94,1970-01-01 00:00:00.000000021,1.1
TRK00111,2023-07-01,26,37135,82848.71,6.65,1,3777.44,1970-01-01 00:00:00.000000023,0.839
TRK00111,2023-08-01,25,37173,75674.89,6.55,1,789.21,1970-01-01 00:00:00.000000040,0.806
TRK00111,2023-09-01,26,40114,77746.04,6.5,0,0.0,1970-01-01 00:00:00.000000000,0.867
TRK00111,2023-10-01,26,38275,78655.97,6.12,3,4441.18,1970-01-01 00:00:00.000000131,0.839
TRK00111,2023-11-01,28,41746,95217.33,6.57,1,1849.17,1970-01-01 00:00:00.000000010,0.933
TRK00111,2023-12-01,27,40009,84034.13,6.53,2,5846.24,1970-01-01 00:00:00.000000051,0.871
TRK00111,2024-01-01,22,35834,77559.78,6.54,0,0.0,1970-01-01 00:00:00.000000000,0.71
TRK00111,2024-02-01,22,30464,71105.63,6.5,1,1327.36,1970-01-01 00:00:00.000000013,0.759
TRK00111,2024-03-01,26,34076,69118.75,6.67,0,0.0,1970-01-01 00:00:00.000000000,0.839
TRK00111,2024-04-01,31,38819,79430.02,6.46,0,0.0,1970-01-01 00:00:00.000000000,1.033
TRK00111,2024-05-01,21,27031,60603.45,6.56,0,0.0,1970-01-01 00:00:00.000000000,0.677
TRK00111,2024-06-01,26,35415,75236.29,6.69,2,2931.57,1970-01-01 00:00:00.000000058,0.867
TRK00111,2024-07-01,25,34720,73293.18,6.37,1,3487.77,1970-01-01 00:00:00.000000025,0.806
TRK00111,2024-08-01,23,31929,61348.54,6.55,1,470.04,1970-01-01 00:00:00.000000005,0.742
TRK00111,2024-09-01,18,31834,67666.5,6.78,0,0.0,1970-01-01 00:00:00.000000000,0.6
TRK00111,2024-10-01,28,35340,72286.31,6.46,0,0.0,1970-01-01 00:00:00.000000000,0.903
TRK00111,2024-11-01,27,36868,76298.39,6.7,0,0.0,1970-01-01 00:00:00.000000000,0.9
TRK00111,2024-12-01,24,34985,74501.81,6.38,0,0.0,1970-01-01 00:00:00.000000000,0.774
TRK00112,2022-01-01,33,46398,98464.42,6.42,1,947.99,1970-01-01 00:00:00.000000017,1.065
TRK00112,2022-02-01,17,25072,50327.29,6.51,1,3811.4,1970-01-01 00:00:00.000000022,0.607
TRK00112,2022-03-01,32,49367,105815.8,6.58,0,0.0,1970-01-01 00:00:00.000000000,1.032
TRK00112,2022-04-01,30,46175,99956.12,6.45,0,0.0,1970-01-01 00:00:00.000000000,1.0
TRK00112,2022-05-01,28,35663,82697.69,6.56,0,0.0,1970-01-01 00:00:00.000000000,0.903
TRK00112,2022-06-01,32,53343,123216.57,6.53,1,580.79,1970-01-01 00:00:00.000000032,1.067
TRK00112,2022-07-01,27,39913,82503.17,6.31,1,3400.23,1970-01-01 00:00:00.000000022,0.871
TRK00112,2022-08-01,24,32220,70587.54,6.59,0,0.0,1970-01-01 00:00:00.000000000,0.774
TRK00112,2022-09-01,22,34674,78166.33,6.31,0,0.0,1970-01-01 00:00:00.000000000,0.733
TRK00112,2022-10-01,34,44402,99726.68,6.38,0,0.0,1970-01-01 00:00:00.000000000,1.097
TRK00112,2022-11-01,25,32514,72123.75,6.7,2,6852.08,1970-01-01 00:00:00.000000049,0.833
TRK00112,2022-12-01,25,35512,80944.99,6.59,2,6132.52,1970-01-01 00:00:00.000000062,0.806
TRK00112,2023-01-01,23,33705,73130.66,6.71,0,0.0,1970-01-01 00:00:00.000000000,0.742
TRK00112,2023-02-01,23,35656,77538.14,6.46,0,0.0,1970-01-01 00:00:00.000000000,0.821
TRK00112,2023-03-01,28,40134,86484.47,6.48,0,0.0,1970-01-01 00:00:00.000000000,0.903
TRK00112,2023-04-01,27,37794,72264.03,6.47,1,1186.8,1970-01-01 00:00:00.000000041,0.9
TRK00112,2023-05-01,24,31723,69305.79,6.63,1,2768.63,1970-01-01 00:00:00.000000008,0.774
TRK00112,2023-06-01,23,29251,58337.25,6.64,1,1277.65,1970-01-01 00:00:00.000000008,0.767
TRK00112,2023-07-01,22,31442,65530.53,6.48,0,0.0,1970-01-01 00:00:00.000000000,0.71
TRK00112,2023-08-01,33,37715,78668.87,6.59,3,6106.9,1970-01-01 00:00:00.000000080,1.065
TRK00112,2023-09-01,35,54264,119887.29,6.65,0,0.0,1970-01-01 00:00:00.000000000,1.167
TRK00112,2023-10-01,18,25545,54209.18,6.54,1,2150.4,1970-01-01 00:00:00.000000008,0.581
TRK00112,2023-11-01,33,49887,101863.12,6.27,0,0.0,1970-01-01 00:00:00.000000000,1.1
TRK00112,2023-12-01,20,28506,63510.86,6.22,1,563.26,1970-01-01 00:00:00.000000027,0.645
TRK00112,2024-01-01,24,34554,75740.29,6.39,1,1524.09,1970-01-01 00:00:00.000000012,0.774
TRK00112,2024-02-01,20,28862,63424.02,6.29,3,7622.29,1970-01-01 00:00:00.000000092,0.69
TRK00112,2024-03-01,21,27286,58244.47,6.52,2,4400.84,1970-01-01 00:00:00.000000074,0.677
TRK00112,2024-04-01,22,27558,59244.71,6.4,0,0.0,1970-01-01 00:00:00.000000000,0.733
TRK00112,2024-05-01,25,37098,75808.99,6.6,0,0.0,1970-01-01 00:00:00.000000000,0.806
TRK00112,2024-06-01,22,34364,70559.83,6.55,2,2279.91,1970-01-01 00:00:00.000000019,0.733
TRK00112,2024-07-01,28,41946,98790.9,6.46,0,0.0,1970-01-01 00:00:00.000000000,0.903
TRK00112,2024-08-01,22,23731,45475.63,6.57,2,3775.75,1970-01-01 00:00:00.000000054,0.71
TRK00112,2024-09-01,30,39248,79966.35,6.64,0,0.0,1970-01-01 00:00:00.000000000,1.0
TRK00112,2024-10-01,28,33377,64629.13,6.79,0,0.0,1970-01-01 00:00:00.000000000,0.903
TRK00112,2024-11-01,25,33705,73557.37,6.5,0,0.0,1970-01-01 00:00:00.000000000,0.833
TRK00112,2024-12-01,34,43441,96531.49,6.59,0,0.0,1970-01-01 00:00:00.000000000,1.097
TRK00113,2022-01-01,31,43878,90444.92,6.38,0,0.0,1970-01-01 00:00:00.000000000,1.0
TRK00113,2022-02-01,16,23968,48634.12,6.63,2,3618.55,1970-01-01 00:00:00.000000023,0.571
TRK00113,2022-03-01,24,32423,73527.99,6.35,0,0.0,1970-01-01 00:00:00.000000000,0.774
TRK00113,2022-04-01,24,29539,63159.76,6.49,1,3081.14,1970-01-01 00:00:00.000000032,0.8
TRK00113,2022-05-01,24,28030,64201.0,6.36,2,1678.62,1970-01-01 00:00:00.000000037,0.774
TRK00113,2022-06-01,24,32562,65974.61,6.59,2,3562.2,1970-01-01 00:00:00.000000069,0.8
TRK00113,2022-07-01,24,34632,69359.24,6.48,0,0.0,1970-01-01 00:00:00.000000000,0.774
TRK00113,2022-08-01,24,34958,74127.52,6.5,0,0.0,1970-01-01 00:00:00.000000000,0.774
TRK00113,2022-09-01,29,36500,84337.09,6.47,1,1046.74,1970-01-01 00:00:00.000000032,0.967
TRK00113,2022-10-01,22,33587,72116.97,6.58,1,2164.12,1970-01-01 00:00:00.000000024,0.71
TRK00113,2022-11-01,23,31295,66060.38,6.5,1,3305.05,1970-01-01 00:00:00.000000041,0.767
TRK00113,2022-12-01,22,33103,68788.3,6.4,0,0.0,1970-01-01 00:00:00.000000000,0.71
TRK00113,2023-01-01,26,35935,75061.23,6.45,1,828.95,1970-01-01 00:00:00.000000014,0.839
TRK00113,2023-02-01,20,32124,67619.93,6.5,0,0.0,1970-01-01 00:00:00.000000000,0.714
TRK00113,2023-03-01,26,39785,88234.78,6.73,0,0.0,1970-01-01 00:00:00.000000000,0.839
TRK00113,2023-04-01,23,31461,69816.27,6.43,0,0.0,1970-01-01 00:00:00.000000000,0.767
TRK00113,2023-05-01,30,40945,92926.61,6.51,0,0.0,1970-01-01 00:00:00.000000000,0.968
TRK00113,2023-06-01,26,45192,93514.32,6.22,0,0.0,1970-01-01 00:00:00.000000000,0.867
TRK00113,2023-07-01,36,45999,100844.61,6.46,0,0.0,1970-01-01 00:00:00.000000000,1.161
TRK00113,2023-08-01,24,32199,67940.52,6.62,0,0.0,1970-01-01 00:00:00.000000000,0.774
TRK00113,2023-09-01,29,38221,84068.24,6.33,0,0.0,1970-01-01 00:00:00.000000000,0.967
TRK00113,2023-10-01,30,46570,93715.51,6.55,1,731.52,1970-01-01 00:00:00.000000044,0.968
TRK00113,2023-11-01,22,28404,59909.78,6.4,0,0.0,1970-01-01 00:00:00.000000000,0.733
TRK00113,2023-12-01,19,33308,73754.27,6.47,0,0.0,1970-01-01 00:00:00.000000000,0.613
TRK00113,2024-01-01,25,34144,70983.41,6.54,0,0.0,1970-01-01 00:00:00.000000000,0.806
TRK00113,2024-02-01,34,53179,106979.18,6.48,0,0.0,1970-01-01 00:00:00.000000000,1.172
TRK00113,2024-03-01,21,31317,69381.89,6.43,0,0.0,1970-01-01 00:00:00.000000000,0.677
TRK00113,2024-04-01,20,26001,58018.97,6.64,0,0.0,1970-01-01 00:00:00.000000000,0.667
TRK00113,2024-05-01,15,26232,54857.35,6.41,2,1349.01,1970-01-01 00:00:00.000000041,0.484
TRK00113,2024-06-01,21,34187,76528.63,6.5,1,812.03,1970-01-01 00:00:00.000000021,0.7
TRK00113,2024-07-01,20,25203,56897.46,6.37,1,1630.1,1970-01-01 00:00:00.000000046,0.645
TRK00113,2024-08-01,23,34594,72237.79,6.65,1,1234.53,1970-01-01 00:00:00.000000005,0.742
TRK00113,2024-09-01,26,41359,86081.15,6.68,1,2921.34,1970-01-01 00:00:00.000000011,0.867
TRK00113,2024-10-01,24,41973,85037.01,6.37,0,0.0,1970-01-01 00:00:00.000000000,0.774
TRK00113,2024-11-01,30,46614,94646.85,6.33,1,3647.75,1970-01-01 00:00:00.000000018,1.0
TRK00113,2024-12-01,23,26575,57538.14,6.46,1,3343.61,1970-01-01 00:00:00.000000011,0.742
TRK00114,2022-01-01,31,44591,90931.27,6.62,0,0.0,1970-01-01 00:00:00.000000000,1.0
TRK00114,2022-02-01,25,29515,57363.42,6.4,0,0.0,1970-01-01 00:00:00.000000000,0.893
TRK00114,2022-03-01,23,34192,72921.07,6.73,0,0.0,1970-01-01 00:00:00.000000000,0.742
TRK00114,2022-04-01,21,29649,67165.2,6.58,0,0.0,1970-01-01 00:00:00.000000000,0.7
TRK00114,2022-05-01,21,33544,63163.36,6.48,0,0.0,1970-01-01 00:00:00.000000000,0.677
TRK00114,2022-06-01,18,25140,54333.7,6.72,0,0.0,1970-01-01 00:00:00.000000000,0.6
TRK00114,2022-07-01,26,38906,80565.33,6.41,0,0.0,1970-01-01 00:00:00.000000000,0.839
TRK00114,2022-08-01,21,26742,55065.09,6.56,0,0.0,1970-01-01 00:00:00.000000000,0.677
TRK00114,2022-09-01,22,24459,50626.14,6.64,0,0.0,1970-01-01 00:00:00.000000000,0.733
TRK00114,2022-10-01,34,44701,97274.38,6.43,0,0.0,1970-01-01 00:00:00.000000000,1.097
TRK00114,2022-11-01,21,28781,66260.65,6.54,1,1528.71,1970-01-01 00:00:00.000000009,0.7
TRK00114,2022-12-01,26,38699,90229.4,6.39,1,885.32,1970-01-01 00:00:00.000000038,0.839
TRK00114,2023-01-01,36,51289,109124.96,6.47,0,0.0,1970-01-01 00:00:00.000000000,1.161
TRK00114,2023-02-01,17,27599,57398.4,6.48,1,136.59,1970-01-01 00:00:00.000000034,0.607
TRK00114,2023-03-01,27,35495,70281.53,6.56,1,3064.35,1970-01-01 00:00:00.000000040,0.871
TRK00114,2023-04-01,35,53215,110270.78,6.36,0,0.0,1970-01-01 00:00:00.000000000,1.167
TRK00114,2023-05-01,27,46909,104693.0,6.55,1,3004.57,1970-01-01 00:00:00.000000005,0.871
TRK00114,2023-06-01,29,39089,79960.45,6.39,1,947.06,1970-01-01 00:00:00.000000044,0.967
TRK00114,2023-07-01,31,50810,106232.47,6.48,0,0.0,1970-01-01 00:00:00.000000000,1.0
TRK00114,2023-08-01,23,31254,67931.4,6.47,0,0.0,1970-01-01 00:00:00.000000000,0.742
TRK00114,2023-09-01,26,36894,75805.47,6.54,2,3634.77,1970-01-01 00:00:00.000000020,0.867
TRK00114,2023-10-01,19,32821,70938.65,6.44,1,3883.31,1970-01-01 00:00:00.000000043,0.613
TRK00114,2023-11-01,26,39981,81816.05,6.44,2,5948.76,1970-01-01 00:00:00.000000047,0.867
TRK00114,2023-12-01,31,47115,106025.6,6.7,1,944.84,1970-01-01 00:00:00.000000009,1.0
TRK00114,2024-01-01,30,40761,89059.54,6.51,1,2850.44,1970-01-01 00:00:00.000000011,0.968
TRK00114,2024-02-01,22,28714,64421.75,6.23,1,558.17,1970-01-01 00:00:00.000000027,0.759
TRK00114,2024-03-01,19,32234,67677.22,6.42,0,0.0,1970-01-01 00:00:00.000000000,0.613
TRK00114,2024-04-01,25,40174,94857.74,6.35,0,0.0,1970-01-01 00:00:00.000000000,0.833
TRK00114,2024-05-01,20,28210,58490.32,6.32,2,4211.34,1970-01-01 00:00:00.000000084,0.645
TRK00114,2024-06-01,30,50718,104960.74,6.33,1,946.01,1970-01-01 00:00:00.000000022,1.0
TRK00114,2024-07-01,25,40754,87750.13,6.63,0,0.0,1970-01-01 00:00:00.000000000,0.806
TRK00114,2024-08-01,28,41481,92562.76,6.44,1,896.61,1970-01-01 00:00:00.000000021,0.903
TRK00114,2024-09-01,24,33867,75764.07,6.4,0,0.0,1970-01-01 00:00:00.000000000,0.8
TRK00114,2024-10-01,21,26914,59601.39,6.63,0,0.0,1970-01-01 00:00:00.000000000,0.677
TRK00114,2024-11-01,28,36229,75327.58,6.35,1,1746.45,1970-01-01 00:00:00.000000009,0.933
TRK00114,2024-12-01,20,28352,66723.65,6.59,0,0.0,1970-01-01 00:00:00.000000000,0.645
TRK00115,2022-01-01,33,52085,110764.38,6.43,0,0.0,1970-01-01 00:00:00.000000000,1.065
TRK00115,2022-02-01,22,34407,75357.24,6.4,1,992.24,1970-01-01 00:00:00.000000047,0.786
TRK00115,2022-03-01,20,34621,72524.41,6.4,0,0.0,1970-01-01 00:00:00.000000000,0.645
TRK00115,2022-04-01,26,32988,70752.09,6.4,2,1325.32,1970-01-01 00:00:00.000000061,0.867
TRK00115,2022-05-01,25,28798,59479.46,6.56,2,5251.25,1970-01-01 00:00:00.000000042,0.806
TRK00115,2022-06-01,26,31196,68349.21,6.6,0,0.0,1970-01-01 00:00:00.000000000,0.867
TRK00115,2022-07-01,26,31398,68618.18,6.61,2,3286.28,1970-01-01 00:00:00.000000044,0.839
TRK00115,2022-08-01,25,32243,69219.83,6.38,1,2098.57,1970-01-01 00:00:00.000000012,0.806
TRK00115,2022-09-01,18,24042,52010.04,6.53,1,702.34,1970-01-01 00:00:00.000000036,0.6
TRK00115,2022-10-01,36,54616,117407.91,6.42,0,0.0,1970-01-01 00:00:00.000000000,1.161
TRK00115,2022-11-01,26,35517,74664.34,6.56,0,0.0,1970-01-01 00:00:00.000000000,0.867
TRK00115,2022-12-01,24,41885,89506.26,6.72,0,0.0,1970-01-01 00:00:00.000000000,0.774
TRK00115,2023-01-01,38,50519,106290.42,6.5,0,0.0,1970-01-01 00:00:00.000000000,1.226
TRK00115,2023-02-01,23,32292,71725.38,6.78,1,1896.21,1970-01-01 00:00:00.000000019,0.821
TRK00115,2023-03-01,19,25396,53526.82,6.66,2,5758.48,1970-01-01 00:00:00.000000076,0.613
TRK00115,2023-04-01,21,31939,64692.7,6.58,1,3781.18,1970-01-01 00:00:00.000000030,0.7
TRK00115,2023-05-01,27,39760,91692.14,6.46,0,0.0,1970-01-01 00:00:00.000000000,0.871
TRK00115,2023-06-01,26,33289,69229.59,6.44,0,0.0,1970-01-01 00:00:00.000000000,0.867
TRK00115,2023-07-01,30,39884,89798.09,6.6,0,0.0,1970-01-01 00:00:00.000000000,0.968
TRK00115,2023-08-01,25,36381,74647.02,6.55,1,3087.39,1970-01-01 00:00:00.000000029,0.806
TRK00115,2023-09-01,20,25453,56324.66,6.66,0,0.0,1970-01-01 00:00:00.000000000,0.667
TRK00115,2023-10-01,32,46417,98676.3,6.58,0,0.0,1970-01-01 00:00:00.000000000,1.032
TRK00115,2023-11-01,37,46938,101243.31,6.5,3,3041.36,1970-01-01 00:00:00.000000055,1.233
TRK00115,2023-12-01,20,28161,53253.5,6.71,2,3966.54,1970-01-01 00:00:00.000000048,0.645
TRK00115,2024-01-01,31,48691,106191.01,6.45,1,1483.11,1970-01-01 00:00:00.000000042,1.0
TRK00115,2024-02-01,32,49268,103308.65,6.36,2,4714.33,1970-01-01 00:00:00.000000048,1.103
TRK00115,2024-03-01,26,36852,72637.2,6.67,1,1717.45,1970-01-01 00:00:00.000000022,0.839
TRK00115,2024-04-01,23,38208,83353.25,6.48,0,0.0,1970-01-01 00:00:00.000000000,0.767
TRK00115,2024-05-01,25,35176,80149.33,6.56,1,505.07,1970-01-01 00:00:00.000000011,0.806
TRK00115,2024-06-01,25,34640,73738.78,6.38,1,1205.57,1970-01-01 00:00:00.000000018,0.833
TRK00115,2024-07-01,26,40221,88128.36,6.39,0,0.0,1970-01-01 00:00:00.000000000,0.839
TRK00115,2024-08-01,22,32618,71935.04,6.66,2,2238.09,1970-01-01 00:00:00.000000005,0.71
TRK00115,2024-09-01,23,30217,67888.57,6.51,1,1085.93,1970-01-01 00:00:00.000000044,0.767
TRK00115,2024-10-01,39,56553,120450.73,6.38,1,3801.68,1970-01-01 00:00:00.000000012,1.258
TRK00115,2024-11-01,27,36031,74215.98,6.63,2,697.32,1970-01-01 00:00:00.000000059,0.9
TRK00115,2024-12-01,24,32522,66420.16,6.57,0,0.0,1970-01-01 00:00:00.000000000,0.774
TRK00116,2022-01-01,30,47702,97865.02,6.55,0,0.0,1970-01-01 00:00:00.000000000,0.968
TRK00116,2022-02-01,22,30267,60104.01,6.58,0,0.0,1970-01-01 00:00:00.000000000,0.786
TRK00116,2022-03-01,21,31527,67220.78,6.44,1,4058.61,1970-01-01 00:00:00.000000015,0.677
TRK00116,2022-04-01,22,34046,76771.07,6.4,0,0.0,1970-01-01 00:00:00.000000000,0.733
TRK00116,2022-05-01,30,41498,86508.7,6.47,0,0.0,1970-01-01 00:00:00.000000000,0.968
TRK00116,2022-06-01,21,31957,65752.5,6.57,1,3045.36,1970-01-01 00:00:00.000000002,0.7
TRK00116,2022-07-01,42,57087,120944.27,6.61,1,3518.68,1970-01-01 00:00:00.000000018,1.355
TRK00116,2022-08-01,33,56405,117952.0,6.51,1,4032.01,1970-01-01 00:00:00.000000013,1.065
TRK00116,2022-09-01,25,36546,85006.69,6.5,0,0.0,1970-01-01 00:00:00.000000000,0.833
TRK00116,2022-10-01,25,35003,74154.13,6.41,0,0.0,1970-01-01 00:00:00.000000000,0.806
TRK00116,2022-11-01,33,51233,117817.98,6.54,0,0.0,1970-01-01 00:00:00.000000000,1.1
TRK00116,2022-12-01,37,51196,111684.14,6.46,2,1370.9,1970-01-01 00:00:00.000000042,1.194
TRK00116,2023-01-01,27,41947,83971.49,6.43,1,2712.13,1970-01-01 00:00:00.000000024,0.871
TRK00116,2023-02-01,21,30273,66472.66,6.48,0,0.0,1970-01-01 00:00:00.000000000,0.75
TRK00116,2023-03-01,39,62781,133356.17,6.59,2,3903.09,1970-01-01 00:00:00.000000069,1.258
TRK00116,2023-04-01,25,36701,76422.07,6.57,0,0.0,1970-01-01 00:00:00.000000000,0.833
TRK00116,2023-05-01,24,31070,67071.22,6.4,1,901.1,1970-01-01 00:00:00.000000007,0.774
TRK00116,2023-06-01,22,32867,76439.04,6.52,0,0.0,1970-01-01 00:00:00.000000000,0.733
TRK00116,2023-07-01,16,26417,57713.3,6.48,0,0.0,1970-01-01 00:00:00.000000000,0.516
TRK00116,2023-08-01,25,30649,64692.78,6.4,1,492.74,1970-01-01 00:00:00.000000004,0.806
TRK00116,2023-09-01,25,30333,67164.57,6.49,1,253.84,1970-01-01 00:00:00.000000046,0.833
TRK00116,2023-10-01,16,23819,51861.03,6.29,3,7971.65,1970-01-01 00:00:00.000000047,0.516
TRK00116,2023-11-01,24,31029,62507.19,6.63,0,0.0,1970-01-01 00:00:00.000000000,0.8
TRK00116,2023-12-01,29,35935,77941.5,6.67,0,0.0,1970-01-01 00:00:00.000000000,0.935
TRK00116,2024-01-01,15,22078,46498.21,6.25,0,0.0,1970-01-01 00:00:00.000000000,0.484
TRK00116,2024-02-01,26,42928,98344.35,6.46,0,0.0,1970-01-01 00:00:00.000000000,0.897
TRK00116,2024-03-01,20,30561,73173.74,6.45,0,0.0,1970-01-01 00:00:00.000000000,0.645
TRK00116,2024-04-01,23,31588,66961.91,6.5,0,0.0,1970-01-01 00:00:00.000000000,0.767
TRK00116,2024-05-01,30,42848,83091.05,6.44,0,0.0,1970-01-01 00:00:00.000000000,0.968
TRK00116,2024-06-01,18,26065,57338.9,6.46,0,0.0,1970-01-01 00:00:00.000000000,0.6
TRK00116,2024-07-01,25,29825,63975.56,6.57,1,3497.91,1970-01-01 00:00:00.000000041,0.806
TRK00116,2024-08-01,16,23259,51256.87,6.45,0,0.0,1970-01-01 00:00:00.000000000,0.516
TRK00116,2024-09-01,26,37898,81262.12,6.48,0,0.0,1970-01-01 00:00:00.000000000,0.867
TRK00116,2024-10-01,16,22214,46361.99,6.4,0,0.0,1970-01-01 00:00:00.000000000,0.516
TRK00116,2024-11-01,32,46302,100165.02,6.54,1,3143.96,1970-01-01 00:00:00.000000005,1.067
TRK00116,2024-12-01,25,36884,79957.01,6.56,1,834.86,1970-01-01 00:00:00.000000027,0.806
TRK00120,2022-01-01,31,44208,96676.48,6.61,1,3527.66,1970-01-01 00:00:00.000000043,1.0
TRK00120,2022-02-01,28,41028,90774.8,6.59,0,0.0,1970-01-01 00:00:00.000000000,1.0
TRK00120,2022-03-01,20,24540,48295.18,6.6,1,3228.01,1970-01-01 00:00:00.000000043,0.645
TRK00120,2022-04-01,21,34245,74535.62,6.1,1,2612.67,1970-01-01 00:00:00.000000040,0.7
TRK00120,2022-05-01,19,28593,59214.7,6.59,0,0.0,1970-01-01 00:00:00.000000000,0.613
TRK00120,2022-06-01,23,30854,68935.89,6.49,0,0.0,1970-01-01 00:00:00.000000000,0.767
TRK00120,2022-07-01,27,44281,91674.57,6.55,1,1645.92,1970-01-01 00:00:00.000000003,0.871
TRK00120,2022-08-01,37,53687,109013.33,6.48,0,0.0,1970-01-01 00:00:00.000000000,1.194
TRK00120,2022-09-01,28,42968,96388.4,6.62,2,1944.9,1970-01-01 00:00:00.000000068,0.933
TRK00120,2022-10-01,29,40796,84760.54,6.45,0,0.0,1970-01-01 00:00:00.000000000,0.935
TRK00120,2022-11-01,30,42788,95655.19,6.42,1,2425.28,1970-01-01 00:00:00.000000035,1.0
TRK00120,2022-12-01,24,32178,73746.31,6.56,0,0.0,1970-01-01 00:00:00.000000000,0.774
TRK00120,2023-01-01,20,31135,73142.01,6.38,0,0.0,1970-01-01 00:00:00.000000000,0.645
TRK00120,2023-02-01,36,50974,106255.97,6.41,0,0.0,1970-01-01 00:00:00.000000000,1.286
TRK00120,2023-03-01,26,35813,79532.64,6.53,2,3497.89,1970-01-01 00:00:00.000000060,0.839
TRK00120,2023-04-01,22,38118,83926.33,6.49,0,0.0,1970-01-01 00:00:00.000000000,0.733
TRK00120,2023-05-01,21,31356,68805.53,6.49,0,0.0,1970-01-01 00:00:00.000000000,0.677
TRK00120,2023-06-01,27,36188,76427.42,6.57,0,0.0,1970-01-01 00:00:00.000000000,0.9
TRK00120,2023-07-01,31,43100,96651.49,6.54,1,1008.67,1970-01-01 00:00:00.000000012,1.0
TRK00120,2023-08-01,28,39819,78992.43,6.64,1,1755.15,1970-01-01 00:00:00.000000002,0.903
TRK00120,2023-09-01,20,33543,70263.3,6.29,0,0.0,1970-01-01 00:00:00.000000000,0.667
TRK00120,2023-10-01,23,29282,68076.14,6.43,1,1596.92,1970-01-01 00:00:00.000000016,0.742
TRK00120,2023-11-01,28,50957,109333.98,6.38,3,6520.36,1970-01-01 00:00:00.000000081,0.933
TRK00120,2023-12-01,23,32383,66509.0,6.64,0,0.0,1970-01-01 00:00:00.000000000,0.742
TRK00120,2024-01-01,21,30528,70941.69,6.78,0,0.0,1970-01-01 00:00:00.000000000,0.677
TRK00120,2024-02-01,24,39288,83459.15,6.43,1,1290.03,1970-01-01 00:00:00.000000027,0.828
TRK00120,2024-03-01,22,34367,71110.53,6.42,2,4197.68,1970-01-01 00:00:00.000000037,0.71
TRK00120,2024-04-01,21,33490,70638.75,6.49,1,3141.13,1970-01-01 00:00:00.000000036,0.7
TRK00120,2024-05-01,25,36392,75633.48,6.55,0,0.0,1970-01-01 00:00:00.000000000,0.806
TRK00120,2024-06-01,21,30340,67435.12,6.55,0,0.0,1970-01-01 00:00:00.000000000,0.7
TRK00120,2024-07-01,37,59526,128824.77,6.31,0,0.0,1970-01-01 00:00:00.000000000,1.194
TRK00120,2024-08-01,15,19931,47939.96,6.29,1,861.08,1970-01-01 00:00:00.000000047,0.484
TRK00120,2024-09-01,20,29583,64748.71,6.53,0,0.0,1970-01-01 00:00:00.000000000,0.667
TRK00120,2024-10-01,20,22229,49688.65,6.48,4,7341.49,1970-01-01 00:00:00.000000131,0.645
TRK00120,2024-11-01,25,38435,78366.23,6.39,1,1845.34,1970-01-01 00:00:00.000000038,0.833
TRK00120,2024-12-01,18,22642,50482.64,6.42,1,998.21,1970-01-01 00:00:00.000000006,0.581
